{"tv":"1.0.0","fix":"tutucloud.com","v":"5.5.5","fr":25,"ip":0,"op":612,"w":1920,"h":1080,"nm":"欢迎来到我们的婚礼","ddd":0,"assets":[{"ty":2,"id":"audio_0","u":"audios/","p":"audio_0.mp3","e":0,"nm":"re_aud_Daddy+Yankee-Dura 加前奏.mp3","du":51.5918367346939},{"ty":1,"id":"image_0","w":1920,"h":1080,"u":"images/","p":"img_0.png","e":0,"nm":"re_img_11"},{"ty":1,"id":"image_1","w":1920,"h":1080,"u":"images/","p":"img_1.png","e":0,"nm":"re_img_10"},{"ty":1,"id":"image_2","w":160,"h":160,"u":"images/","p":"img_2.png","e":0,"nm":"大"},{"ty":1,"id":"image_3","w":160,"h":160,"u":"images/","p":"img_3.png","e":0,"nm":"小 2"},{"ty":1,"id":"image_4","w":640,"h":1080,"u":"images/","p":"img_4.png","e":0,"nm":"re_img_9"},{"ty":1,"id":"image_5","w":640,"h":1080,"u":"images/","p":"img_5.png","e":0,"nm":"re_img_7"},{"ty":1,"id":"image_6","w":640,"h":1080,"u":"images/","p":"img_6.png","e":0,"nm":"re_img_6"},{"ty":1,"id":"image_7","w":640,"h":1080,"u":"images/","p":"img_7.png","e":0,"nm":"re_img_8"},{"ty":1,"id":"image_8","w":160,"h":160,"u":"images/","p":"img_8.png","e":0,"nm":"sparkling-.png"},{"ty":1,"id":"image_9","w":160,"h":160,"u":"images/","p":"img_9.png","e":0,"nm":"smiling.png"},{"ty":1,"id":"image_10","w":640,"h":360,"u":"images/","p":"img_10.png","e":0,"nm":"re_img_vid_0"},{"ty":1,"id":"image_11","w":640,"h":360,"u":"images/","p":"img_11.png","e":0,"nm":"re_img_4"},{"ty":1,"id":"image_12","w":640,"h":360,"u":"images/","p":"img_12.png","e":0,"nm":"re_img_3"},{"ty":1,"id":"image_13","w":640,"h":360,"u":"images/","p":"img_13.png","e":0,"nm":"re_img_2"},{"ty":1,"id":"image_14","w":640,"h":360,"u":"images/","p":"img_14.png","e":0,"nm":"re_img_0"},{"ty":1,"id":"image_15","w":640,"h":360,"u":"images/","p":"img_15.png","e":0,"nm":"re_img_1"},{"ty":1,"id":"image_16","w":658,"h":439,"u":"images/","p":"img_16.png","e":0,"nm":"5.png"},{"id":"comp_0","layers":[{"ddd":0,"ind":1,"ty":0,"nm":"T03","refId":"comp_1","sr":1,"ks":{"o":{"a":0,"k":100,"ix":11},"r":{"a":0,"k":0,"ix":10},"p":{"a":0,"k":[960,540,0],"ix":2},"a":{"a":0,"k":[960,540,0],"ix":1},"s":{"a":0,"k":[100,100,100],"ix":6}},"ao":0,"w":1920,"h":1080,"ip":50,"op":108,"st":50,"bm":0},{"ddd":0,"ind":2,"ty":0,"nm":"P13","refId":"comp_2","sr":1,"ks":{"o":{"a":0,"k":100,"ix":11},"r":{"a":0,"k":0,"ix":10},"p":{"a":0,"k":[960,540,0],"ix":2},"a":{"a":0,"k":[960,540,0],"ix":1},"s":{"a":0,"k":[100,100,100],"ix":6}},"ao":0,"w":1920,"h":1080,"ip":50,"op":108,"st":50,"bm":0},{"ddd":0,"ind":3,"ty":0,"nm":"T02","refId":"comp_3","sr":1,"ks":{"o":{"a":0,"k":100,"ix":11},"r":{"a":0,"k":0,"ix":10},"p":{"a":0,"k":[960,540,0],"ix":2},"a":{"a":0,"k":[960,540,0],"ix":1},"s":{"a":0,"k":[100,100,100],"ix":6}},"ao":0,"w":1920,"h":1080,"ip":0,"op":108,"st":0,"bm":0},{"ddd":0,"ind":4,"ty":0,"nm":"P11","refId":"comp_4","sr":1,"ks":{"o":{"a":0,"k":100,"ix":11},"r":{"a":0,"k":0,"ix":10},"p":{"a":0,"k":[960,540,0],"ix":2},"a":{"a":0,"k":[960,540,0],"ix":1},"s":{"a":0,"k":[100,100,100],"ix":6}},"ao":0,"w":1920,"h":1080,"ip":0,"op":108,"st":0,"bm":0}]},{"id":"comp_1","layers":[{"ddd":0,"ind":1,"ty":5,"nm":"re_txt_12.29","cl":"29","sr":1,"ks":{"o":{"a":0,"k":100,"ix":11},"r":{"a":0,"k":0,"ix":10},"p":{"a":1,"k":[{"i":{"x":0.667,"y":1},"o":{"x":0.333,"y":0},"t":22,"s":[1003.515,759.1,0],"to":[42.333,0,0],"ti":[0,0,0]},{"i":{"x":0.667,"y":1},"o":{"x":0.333,"y":0},"t":24.25,"s":[1257.515,759.1,0],"to":[0,0,0],"ti":[16.667,0,0]},{"i":{"x":0.667,"y":1},"o":{"x":0.333,"y":0},"t":26.5,"s":[1003.515,759.1,0],"to":[-16.667,0,0],"ti":[0,0,0]},{"i":{"x":0.667,"y":1},"o":{"x":0.333,"y":0},"t":28.75,"s":[1157.515,759.1,0],"to":[0,0,0],"ti":[25.667,0,0]},{"t":31,"s":[1003.515,759.1,0]}],"ix":2},"a":{"a":0,"k":[0,0,0],"ix":1},"s":{"a":0,"k":[94,94,100],"ix":6}},"ao":0,"t":{"d":{"k":[{"s":{"s":700,"f":"SourceHanSansCN-Bold","nm":"re_txt_12.30","t":"12.29","j":2,"tr":-1,"lh":840,"ls":0,"fc":[1,1,1]},"t":0}]},"p":{},"m":{"g":1,"a":{"a":0,"k":[0,0],"ix":2}},"a":[]},"ip":0,"op":126,"st":0,"bm":0}]},{"id":"comp_2","layers":[{"ddd":0,"ind":1,"ty":2,"nm":"re_img_11","refId":"image_0","sr":1,"ks":{"o":{"a":0,"k":100,"ix":11},"r":{"a":0,"k":0,"ix":10},"p":{"a":0,"k":[960,540,0],"ix":2},"a":{"a":0,"k":[960,540,0],"ix":1},"s":{"a":0,"k":[100,100,100],"ix":6}},"ao":0,"ip":0,"op":126,"st":0,"bm":0}]},{"id":"comp_3","layers":[{"ddd":0,"ind":1,"ty":5,"nm":"re_txt_2019","sr":1,"ks":{"o":{"a":0,"k":100,"ix":11},"r":{"a":0,"k":0,"ix":10},"p":{"a":1,"k":[{"i":{"x":0.833,"y":0.833},"o":{"x":0.167,"y":0.167},"t":23,"s":[1014.663,765.7,0],"to":[0,-28.617,0],"ti":[0,0,0]},{"i":{"x":0.833,"y":0.833},"o":{"x":0.167,"y":0.167},"t":26,"s":[1014.663,594,0],"to":[0,0,0],"ti":[0,-3.333,0]},{"i":{"x":0.833,"y":0.833},"o":{"x":0.167,"y":0.167},"t":29,"s":[1014.663,765.7,0],"to":[0,3.333,0],"ti":[0.617,1.1,0]},{"i":{"x":0.833,"y":0.833},"o":{"x":0.167,"y":0.167},"t":32,"s":[1014.663,614,0],"to":[-0.617,-1.1,0],"ti":[0.617,-24.183,0]},{"t":35,"s":[1010.96,759.1,0]}],"ix":2},"a":{"a":0,"k":[0,0,0],"ix":1},"s":{"a":0,"k":[100,100,100],"ix":6}},"ao":0,"t":{"d":{"k":[{"s":{"s":700,"f":"SourceHanSansCN-Bold","nm":"re_txt_2020","t":"2019","j":2,"tr":-1,"lh":840,"ls":0,"fc":[1,1,1]},"t":0}]},"p":{},"m":{"g":1,"a":{"a":0,"k":[0,0],"ix":2}},"a":[]},"ip":0,"op":126,"st":0,"bm":0}]},{"id":"comp_4","layers":[{"ddd":0,"ind":1,"ty":2,"nm":"re_img_10","refId":"image_1","sr":1,"ks":{"o":{"a":0,"k":100,"ix":11},"r":{"a":0,"k":0,"ix":10},"p":{"a":0,"k":[960,540,0],"ix":2},"a":{"a":0,"k":[960,540,0],"ix":1},"s":{"a":0,"k":[100,100,100],"ix":6}},"ao":0,"ip":0,"op":126,"st":0,"bm":0}]},{"id":"comp_5","layers":[{"ddd":0,"ind":1,"ty":0,"nm":"星星 Comp 2","refId":"comp_6","sr":0.7,"ks":{"o":{"a":0,"k":100,"ix":11},"r":{"a":0,"k":0,"ix":10},"p":{"a":1,"k":[{"i":{"x":0.833,"y":0.833},"o":{"x":0.167,"y":0.167},"t":24.167,"s":[1611,540,0],"to":[0,-117.333,0],"ti":[0,117.333,0]},{"t":30.0000813802083,"s":[1611,-164,0]}],"ix":2},"a":{"a":0,"k":[960,540,0],"ix":1},"s":{"a":0,"k":[100,100,100],"ix":6}},"ao":0,"w":1920,"h":1080,"ip":0,"op":125,"st":0,"bm":0},{"ddd":0,"ind":2,"ty":0,"nm":"P10","refId":"comp_8","sr":1,"ks":{"o":{"a":0,"k":100,"ix":11},"r":{"a":0,"k":0,"ix":10},"p":{"a":1,"k":[{"i":{"x":0.667,"y":1},"o":{"x":0.333,"y":0},"t":89.167,"s":[1604,-541,0],"to":[0,180.167,0],"ti":[0,-150.667,0]},{"i":{"x":0.667,"y":1},"o":{"x":0.333,"y":0},"t":92.527,"s":[1604,540,0],"to":[0,150.667,0],"ti":[0,0,0]},{"i":{"x":0.667,"y":1},"o":{"x":0.333,"y":0},"t":96.167,"s":[1604,363,0],"to":[0,0,0],"ti":[0,-29.5,0]},{"t":99.6663411458333,"s":[1604,540,0]}],"ix":2},"a":{"a":0,"k":[320,540,0],"ix":1},"s":{"a":0,"k":[100,100,100],"ix":6}},"ao":0,"w":640,"h":1080,"ip":88.3333333333333,"op":125,"st":88.3333333333333,"bm":0},{"ddd":0,"ind":3,"ty":0,"nm":"P10","refId":"comp_8","sr":1,"ks":{"o":{"a":0,"k":100,"ix":11},"r":{"a":0,"k":0,"ix":10},"p":{"a":1,"k":[{"i":{"x":0.667,"y":1},"o":{"x":0.333,"y":0},"t":89.167,"s":[318,-541,0],"to":[0,180.167,0],"ti":[0,-150.667,0]},{"i":{"x":0.667,"y":1},"o":{"x":0.333,"y":0},"t":92.527,"s":[318,540,0],"to":[0,150.667,0],"ti":[0,0,0]},{"i":{"x":0.667,"y":1},"o":{"x":0.333,"y":0},"t":96.167,"s":[318,363,0],"to":[0,0,0],"ti":[0,-29.5,0]},{"t":99.6663411458333,"s":[318,540,0]}],"ix":2},"a":{"a":0,"k":[320,540,0],"ix":1},"s":{"a":0,"k":[100,100,100],"ix":6}},"ao":0,"w":640,"h":1080,"ip":88.3333333333333,"op":125,"st":88.3333333333333,"bm":0},{"ddd":0,"ind":4,"ty":0,"nm":"星星 Comp 2","refId":"comp_6","sr":1,"ks":{"o":{"a":0,"k":100,"ix":11},"r":{"a":0,"k":0,"ix":10},"p":{"a":0,"k":[1613,540,0],"ix":2},"a":{"a":0,"k":[960,540,0],"ix":1},"s":{"a":0,"k":[100,100,100],"ix":6}},"ao":0,"w":1920,"h":1080,"ip":88.3333333333333,"op":125,"st":88.3333333333333,"bm":0},{"ddd":0,"ind":6,"ty":0,"nm":"P08","refId":"comp_9","sr":1,"ks":{"o":{"a":0,"k":100,"ix":11},"r":{"a":0,"k":0,"ix":10},"p":{"a":1,"k":[{"i":{"x":0.833,"y":0.833},"o":{"x":0.167,"y":0.167},"t":24.167,"s":[960,1620,0],"to":[0,-180,0],"ti":[0,180,0]},{"i":{"x":0.833,"y":0.833},"o":{"x":0.167,"y":0.167},"t":30,"s":[960,540,0],"to":[0,0,0],"ti":[0,0,0]},{"i":{"x":0.833,"y":0.833},"o":{"x":0.167,"y":0.167},"t":58.333,"s":[960,540,0],"to":[-106.667,0,0],"ti":[106.667,0,0]},{"t":65.8333333333333,"s":[320,540,0]}],"ix":2},"a":{"a":0,"k":[320,540,0],"ix":1},"s":{"a":0,"k":[100,100,100],"ix":6}},"ao":0,"w":640,"h":1080,"ip":24.1666666666667,"op":66.6666666666667,"st":24.1666666666667,"bm":0},{"ddd":0,"ind":7,"ty":0,"nm":"P07 comp 2","refId":"comp_10","sr":1,"ks":{"o":{"a":0,"k":100,"ix":11},"r":{"a":0,"k":0,"ix":10},"p":{"a":1,"k":[{"i":{"x":0.833,"y":0.833},"o":{"x":0.167,"y":0.167},"t":24.167,"s":[1604,540,0],"to":[0,-180.333,0],"ti":[0,180.333,0]},{"t":30,"s":[1604,-542,0]}],"ix":2},"a":{"a":0,"k":[320,540,0],"ix":1},"s":{"a":1,"k":[{"i":{"x":[0.833,0.833,0.833],"y":[0.833,0.833,0.833]},"o":{"x":[0.167,0.167,0.167],"y":[0.167,0.167,0.167]},"t":0,"s":[150,150,100]},{"i":{"x":[0.833,0.833,0.833],"y":[0.833,0.833,0.833]},"o":{"x":[0.167,0.167,0.167],"y":[0.167,0.167,0.167]},"t":2.5,"s":[100,100,100]},{"i":{"x":[0.833,0.833,0.833],"y":[0.833,0.833,0.833]},"o":{"x":[0.167,0.167,0.167],"y":[0.167,0.167,0.167]},"t":5,"s":[120,120,100]},{"t":7.5,"s":[100,100,100]}],"ix":6}},"ao":0,"w":640,"h":1080,"ip":0,"op":66.6666666666667,"st":0,"bm":0},{"ddd":0,"ind":8,"ty":0,"nm":"P07 comp","refId":"comp_10","sr":1,"ks":{"o":{"a":0,"k":100,"ix":11},"r":{"a":0,"k":0,"ix":10},"p":{"a":1,"k":[{"i":{"x":0.833,"y":0.833},"o":{"x":0.167,"y":0.167},"t":24.167,"s":[319,540,0],"to":[0,-180.333,0],"ti":[0,180.333,0]},{"t":30,"s":[319,-542,0]}],"ix":2},"a":{"a":0,"k":[320,540,0],"ix":1},"s":{"a":1,"k":[{"i":{"x":[0.833,0.833,0.833],"y":[0.833,0.833,0.833]},"o":{"x":[0.167,0.167,0.167],"y":[0.167,0.167,0.167]},"t":0,"s":[150,150,100]},{"i":{"x":[0.833,0.833,0.833],"y":[0.833,0.833,0.833]},"o":{"x":[0.167,0.167,0.167],"y":[0.167,0.167,0.167]},"t":2.5,"s":[100,100,100]},{"i":{"x":[0.833,0.833,0.833],"y":[0.833,0.833,0.833]},"o":{"x":[0.167,0.167,0.167],"y":[0.167,0.167,0.167]},"t":5,"s":[120,120,100]},{"t":7.5,"s":[100,100,100]}],"ix":6}},"ao":0,"w":640,"h":1080,"ip":0,"op":66.6666666666667,"st":0,"bm":0},{"ddd":0,"ind":9,"ty":0,"nm":"右侧星星","refId":"comp_6","sr":0.7,"ks":{"o":{"a":0,"k":100,"ix":11},"r":{"a":0,"k":0,"ix":10},"p":{"a":0,"k":[2259,540,0],"ix":2},"a":{"a":0,"k":[960,540,0],"ix":1},"s":{"a":0,"k":[100,100,100],"ix":6}},"ao":0,"w":1920,"h":1080,"ip":0,"op":125,"st":0,"bm":0},{"ddd":0,"ind":10,"ty":0,"nm":"左侧星星","refId":"comp_6","sr":0.7,"ks":{"o":{"a":0,"k":100,"ix":11},"r":{"a":0,"k":0,"ix":10},"p":{"a":0,"k":[960,540,0],"ix":2},"a":{"a":0,"k":[960,540,0],"ix":1},"s":{"a":0,"k":[100,100,100],"ix":6}},"ao":0,"w":1920,"h":1080,"ip":0,"op":57.5,"st":0,"bm":0},{"ddd":0,"ind":11,"ty":0,"nm":"a1.640x1080","cl":"640x1080","refId":"comp_12","sr":1,"ks":{"o":{"a":0,"k":100,"ix":11},"r":{"a":0,"k":0,"ix":10},"p":{"a":1,"k":[{"i":{"x":0.833,"y":0.833},"o":{"x":0.167,"y":0.167},"t":58.333,"s":[1600,540,0],"to":[-106.667,0,0],"ti":[74.333,0,0]},{"i":{"x":0.833,"y":0.833},"o":{"x":0.167,"y":0.167},"t":64.427,"s":[960,540,0],"to":[-74.333,0,0],"ti":[0,0,0]},{"i":{"x":0.833,"y":0.833},"o":{"x":0.167,"y":0.167},"t":66.38,"s":[1154,540,0],"to":[0,0,0],"ti":[32.333,0,0]},{"i":{"x":0.833,"y":0.833},"o":{"x":0.167,"y":0.167},"t":68.333,"s":[960,540,0],"to":[0,0,0],"ti":[0,0,0]},{"i":{"x":0.833,"y":0.833},"o":{"x":0.167,"y":0.167},"t":89.167,"s":[960,540,0],"to":[0,180.167,0],"ti":[0,-180.167,0]},{"t":96.6666666666667,"s":[960,1621,0]}],"ix":2},"a":{"a":0,"k":[320,540,0],"ix":1},"s":{"a":0,"k":[100,100,100],"ix":6}},"ao":0,"w":640,"h":1080,"ip":57.5,"op":125,"st":57.5,"bm":0},{"ddd":0,"ind":12,"ty":1,"nm":"浅色 红色 纯色 2","sr":1,"ks":{"o":{"a":0,"k":100,"ix":11},"r":{"a":0,"k":0,"ix":10},"p":{"a":0,"k":[960,540,0],"ix":2},"a":{"a":0,"k":[960,540,0],"ix":1},"s":{"a":0,"k":[100,100,100],"ix":6}},"ao":0,"sw":1920,"sh":1080,"sc":"#ffdbdf","ip":0,"op":125,"st":0,"bm":0}]},{"id":"comp_6","layers":[{"ddd":0,"ind":1,"ty":0,"nm":"星星 Comp 1","refId":"comp_7","sr":1,"ks":{"o":{"a":0,"k":100,"ix":11},"r":{"a":0,"k":0,"ix":10},"p":{"a":0,"k":[320,540,0],"ix":2},"a":{"a":0,"k":[250,250,0],"ix":1},"s":{"a":0,"k":[130,130,100],"ix":6}},"ao":0,"w":500,"h":500,"ip":458.333333333333,"op":503.333333333333,"st":458.333333333333,"bm":0},{"ddd":0,"ind":2,"ty":0,"nm":"星星 Comp 1","refId":"comp_7","sr":1,"ks":{"o":{"a":0,"k":100,"ix":11},"r":{"a":0,"k":0,"ix":10},"p":{"a":0,"k":[320,540,0],"ix":2},"a":{"a":0,"k":[250,250,0],"ix":1},"s":{"a":0,"k":[130,130,100],"ix":6}},"ao":0,"w":500,"h":500,"ip":412.5,"op":458.333333333333,"st":412.5,"bm":0},{"ddd":0,"ind":3,"ty":0,"nm":"星星 Comp 1","refId":"comp_7","sr":1,"ks":{"o":{"a":0,"k":100,"ix":11},"r":{"a":0,"k":0,"ix":10},"p":{"a":0,"k":[320,540,0],"ix":2},"a":{"a":0,"k":[250,250,0],"ix":1},"s":{"a":0,"k":[130,130,100],"ix":6}},"ao":0,"w":500,"h":500,"ip":366.666666666667,"op":412.5,"st":366.666666666667,"bm":0},{"ddd":0,"ind":4,"ty":0,"nm":"星星 Comp 1","refId":"comp_7","sr":1,"ks":{"o":{"a":0,"k":100,"ix":11},"r":{"a":0,"k":0,"ix":10},"p":{"a":0,"k":[320,540,0],"ix":2},"a":{"a":0,"k":[250,250,0],"ix":1},"s":{"a":0,"k":[130,130,100],"ix":6}},"ao":0,"w":500,"h":500,"ip":320.833333333333,"op":366.666666666667,"st":320.833333333333,"bm":0},{"ddd":0,"ind":5,"ty":0,"nm":"星星 Comp 1","refId":"comp_7","sr":1,"ks":{"o":{"a":0,"k":100,"ix":11},"r":{"a":0,"k":0,"ix":10},"p":{"a":0,"k":[320,540,0],"ix":2},"a":{"a":0,"k":[250,250,0],"ix":1},"s":{"a":0,"k":[130,130,100],"ix":6}},"ao":0,"w":500,"h":500,"ip":275,"op":320.833333333333,"st":275,"bm":0},{"ddd":0,"ind":6,"ty":0,"nm":"星星 Comp 1","refId":"comp_7","sr":1,"ks":{"o":{"a":0,"k":100,"ix":11},"r":{"a":0,"k":0,"ix":10},"p":{"a":0,"k":[320,540,0],"ix":2},"a":{"a":0,"k":[250,250,0],"ix":1},"s":{"a":0,"k":[130,130,100],"ix":6}},"ao":0,"w":500,"h":500,"ip":229.166666666667,"op":275,"st":229.166666666667,"bm":0},{"ddd":0,"ind":7,"ty":0,"nm":"星星 Comp 1","refId":"comp_7","sr":1,"ks":{"o":{"a":0,"k":100,"ix":11},"r":{"a":0,"k":0,"ix":10},"p":{"a":0,"k":[320,540,0],"ix":2},"a":{"a":0,"k":[250,250,0],"ix":1},"s":{"a":0,"k":[130,130,100],"ix":6}},"ao":0,"w":500,"h":500,"ip":183.333333333333,"op":229.166666666667,"st":183.333333333333,"bm":0},{"ddd":0,"ind":8,"ty":0,"nm":"星星 Comp 1","refId":"comp_7","sr":1,"ks":{"o":{"a":0,"k":100,"ix":11},"r":{"a":0,"k":0,"ix":10},"p":{"a":0,"k":[320,540,0],"ix":2},"a":{"a":0,"k":[250,250,0],"ix":1},"s":{"a":0,"k":[130,130,100],"ix":6}},"ao":0,"w":500,"h":500,"ip":137.5,"op":183.333333333333,"st":137.5,"bm":0},{"ddd":0,"ind":9,"ty":0,"nm":"星星 Comp 1","refId":"comp_7","sr":1,"ks":{"o":{"a":0,"k":100,"ix":11},"r":{"a":0,"k":0,"ix":10},"p":{"a":0,"k":[320,540,0],"ix":2},"a":{"a":0,"k":[250,250,0],"ix":1},"s":{"a":0,"k":[130,130,100],"ix":6}},"ao":0,"w":500,"h":500,"ip":91.6666666666667,"op":137.5,"st":91.6666666666667,"bm":0},{"ddd":0,"ind":10,"ty":0,"nm":"星星 Comp 1","refId":"comp_7","sr":1,"ks":{"o":{"a":0,"k":100,"ix":11},"r":{"a":0,"k":0,"ix":10},"p":{"a":0,"k":[320,540,0],"ix":2},"a":{"a":0,"k":[250,250,0],"ix":1},"s":{"a":0,"k":[130,130,100],"ix":6}},"ao":0,"w":500,"h":500,"ip":45.8333333333333,"op":91.6666666666667,"st":45.8333333333333,"bm":0},{"ddd":0,"ind":11,"ty":0,"nm":"星星 Comp 1","refId":"comp_7","sr":1,"ks":{"o":{"a":0,"k":100,"ix":11},"r":{"a":0,"k":0,"ix":10},"p":{"a":0,"k":[320,540,0],"ix":2},"a":{"a":0,"k":[250,250,0],"ix":1},"s":{"a":0,"k":[130,130,100],"ix":6}},"ao":0,"w":500,"h":500,"ip":0,"op":45.8333333333333,"st":0,"bm":0}]},{"id":"comp_7","layers":[{"ddd":0,"ind":1,"ty":2,"nm":"大","refId":"image_2","sr":1,"ks":{"o":{"a":1,"k":[{"i":{"x":[0.833],"y":[0.833]},"o":{"x":[0.167],"y":[0.167]},"t":0,"s":[0]},{"i":{"x":[0.833],"y":[0.833]},"o":{"x":[0.167],"y":[0.167]},"t":6.667,"s":[100]},{"i":{"x":[0.833],"y":[0.833]},"o":{"x":[0.167],"y":[0.167]},"t":40,"s":[100]},{"t":41.6666666666667,"s":[0]}],"ix":11},"r":{"a":0,"k":0,"ix":10},"p":{"a":1,"k":[{"i":{"x":0.833,"y":0.833},"o":{"x":0.167,"y":0.167},"t":6.667,"s":[271.688,246.5,0],"to":[1.333,-22.833,0],"ti":[-1.333,22.833,0]},{"t":40,"s":[279.688,109.5,0]}],"ix":2},"a":{"a":0,"k":[96.055,73.92,0],"ix":1},"s":{"a":1,"k":[{"i":{"x":[0.833,0.833,0.833],"y":[0.833,0.833,0.833]},"o":{"x":[0.167,0.167,0.167],"y":[0.167,0.167,0.167]},"t":0,"s":[0,0,100]},{"t":6.66666666666667,"s":[50,50,100]}],"ix":6}},"ao":0,"ef":[{"ty":5,"nm":"颜色键","np":6,"mn":"ADBE Color Key","ix":1,"en":1,"ef":[{"ty":2,"nm":"主色","mn":"ADBE Color Key-0001","ix":1,"v":{"a":0,"k":[1,1,1,1],"ix":1}},{"ty":0,"nm":"颜色容差","mn":"ADBE Color Key-0002","ix":2,"v":{"a":0,"k":61,"ix":2}},{"ty":0,"nm":"薄化边缘","mn":"ADBE Color Key-0003","ix":3,"v":{"a":0,"k":1,"ix":3}},{"ty":0,"nm":"羽化边缘","mn":"ADBE Color Key-0004","ix":4,"v":{"a":0,"k":0,"ix":4}}]}],"ip":0,"op":45.8333333333333,"st":0,"bm":0},{"ddd":0,"ind":2,"ty":2,"nm":"小 2","refId":"image_3","sr":1,"ks":{"o":{"a":1,"k":[{"i":{"x":[0.833],"y":[0.833]},"o":{"x":[0.167],"y":[0.167]},"t":-1.667,"s":[0]},{"i":{"x":[0.833],"y":[0.833]},"o":{"x":[0.167],"y":[0.167]},"t":5,"s":[100]},{"i":{"x":[0.833],"y":[0.833]},"o":{"x":[0.167],"y":[0.167]},"t":38.333,"s":[100]},{"t":40,"s":[0]}],"ix":11},"r":{"a":0,"k":0,"ix":10},"p":{"a":1,"k":[{"i":{"x":0.833,"y":0.833},"o":{"x":0.167,"y":0.167},"t":5,"s":[170.5,202.875,0],"to":[1.333,-22.833,0],"ti":[-1.333,22.833,0]},{"t":38.3333333333333,"s":[178.5,65.875,0]}],"ix":2},"a":{"a":0,"k":[64.844,116.08,0],"ix":1},"s":{"a":1,"k":[{"i":{"x":[0.833,0.833,0.833],"y":[0.833,0.833,0.833]},"o":{"x":[0.167,0.167,0.167],"y":[0.167,0.167,0.167]},"t":-1.667,"s":[0,0,100]},{"t":5,"s":[30,30,100]}],"ix":6}},"ao":0,"ef":[{"ty":5,"nm":"颜色键","np":6,"mn":"ADBE Color Key","ix":1,"en":1,"ef":[{"ty":2,"nm":"主色","mn":"ADBE Color Key-0001","ix":1,"v":{"a":0,"k":[1,1,1,1],"ix":1}},{"ty":0,"nm":"颜色容差","mn":"ADBE Color Key-0002","ix":2,"v":{"a":0,"k":61,"ix":2}},{"ty":0,"nm":"薄化边缘","mn":"ADBE Color Key-0003","ix":3,"v":{"a":0,"k":1,"ix":3}},{"ty":0,"nm":"羽化边缘","mn":"ADBE Color Key-0004","ix":4,"v":{"a":0,"k":0,"ix":4}}]}],"ip":-1.66666666666667,"op":42.5,"st":-1.66666666666667,"bm":0},{"ddd":0,"ind":3,"ty":2,"nm":"小 3","refId":"image_3","sr":1,"ks":{"o":{"a":1,"k":[{"i":{"x":[0.833],"y":[0.833]},"o":{"x":[0.167],"y":[0.167]},"t":-7.5,"s":[0]},{"i":{"x":[0.833],"y":[0.833]},"o":{"x":[0.167],"y":[0.167]},"t":-0.833,"s":[100]},{"i":{"x":[0.833],"y":[0.833]},"o":{"x":[0.167],"y":[0.167]},"t":32.5,"s":[100]},{"t":34.1666666666667,"s":[0]}],"ix":11},"r":{"a":0,"k":0,"ix":10},"p":{"a":1,"k":[{"i":{"x":0.833,"y":0.833},"o":{"x":0.167,"y":0.167},"t":-0.833,"s":[311.75,356.375,0],"to":[1.333,-22.833,0],"ti":[-1.333,22.833,0]},{"t":32.5,"s":[319.75,219.375,0]}],"ix":2},"a":{"a":0,"k":[64.844,116.08,0],"ix":1},"s":{"a":1,"k":[{"i":{"x":[0.833,0.833,0.833],"y":[0.833,0.833,0.833]},"o":{"x":[0.167,0.167,0.167],"y":[0.167,0.167,0.167]},"t":-7.5,"s":[0,0,100]},{"i":{"x":[0.833,0.833,0.833],"y":[0.833,0.833,0.833]},"o":{"x":[0.167,0.167,0.167],"y":[0.167,0.167,0.167]},"t":-0.833,"s":[100,100,100]},{"t":0,"s":[30,30,100]}],"ix":6}},"ao":0,"ef":[{"ty":5,"nm":"颜色键","np":6,"mn":"ADBE Color Key","ix":1,"en":1,"ef":[{"ty":2,"nm":"主色","mn":"ADBE Color Key-0001","ix":1,"v":{"a":0,"k":[1,1,1,1],"ix":1}},{"ty":0,"nm":"颜色容差","mn":"ADBE Color Key-0002","ix":2,"v":{"a":0,"k":61,"ix":2}},{"ty":0,"nm":"薄化边缘","mn":"ADBE Color Key-0003","ix":3,"v":{"a":0,"k":1,"ix":3}},{"ty":0,"nm":"羽化边缘","mn":"ADBE Color Key-0004","ix":4,"v":{"a":0,"k":0,"ix":4}}]}],"ip":-7.5,"op":35,"st":-7.5,"bm":0},{"ddd":0,"ind":4,"ty":2,"nm":"小","refId":"image_3","sr":1,"ks":{"o":{"a":1,"k":[{"i":{"x":[0.833],"y":[0.833]},"o":{"x":[0.167],"y":[0.167]},"t":3.333,"s":[0]},{"i":{"x":[0.833],"y":[0.833]},"o":{"x":[0.167],"y":[0.167]},"t":10,"s":[100]},{"i":{"x":[0.833],"y":[0.833]},"o":{"x":[0.167],"y":[0.167]},"t":43.333,"s":[100]},{"t":45,"s":[0]}],"ix":11},"r":{"a":0,"k":0,"ix":10},"p":{"a":1,"k":[{"i":{"x":0.833,"y":0.833},"o":{"x":0.167,"y":0.167},"t":10,"s":[221.75,312.375,0],"to":[1.333,-22.833,0],"ti":[-1.333,22.833,0]},{"t":43.3333333333333,"s":[229.75,175.375,0]}],"ix":2},"a":{"a":0,"k":[64.844,116.08,0],"ix":1},"s":{"a":1,"k":[{"i":{"x":[0.833,0.833,0.833],"y":[0.833,0.833,0.833]},"o":{"x":[0.167,0.167,0.167],"y":[0.167,0.167,0.167]},"t":3.333,"s":[0,0,100]},{"t":10,"s":[30,30,100]}],"ix":6}},"ao":0,"ef":[{"ty":5,"nm":"颜色键","np":6,"mn":"ADBE Color Key","ix":1,"en":1,"ef":[{"ty":2,"nm":"主色","mn":"ADBE Color Key-0001","ix":1,"v":{"a":0,"k":[1,1,1,1],"ix":1}},{"ty":0,"nm":"颜色容差","mn":"ADBE Color Key-0002","ix":2,"v":{"a":0,"k":61,"ix":2}},{"ty":0,"nm":"薄化边缘","mn":"ADBE Color Key-0003","ix":3,"v":{"a":0,"k":1,"ix":3}},{"ty":0,"nm":"羽化边缘","mn":"ADBE Color Key-0004","ix":4,"v":{"a":0,"k":0,"ix":4}}]}],"ip":3.33333333333333,"op":45.8333333333333,"st":3.33333333333333,"bm":0}]},{"id":"comp_8","layers":[{"ddd":0,"ind":1,"ty":2,"nm":"re_img_9","refId":"image_4","sr":1,"ks":{"o":{"a":0,"k":100,"ix":11},"r":{"a":0,"k":0,"ix":10},"p":{"a":0,"k":[320,540,0],"ix":2},"a":{"a":0,"k":[320,540,0],"ix":1},"s":{"a":0,"k":[100,100,100],"ix":6}},"ao":0,"ip":0,"op":1000.83333333333,"st":0,"bm":0}]},{"id":"comp_9","layers":[{"ddd":0,"ind":1,"ty":2,"nm":"re_img_7","refId":"image_5","sr":1,"ks":{"o":{"a":0,"k":100,"ix":11},"r":{"a":0,"k":0,"ix":10},"p":{"a":0,"k":[320,540,0],"ix":2},"a":{"a":0,"k":[320,540,0],"ix":1},"s":{"a":0,"k":[100,100,100],"ix":6}},"ao":0,"ip":0,"op":1000.83333333333,"st":0,"bm":0}]},{"id":"comp_10","layers":[{"ddd":0,"ind":1,"ty":0,"nm":"P07","refId":"comp_11","sr":1,"ks":{"o":{"a":0,"k":100,"ix":11},"r":{"a":0,"k":0,"ix":10},"p":{"a":0,"k":[320,540,0],"ix":2},"a":{"a":0,"k":[320,540,0],"ix":1},"s":{"a":0,"k":[100,100,100],"ix":6}},"ao":0,"w":640,"h":1080,"ip":0,"op":1000.83333333333,"st":0,"bm":0}]},{"id":"comp_11","layers":[{"ddd":0,"ind":1,"ty":2,"nm":"re_img_6","refId":"image_6","sr":1,"ks":{"o":{"a":0,"k":100,"ix":11},"r":{"a":0,"k":0,"ix":10},"p":{"a":0,"k":[320,540,0],"ix":2},"a":{"a":0,"k":[320,540,0],"ix":1},"s":{"a":0,"k":[100,100,100],"ix":6}},"ao":0,"ip":0,"op":1000.83333333333,"st":0,"bm":0}]},{"id":"comp_12","layers":[{"ddd":0,"ind":1,"ty":0,"nm":"P09","refId":"comp_13","sr":1,"ks":{"o":{"a":0,"k":100,"ix":11},"r":{"a":0,"k":0,"ix":10},"p":{"a":0,"k":[320,540,0],"ix":2},"a":{"a":0,"k":[320,540,0],"ix":1},"s":{"a":0,"k":[100,100,100],"ix":6}},"ao":0,"w":640,"h":1080,"ip":0,"op":1000.83333333333,"st":0,"bm":0}]},{"id":"comp_13","layers":[{"ddd":0,"ind":1,"ty":2,"nm":"re_img_8","refId":"image_7","sr":1,"ks":{"o":{"a":0,"k":100,"ix":11},"r":{"a":0,"k":0,"ix":10},"p":{"a":0,"k":[320,540,0],"ix":2},"a":{"a":0,"k":[320,540,0],"ix":1},"s":{"a":0,"k":[100,100,100],"ix":6}},"ao":0,"ip":0,"op":1000.83333333333,"st":0,"bm":0}]},{"id":"comp_14","layers":[{"ddd":0,"ind":1,"ty":2,"nm":"sparkling-.png","cl":"png","refId":"image_8","sr":1,"ks":{"o":{"a":0,"k":100,"ix":11},"r":{"a":0,"k":0,"ix":10},"p":{"a":1,"k":[{"i":{"x":0.667,"y":1},"o":{"x":0.333,"y":0},"t":14,"s":[308,533,0],"to":[0,-58,0],"ti":[0,58,0]},{"t":23,"s":[308,185,0]}],"ix":2},"a":{"a":0,"k":[80,80,0],"ix":1},"s":{"a":1,"k":[{"i":{"x":[0.214,0.214,0.667],"y":[1.008,1.008,1]},"o":{"x":[1,1,0.333],"y":[-0.011,-0.011,0]},"t":48,"s":[80,80,100]},{"i":{"x":[0.361,0.361,0.667],"y":[1.022,1.022,1]},"o":{"x":[0.621,0.621,0.333],"y":[0,0,0]},"t":51.182,"s":[130,130,100]},{"i":{"x":[0.271,0.271,0.667],"y":[1,1,1]},"o":{"x":[0.808,0.808,0.333],"y":[0.026,0.026,0]},"t":56.182,"s":[80,80,100]},{"i":{"x":[0.293,0.293,0.667],"y":[0.979,0.979,1]},"o":{"x":[0.707,0.707,0.333],"y":[0.021,0.021,0]},"t":60.728,"s":[130,130,100]},{"i":{"x":[0.271,0.271,0.667],"y":[1,1,1]},"o":{"x":[0.729,0.729,0.333],"y":[-0.018,-0.018,0]},"t":64.818,"s":[80,80,100]},{"i":{"x":[0.253,0.253,0.667],"y":[1,1,1]},"o":{"x":[0.657,0.657,0.333],"y":[-0.051,-0.051,0]},"t":68,"s":[130,130,100]},{"i":{"x":[0.667,0.667,0.667],"y":[1,1,1]},"o":{"x":[0.167,0.167,0.167],"y":[0,0,0]},"t":73,"s":[80,80,100]},{"i":{"x":[0.214,0.214,0.667],"y":[1.008,1.008,1]},"o":{"x":[1,1,0.333],"y":[-0.011,-0.011,0]},"t":153,"s":[80,80,100]},{"i":{"x":[0.361,0.361,0.667],"y":[1.022,1.022,1]},"o":{"x":[0.621,0.621,0.333],"y":[0,0,0]},"t":156.182,"s":[130,130,100]},{"i":{"x":[0.271,0.271,0.667],"y":[1,1,1]},"o":{"x":[0.808,0.808,0.333],"y":[0.026,0.026,0]},"t":161.182,"s":[80,80,100]},{"i":{"x":[0.293,0.293,0.667],"y":[0.979,0.979,1]},"o":{"x":[0.707,0.707,0.333],"y":[0.021,0.021,0]},"t":165.728,"s":[130,130,100]},{"i":{"x":[0.271,0.271,0.667],"y":[1,1,1]},"o":{"x":[0.729,0.729,0.333],"y":[-0.018,-0.018,0]},"t":169.818,"s":[80,80,100]},{"i":{"x":[0.253,0.253,0.667],"y":[1,1,1]},"o":{"x":[0.657,0.657,0.333],"y":[-0.051,-0.051,0]},"t":173,"s":[130,130,100]},{"t":178,"s":[80,80,100]}],"ix":6}},"ao":0,"ip":19,"op":205,"st":-190,"bm":0},{"ddd":0,"ind":2,"ty":2,"nm":"sparkling-.png","cl":"png","refId":"image_8","sr":1,"ks":{"o":{"a":0,"k":100,"ix":11},"r":{"a":0,"k":0,"ix":10},"p":{"a":1,"k":[{"i":{"x":0.667,"y":1},"o":{"x":0.333,"y":0},"t":14,"s":[1608,533,0],"to":[0,-58,0],"ti":[0,58,0]},{"t":23,"s":[1608,185,0]}],"ix":2},"a":{"a":0,"k":[80,80,0],"ix":1},"s":{"a":1,"k":[{"i":{"x":[0.214,0.214,0.667],"y":[1.008,1.008,1]},"o":{"x":[1,1,0.333],"y":[-0.011,-0.011,0]},"t":48,"s":[80,80,100]},{"i":{"x":[0.361,0.361,0.667],"y":[1.022,1.022,1]},"o":{"x":[0.621,0.621,0.333],"y":[0,0,0]},"t":51.182,"s":[130,130,100]},{"i":{"x":[0.271,0.271,0.667],"y":[1,1,1]},"o":{"x":[0.808,0.808,0.333],"y":[0.026,0.026,0]},"t":56.182,"s":[80,80,100]},{"i":{"x":[0.293,0.293,0.667],"y":[0.979,0.979,1]},"o":{"x":[0.707,0.707,0.333],"y":[0.021,0.021,0]},"t":60.728,"s":[130,130,100]},{"i":{"x":[0.271,0.271,0.667],"y":[1,1,1]},"o":{"x":[0.729,0.729,0.333],"y":[-0.018,-0.018,0]},"t":64.818,"s":[80,80,100]},{"i":{"x":[0.253,0.253,0.667],"y":[1,1,1]},"o":{"x":[0.657,0.657,0.333],"y":[-0.051,-0.051,0]},"t":68,"s":[130,130,100]},{"i":{"x":[0.667,0.667,0.667],"y":[1,1,1]},"o":{"x":[0.167,0.167,0.167],"y":[0,0,0]},"t":73,"s":[80,80,100]},{"i":{"x":[0.214,0.214,0.667],"y":[1.008,1.008,1]},"o":{"x":[1,1,0.333],"y":[-0.011,-0.011,0]},"t":153,"s":[80,80,100]},{"i":{"x":[0.361,0.361,0.667],"y":[1.022,1.022,1]},"o":{"x":[0.621,0.621,0.333],"y":[0,0,0]},"t":156.182,"s":[130,130,100]},{"i":{"x":[0.271,0.271,0.667],"y":[1,1,1]},"o":{"x":[0.808,0.808,0.333],"y":[0.026,0.026,0]},"t":161.182,"s":[80,80,100]},{"i":{"x":[0.293,0.293,0.667],"y":[0.979,0.979,1]},"o":{"x":[0.707,0.707,0.333],"y":[0.021,0.021,0]},"t":165.728,"s":[130,130,100]},{"i":{"x":[0.271,0.271,0.667],"y":[1,1,1]},"o":{"x":[0.729,0.729,0.333],"y":[-0.018,-0.018,0]},"t":169.818,"s":[80,80,100]},{"i":{"x":[0.253,0.253,0.667],"y":[1,1,1]},"o":{"x":[0.657,0.657,0.333],"y":[-0.051,-0.051,0]},"t":173,"s":[130,130,100]},{"t":178,"s":[80,80,100]}],"ix":6}},"ao":0,"ip":19,"op":205,"st":-190,"bm":0},{"ddd":0,"ind":3,"ty":2,"nm":"sparkling-.png","cl":"png","refId":"image_8","sr":1,"ks":{"o":{"a":0,"k":100,"ix":11},"r":{"a":0,"k":0,"ix":10},"p":{"a":1,"k":[{"i":{"x":0.667,"y":1},"o":{"x":0.333,"y":0},"t":2,"s":[1608,1140,0],"to":[0,-37.333,0],"ti":[0,37.333,0]},{"t":11,"s":[1608,916,0]}],"ix":2},"a":{"a":0,"k":[80,80,0],"ix":1},"s":{"a":1,"k":[{"i":{"x":[0.214,0.214,0.667],"y":[1.008,1.008,1]},"o":{"x":[1,1,0.333],"y":[-0.011,-0.011,0]},"t":48,"s":[80,80,100]},{"i":{"x":[0.361,0.361,0.667],"y":[1.022,1.022,1]},"o":{"x":[0.621,0.621,0.333],"y":[0,0,0]},"t":51.182,"s":[130,130,100]},{"i":{"x":[0.271,0.271,0.667],"y":[1,1,1]},"o":{"x":[0.808,0.808,0.333],"y":[0.026,0.026,0]},"t":56.182,"s":[80,80,100]},{"i":{"x":[0.293,0.293,0.667],"y":[0.979,0.979,1]},"o":{"x":[0.707,0.707,0.333],"y":[0.021,0.021,0]},"t":60.728,"s":[130,130,100]},{"i":{"x":[0.271,0.271,0.667],"y":[1,1,1]},"o":{"x":[0.729,0.729,0.333],"y":[-0.018,-0.018,0]},"t":64.818,"s":[80,80,100]},{"i":{"x":[0.253,0.253,0.667],"y":[1,1,1]},"o":{"x":[0.657,0.657,0.333],"y":[-0.051,-0.051,0]},"t":68,"s":[130,130,100]},{"i":{"x":[0.667,0.667,0.667],"y":[1,1,1]},"o":{"x":[0.167,0.167,0.167],"y":[0,0,0]},"t":73,"s":[80,80,100]},{"i":{"x":[0.214,0.214,0.667],"y":[1.008,1.008,1]},"o":{"x":[1,1,0.333],"y":[-0.011,-0.011,0]},"t":153,"s":[80,80,100]},{"i":{"x":[0.361,0.361,0.667],"y":[1.022,1.022,1]},"o":{"x":[0.621,0.621,0.333],"y":[0,0,0]},"t":156.182,"s":[130,130,100]},{"i":{"x":[0.271,0.271,0.667],"y":[1,1,1]},"o":{"x":[0.808,0.808,0.333],"y":[0.026,0.026,0]},"t":161.182,"s":[80,80,100]},{"i":{"x":[0.293,0.293,0.667],"y":[0.979,0.979,1]},"o":{"x":[0.707,0.707,0.333],"y":[0.021,0.021,0]},"t":165.728,"s":[130,130,100]},{"i":{"x":[0.271,0.271,0.667],"y":[1,1,1]},"o":{"x":[0.729,0.729,0.333],"y":[-0.018,-0.018,0]},"t":169.818,"s":[80,80,100]},{"i":{"x":[0.253,0.253,0.667],"y":[1,1,1]},"o":{"x":[0.657,0.657,0.333],"y":[-0.051,-0.051,0]},"t":173,"s":[130,130,100]},{"t":178,"s":[80,80,100]}],"ix":6}},"ao":0,"ip":0,"op":193,"st":-202,"bm":0},{"ddd":0,"ind":4,"ty":2,"nm":"sparkling-.png","cl":"png","refId":"image_8","sr":1,"ks":{"o":{"a":0,"k":100,"ix":11},"r":{"a":0,"k":0,"ix":10},"p":{"a":1,"k":[{"i":{"x":0.667,"y":1},"o":{"x":0.333,"y":0},"t":2,"s":[308,1140,0],"to":[0,-37.333,0],"ti":[0,37.333,0]},{"t":11,"s":[308,916,0]}],"ix":2},"a":{"a":0,"k":[80,80,0],"ix":1},"s":{"a":1,"k":[{"i":{"x":[0.214,0.214,0.667],"y":[1.008,1.008,1]},"o":{"x":[1,1,0.333],"y":[-0.011,-0.011,0]},"t":48,"s":[80,80,100]},{"i":{"x":[0.361,0.361,0.667],"y":[1.022,1.022,1]},"o":{"x":[0.621,0.621,0.333],"y":[0,0,0]},"t":51.182,"s":[130,130,100]},{"i":{"x":[0.271,0.271,0.667],"y":[1,1,1]},"o":{"x":[0.808,0.808,0.333],"y":[0.026,0.026,0]},"t":56.182,"s":[80,80,100]},{"i":{"x":[0.293,0.293,0.667],"y":[0.979,0.979,1]},"o":{"x":[0.707,0.707,0.333],"y":[0.021,0.021,0]},"t":60.728,"s":[130,130,100]},{"i":{"x":[0.271,0.271,0.667],"y":[1,1,1]},"o":{"x":[0.729,0.729,0.333],"y":[-0.018,-0.018,0]},"t":64.818,"s":[80,80,100]},{"i":{"x":[0.253,0.253,0.667],"y":[1,1,1]},"o":{"x":[0.657,0.657,0.333],"y":[-0.051,-0.051,0]},"t":68,"s":[130,130,100]},{"i":{"x":[0.667,0.667,0.667],"y":[1,1,1]},"o":{"x":[0.167,0.167,0.167],"y":[0,0,0]},"t":73,"s":[80,80,100]},{"i":{"x":[0.214,0.214,0.667],"y":[1.008,1.008,1]},"o":{"x":[1,1,0.333],"y":[-0.011,-0.011,0]},"t":153,"s":[80,80,100]},{"i":{"x":[0.361,0.361,0.667],"y":[1.022,1.022,1]},"o":{"x":[0.621,0.621,0.333],"y":[0,0,0]},"t":156.182,"s":[130,130,100]},{"i":{"x":[0.271,0.271,0.667],"y":[1,1,1]},"o":{"x":[0.808,0.808,0.333],"y":[0.026,0.026,0]},"t":161.182,"s":[80,80,100]},{"i":{"x":[0.293,0.293,0.667],"y":[0.979,0.979,1]},"o":{"x":[0.707,0.707,0.333],"y":[0.021,0.021,0]},"t":165.728,"s":[130,130,100]},{"i":{"x":[0.271,0.271,0.667],"y":[1,1,1]},"o":{"x":[0.729,0.729,0.333],"y":[-0.018,-0.018,0]},"t":169.818,"s":[80,80,100]},{"i":{"x":[0.253,0.253,0.667],"y":[1,1,1]},"o":{"x":[0.657,0.657,0.333],"y":[-0.051,-0.051,0]},"t":173,"s":[130,130,100]},{"t":178,"s":[80,80,100]}],"ix":6}},"ao":0,"ip":0,"op":193,"st":-202,"bm":0}]},{"id":"comp_15","layers":[{"ddd":0,"ind":1,"ty":2,"nm":"smiling.png","cl":"png","refId":"image_9","sr":1,"ks":{"o":{"a":1,"k":[{"i":{"x":[0.667],"y":[1]},"o":{"x":[0.333],"y":[0]},"t":86,"s":[0]},{"i":{"x":[0.667],"y":[1]},"o":{"x":[0.167],"y":[0]},"t":89,"s":[100]},{"i":{"x":[0.833],"y":[1]},"o":{"x":[0.167],"y":[0]},"t":99,"s":[100]},{"t":105,"s":[0]}],"ix":11},"r":{"a":0,"k":0,"ix":10},"p":{"a":0,"k":[965,533.652,0],"ix":2},"a":{"a":0,"k":[80,80,0],"ix":1},"s":{"a":1,"k":[{"i":{"x":[0.667,0.667,0.667],"y":[1,1,1]},"o":{"x":[0.333,0.333,0.333],"y":[0,0,0]},"t":85,"s":[130,130,100]},{"i":{"x":[0.667,0.667,0.667],"y":[1,1,1]},"o":{"x":[0.333,0.333,0.333],"y":[0,0,0]},"t":92.5,"s":[100,100,100]},{"i":{"x":[0.667,0.667,0.667],"y":[1,1,1]},"o":{"x":[0.333,0.333,0.333],"y":[0,0,0]},"t":97.5,"s":[120,120,100]},{"i":{"x":[0.667,0.667,0.667],"y":[1,1,1]},"o":{"x":[0.333,0.333,0.333],"y":[0,0,0]},"t":100,"s":[100,100,100]},{"i":{"x":[0.667,0.667,0.667],"y":[1,1,1]},"o":{"x":[0.333,0.333,0.333],"y":[0,0,0]},"t":104.167,"s":[120,120,100]},{"i":{"x":[0.667,0.667,0.667],"y":[1,1,1]},"o":{"x":[0.333,0.333,0.333],"y":[0,0,0]},"t":106.667,"s":[100,100,100]},{"t":111.6669921875,"s":[120,120,100]}],"ix":6}},"ao":0,"ip":84,"op":106,"st":-230,"bm":0},{"ddd":0,"ind":2,"ty":0,"nm":"smiling","refId":"comp_16","sr":1,"ks":{"o":{"a":0,"k":100,"ix":11},"r":{"a":0,"k":0,"ix":10},"p":{"a":0,"k":[944,952,0],"ix":2},"a":{"a":0,"k":[960,540,0],"ix":1},"s":{"a":0,"k":[100,100,100],"ix":6}},"ao":0,"w":1920,"h":1080,"ip":26,"op":62,"st":26,"bm":0},{"ddd":0,"ind":3,"ty":0,"nm":"smiling","refId":"comp_16","sr":1,"ks":{"o":{"a":0,"k":100,"ix":11},"r":{"a":0,"k":0,"ix":10},"p":{"a":0,"k":[944,188,0],"ix":2},"a":{"a":0,"k":[960,540,0],"ix":1},"s":{"a":0,"k":[100,100,100],"ix":6}},"ao":0,"w":1920,"h":1080,"ip":18,"op":54,"st":18,"bm":0},{"ddd":0,"ind":4,"ty":0,"nm":"smiling","refId":"comp_16","sr":1,"ks":{"o":{"a":0,"k":100,"ix":11},"r":{"a":0,"k":0,"ix":10},"p":{"a":0,"k":[1576,540,0],"ix":2},"a":{"a":0,"k":[960,540,0],"ix":1},"s":{"a":0,"k":[100,100,100],"ix":6}},"ao":0,"w":1920,"h":1080,"ip":12,"op":48,"st":12,"bm":0},{"ddd":0,"ind":5,"ty":0,"nm":"smiling","refId":"comp_16","sr":1,"ks":{"o":{"a":0,"k":100,"ix":11},"r":{"a":0,"k":0,"ix":10},"p":{"a":0,"k":[268,540,0],"ix":2},"a":{"a":0,"k":[960,540,0],"ix":1},"s":{"a":0,"k":[100,100,100],"ix":6}},"ao":0,"w":1920,"h":1080,"ip":6,"op":42,"st":6,"bm":0},{"ddd":0,"ind":6,"ty":0,"nm":"smiling","refId":"comp_16","sr":1,"ks":{"o":{"a":0,"k":100,"ix":11},"r":{"a":0,"k":0,"ix":10},"p":{"a":0,"k":[944,540,0],"ix":2},"a":{"a":0,"k":[960,540,0],"ix":1},"s":{"a":0,"k":[100,100,100],"ix":6}},"ao":0,"w":1920,"h":1080,"ip":0,"op":36,"st":0,"bm":0}]},{"id":"comp_16","layers":[{"ddd":0,"ind":1,"ty":0,"nm":"smiling.png","cl":"png","refId":"comp_17","sr":1,"ks":{"o":{"a":0,"k":100,"ix":11},"r":{"a":0,"k":0,"ix":10},"p":{"a":0,"k":[1016,566,0],"ix":2},"a":{"a":0,"k":[960,540,0],"ix":1},"s":{"a":0,"k":[75,75,100],"ix":6}},"ao":0,"w":1920,"h":1080,"ip":14,"op":36,"st":14,"bm":0},{"ddd":0,"ind":2,"ty":0,"nm":"smiling.png","cl":"png","refId":"comp_17","sr":1,"ks":{"o":{"a":0,"k":100,"ix":11},"r":{"a":0,"k":0,"ix":10},"p":{"a":0,"k":[926,594,0],"ix":2},"a":{"a":0,"k":[960,540,0],"ix":1},"s":{"a":0,"k":[75,75,100],"ix":6}},"ao":0,"w":1920,"h":1080,"ip":8,"op":30,"st":8,"bm":0},{"ddd":0,"ind":3,"ty":0,"nm":"smiling.png","cl":"png","refId":"comp_17","sr":1,"ks":{"o":{"a":0,"k":100,"ix":11},"r":{"a":0,"k":0,"ix":10},"p":{"a":0,"k":[914,482,0],"ix":2},"a":{"a":0,"k":[960,540,0],"ix":1},"s":{"a":0,"k":[75,75,100],"ix":6}},"ao":0,"w":1920,"h":1080,"ip":3,"op":25,"st":3,"bm":0},{"ddd":0,"ind":4,"ty":0,"nm":"smiling.png","cl":"png","refId":"comp_17","sr":1,"ks":{"o":{"a":0,"k":100,"ix":11},"r":{"a":0,"k":0,"ix":10},"p":{"a":0,"k":[958,602,0],"ix":2},"a":{"a":0,"k":[960,540,0],"ix":1},"s":{"a":0,"k":[100,100,100],"ix":6}},"ao":0,"w":1920,"h":1080,"ip":0,"op":22,"st":0,"bm":0}]},{"id":"comp_17","layers":[{"ddd":0,"ind":1,"ty":2,"nm":"smiling.png","cl":"png","refId":"image_9","sr":1,"ks":{"o":{"a":1,"k":[{"i":{"x":[0.667],"y":[1]},"o":{"x":[0.333],"y":[0]},"t":2,"s":[0]},{"i":{"x":[0.667],"y":[1]},"o":{"x":[0.167],"y":[0]},"t":5,"s":[100]},{"i":{"x":[0.833],"y":[1]},"o":{"x":[0.167],"y":[0]},"t":15,"s":[100]},{"t":21,"s":[0]}],"ix":11},"r":{"a":0,"k":0,"ix":10},"p":{"a":1,"k":[{"i":{"x":0.667,"y":1},"o":{"x":0.333,"y":0},"t":2,"s":[1001,601.5,0],"to":[0,-26,0],"ti":[0,26,0]},{"t":21,"s":[1001,445.5,0]}],"ix":2},"a":{"a":0,"k":[80,80,0],"ix":1},"s":{"a":0,"k":[50,50,100],"ix":6}},"ao":0,"ip":0,"op":22,"st":-314,"bm":0}]},{"id":"comp_18","layers":[{"ddd":0,"ind":1,"ty":1,"nm":"浅色 红色 纯色 1","sr":1,"ks":{"o":{"a":0,"k":100,"ix":11},"r":{"a":0,"k":0,"ix":10},"p":{"a":0,"k":[960,540,0],"ix":2},"a":{"a":0,"k":[960,540,0],"ix":1},"s":{"a":0,"k":[100,100,100],"ix":6}},"ao":0,"hasMask":true,"masksProperties":[{"inv":false,"mode":"a","pt":{"a":0,"k":{"i":[[0,0],[0,0],[0,0],[0,0]],"o":[[0,0],[0,0],[0,0],[0,0]],"v":[[1928,356],[-2,356],[-2,366],[1928,366]],"c":true},"ix":1},"o":{"a":0,"k":100,"ix":3},"x":{"a":0,"k":0,"ix":4},"nm":"蒙版 1"},{"inv":false,"mode":"a","pt":{"a":0,"k":{"i":[[0,0],[0,0],[0,0],[0,0]],"o":[[0,0],[0,0],[0,0],[0,0]],"v":[[1932,716],[-10,716],[-10,726],[1932,726]],"c":true},"ix":1},"o":{"a":0,"k":100,"ix":3},"x":{"a":0,"k":0,"ix":4},"nm":"蒙版 2"},{"inv":false,"mode":"a","pt":{"a":0,"k":{"i":[[0,0],[0,0],[0,0],[0,0]],"o":[[0,0],[0,0],[0,0],[0,0]],"v":[[646,-14],[636,-14],[636,1104],[646,1104]],"c":true},"ix":1},"o":{"a":0,"k":100,"ix":3},"x":{"a":0,"k":0,"ix":4},"nm":"蒙版 3"},{"inv":false,"mode":"a","pt":{"a":0,"k":{"i":[[0,0],[0,0],[0,0],[0,0]],"o":[[0,0],[0,0],[0,0],[0,0]],"v":[[1286,-36],[1274,-36],[1274,1098],[1286,1098]],"c":true},"ix":1},"o":{"a":0,"k":100,"ix":3},"x":{"a":0,"k":0,"ix":4},"nm":"蒙版 4"}],"sw":1920,"sh":1080,"sc":"#ffdbdf","ip":0,"op":311,"st":-26,"bm":0},{"ddd":0,"ind":2,"ty":0,"nm":"re_img_vid_0","refId":"comp_19","sr":1,"ks":{"o":{"a":0,"k":100,"ix":11},"r":{"a":0,"k":0,"ix":10},"p":{"a":1,"k":[{"i":{"x":0.833,"y":0.833},"o":{"x":0.167,"y":0.167},"t":187.5,"s":[319,900,0],"to":[106.833,0,0],"ti":[-106.833,0,0]},{"t":196.6669921875,"s":[960,900,0]}],"ix":2},"a":{"a":0,"k":[320,180,0],"ix":1},"s":{"a":0,"k":[100,100,100],"ix":6}},"ao":0,"w":640,"h":360,"ip":187.5,"op":311,"st":187.5,"bm":0},{"ddd":0,"ind":3,"ty":0,"nm":"re_img_vid_0","refId":"comp_19","sr":1,"ks":{"o":{"a":0,"k":100,"ix":11},"r":{"a":0,"k":0,"ix":10},"p":{"a":1,"k":[{"i":{"x":0.833,"y":0.833},"o":{"x":0.167,"y":0.167},"t":187.5,"s":[958,541,0],"to":[106.833,0,0],"ti":[-106.833,0,0]},{"t":196.6669921875,"s":[1599,541,0]}],"ix":2},"a":{"a":0,"k":[320,180,0],"ix":1},"s":{"a":0,"k":[100,100,100],"ix":6}},"ao":0,"w":640,"h":360,"ip":187.5,"op":311,"st":187.5,"bm":0},{"ddd":0,"ind":4,"ty":0,"nm":"re_img_vid_0","refId":"comp_19","sr":1,"ks":{"o":{"a":0,"k":100,"ix":11},"r":{"a":0,"k":0,"ix":10},"p":{"a":1,"k":[{"i":{"x":0.833,"y":0.833},"o":{"x":0.167,"y":0.167},"t":187.5,"s":[-321,540,0],"to":[106.833,0,0],"ti":[-106.833,0,0]},{"t":196.6669921875,"s":[320,540,0]}],"ix":2},"a":{"a":0,"k":[320,180,0],"ix":1},"s":{"a":0,"k":[100,100,100],"ix":6}},"ao":0,"w":640,"h":360,"ip":187.5,"op":311,"st":187.5,"bm":0},{"ddd":0,"ind":5,"ty":0,"nm":"re_img_vid_0","refId":"comp_19","sr":1,"ks":{"o":{"a":0,"k":100,"ix":11},"r":{"a":0,"k":0,"ix":10},"p":{"a":1,"k":[{"i":{"x":0.833,"y":0.833},"o":{"x":0.167,"y":0.167},"t":187.5,"s":[318.5,180,0],"to":[106.833,0,0],"ti":[-106.833,0,0]},{"t":196.6669921875,"s":[959.5,180,0]}],"ix":2},"a":{"a":0,"k":[320,180,0],"ix":1},"s":{"a":0,"k":[100,100,100],"ix":6}},"ao":0,"w":640,"h":360,"ip":187.5,"op":311,"st":187.5,"bm":0},{"ddd":0,"ind":6,"ty":0,"nm":"re_img_4","refId":"comp_20","sr":1,"ks":{"o":{"a":0,"k":100,"ix":11},"r":{"a":0,"k":0,"ix":10},"p":{"a":0,"k":[960,540,0],"ix":2},"a":{"a":0,"k":[320,180,0],"ix":1},"s":{"a":0,"k":[100,100,100],"ix":6}},"ao":0,"w":640,"h":360,"ip":162.666666666667,"op":187.666666666667,"st":162.666666666667,"bm":0},{"ddd":0,"ind":7,"ty":0,"nm":"re_img_4","refId":"comp_22","sr":1,"ks":{"o":{"a":0,"k":100,"ix":11},"r":{"a":0,"k":0,"ix":10},"p":{"a":1,"k":[{"i":{"x":0.833,"y":0.833},"o":{"x":0.167,"y":0.167},"t":147.667,"s":[960,540,0],"to":[0,-60.667,0],"ti":[0,60.667,0]},{"t":151.833658854167,"s":[960,176,0]}],"ix":2},"a":{"a":0,"k":[320,180,0],"ix":1},"s":{"a":0,"k":[100,100,100],"ix":6}},"ao":0,"w":640,"h":360,"ip":147.666666666667,"op":162.666666666667,"st":147.666666666667,"bm":0},{"ddd":0,"ind":8,"ty":0,"nm":"re_img_3","refId":"comp_23","sr":1,"ks":{"o":{"a":0,"k":100,"ix":11},"r":{"a":0,"k":0,"ix":10},"p":{"a":1,"k":[{"i":{"x":0.833,"y":0.833},"o":{"x":0.167,"y":0.167},"t":127.667,"s":[320,903,0],"to":[0,-60.667,0],"ti":[0,60.667,0]},{"t":131.833658854167,"s":[320,539,0]}],"ix":2},"a":{"a":0,"k":[320,180,0],"ix":1},"s":{"a":0,"k":[100,100,100],"ix":6}},"ao":0,"w":640,"h":360,"ip":127.666666666667,"op":146.833333333333,"st":127.666666666667,"bm":0},{"ddd":0,"ind":9,"ty":0,"nm":"re_img_3","refId":"comp_23","sr":1,"ks":{"o":{"a":0,"k":100,"ix":11},"r":{"a":0,"k":0,"ix":10},"p":{"a":1,"k":[{"i":{"x":0.833,"y":0.833},"o":{"x":0.167,"y":0.167},"t":127.667,"s":[1599,901,0],"to":[0,-60.667,0],"ti":[0,60.667,0]},{"t":131.833658854167,"s":[1599,537,0]}],"ix":2},"a":{"a":0,"k":[320,180,0],"ix":1},"s":{"a":0,"k":[100,100,100],"ix":6}},"ao":0,"w":640,"h":360,"ip":127.666666666667,"op":146.833333333333,"st":127.666666666667,"bm":0},{"ddd":0,"ind":10,"ty":0,"nm":"re_img_3","refId":"comp_23","sr":1,"ks":{"o":{"a":0,"k":100,"ix":11},"r":{"a":0,"k":0,"ix":10},"p":{"a":1,"k":[{"i":{"x":0.833,"y":0.833},"o":{"x":0.167,"y":0.167},"t":116.833,"s":[960,1265,0],"to":[0,-60.667,0],"ti":[0,60.667,0]},{"t":121.000325520833,"s":[960,901,0]}],"ix":2},"a":{"a":0,"k":[320,180,0],"ix":1},"s":{"a":0,"k":[100,100,100],"ix":6}},"ao":0,"w":640,"h":360,"ip":116.833333333333,"op":128.5,"st":116.833333333333,"bm":0},{"ddd":0,"ind":11,"ty":0,"nm":"re_img_2","refId":"comp_24","sr":1,"ks":{"o":{"a":0,"k":100,"ix":11},"r":{"a":0,"k":0,"ix":10},"p":{"a":0,"k":[320,903,0],"ix":2},"a":{"a":0,"k":[320,180,0],"ix":1},"s":{"a":0,"k":[100,100,100],"ix":6}},"ao":0,"w":640,"h":360,"ip":81,"op":116,"st":81,"bm":0},{"ddd":0,"ind":12,"ty":0,"nm":"re_img_2","refId":"comp_24","sr":1,"ks":{"o":{"a":0,"k":100,"ix":11},"r":{"a":0,"k":0,"ix":10},"p":{"a":0,"k":[1599,901,0],"ix":2},"a":{"a":0,"k":[320,180,0],"ix":1},"s":{"a":0,"k":[100,100,100],"ix":6}},"ao":0,"w":640,"h":360,"ip":81,"op":116,"st":81,"bm":0},{"ddd":0,"ind":13,"ty":0,"nm":"re_img_2","refId":"comp_24","sr":1,"ks":{"o":{"a":0,"k":100,"ix":11},"r":{"a":0,"k":0,"ix":10},"p":{"a":0,"k":[1601,180,0],"ix":2},"a":{"a":0,"k":[320,180,0],"ix":1},"s":{"a":0,"k":[100,100,100],"ix":6}},"ao":0,"w":640,"h":360,"ip":81,"op":116,"st":81,"bm":0},{"ddd":0,"ind":14,"ty":0,"nm":"re_img_2","refId":"comp_24","sr":1,"ks":{"o":{"a":0,"k":100,"ix":11},"r":{"a":0,"k":0,"ix":10},"p":{"a":0,"k":[320,178,0],"ix":2},"a":{"a":0,"k":[320,180,0],"ix":1},"s":{"a":0,"k":[100,100,100],"ix":6}},"ao":0,"w":640,"h":360,"ip":81,"op":116,"st":81,"bm":0},{"ddd":0,"ind":15,"ty":0,"nm":"re_img_0","refId":"comp_26","sr":1,"ks":{"o":{"a":0,"k":100,"ix":11},"r":{"a":0,"k":0,"ix":10},"p":{"a":1,"k":[{"i":{"x":0.833,"y":0.833},"o":{"x":0.167,"y":0.167},"t":0,"s":[2240,180,0],"to":[-106.667,0,0],"ti":[106.667,0,0]},{"i":{"x":0.667,"y":0.667},"o":{"x":0.167,"y":0.167},"t":5.833,"s":[1600,180,0],"to":[0,0,0],"ti":[0,0,0]},{"i":{"x":0.667,"y":1},"o":{"x":0.333,"y":0},"t":76,"s":[1600,180,0],"to":[106.667,0,0],"ti":[-106.667,0,0]},{"t":81.833984375,"s":[2240,180,0]}],"ix":2},"a":{"a":0,"k":[320,180,0],"ix":1},"s":{"a":0,"k":[100,100,100],"ix":6}},"ao":0,"w":640,"h":360,"ip":0,"op":81.6666666666667,"st":0,"bm":0},{"ddd":0,"ind":16,"ty":0,"nm":"re_img_0","refId":"comp_26","sr":1,"ks":{"o":{"a":0,"k":100,"ix":11},"r":{"a":0,"k":0,"ix":10},"p":{"a":1,"k":[{"i":{"x":0.833,"y":0.833},"o":{"x":0.167,"y":0.167},"t":18,"s":[-325,180,0],"to":[107.5,0,0],"ti":[-107.5,0,0]},{"i":{"x":0.667,"y":0.667},"o":{"x":0.167,"y":0.167},"t":23.834,"s":[320,180,0],"to":[0,0,0],"ti":[0,0,0]},{"i":{"x":0.667,"y":1},"o":{"x":0.333,"y":0},"t":76,"s":[320,180,0],"to":[106.667,0,0],"ti":[-106.667,0,0]},{"t":81.8326822916667,"s":[960,180,0]}],"ix":2},"a":{"a":0,"k":[320,180,0],"ix":1},"s":{"a":0,"k":[100,100,100],"ix":6}},"ao":0,"w":640,"h":360,"ip":17.1666666666667,"op":81,"st":17.1666666666667,"bm":0},{"ddd":0,"ind":17,"ty":0,"nm":"re_img_1","refId":"comp_27","sr":1,"ks":{"o":{"a":0,"k":100,"ix":11},"r":{"a":0,"k":0,"ix":10},"p":{"a":1,"k":[{"i":{"x":0.833,"y":0.833},"o":{"x":0.167,"y":0.167},"t":43.833,"s":[-318.938,899.994,0],"to":[106.5,0,0],"ti":[-106.5,0,0]},{"i":{"x":0.667,"y":0.667},"o":{"x":0.167,"y":0.167},"t":49.666,"s":[320.062,899.994,0],"to":[0,0,0],"ti":[0,0,0]},{"i":{"x":0.667,"y":1},"o":{"x":0.333,"y":0},"t":76,"s":[320.062,899.994,0],"to":[106.667,0,0],"ti":[-106.667,0,0]},{"t":81.8333333333333,"s":[960.062,899.994,0]}],"ix":2},"a":{"a":0,"k":[320,180,0],"ix":1},"s":{"a":0,"k":[100,100,100],"ix":6}},"ao":0,"w":640,"h":360,"ip":43.8333333333333,"op":81,"st":43.8333333333333,"bm":0},{"ddd":0,"ind":18,"ty":0,"nm":"re_img_1","refId":"comp_27","sr":1,"ks":{"o":{"a":0,"k":100,"ix":11},"r":{"a":0,"k":0,"ix":10},"p":{"a":1,"k":[{"i":{"x":0.833,"y":0.833},"o":{"x":0.167,"y":0.167},"t":61.333,"s":[2244,899.994,0],"to":[-107.167,0,0],"ti":[107.167,0,0]},{"i":{"x":0.667,"y":0.667},"o":{"x":0.167,"y":0.167},"t":66.333,"s":[1601,899.994,0],"to":[0,0,0],"ti":[0,0,0]},{"i":{"x":0.667,"y":1},"o":{"x":0.333,"y":0},"t":76,"s":[1601,899.994,0],"to":[106.667,0,0],"ti":[-106.667,0,0]},{"t":81.833984375,"s":[2241,899.994,0]}],"ix":2},"a":{"a":0,"k":[320,180,0],"ix":1},"s":{"a":0,"k":[100,100,100],"ix":6}},"ao":0,"w":640,"h":360,"ip":60.5,"op":81,"st":60.5,"bm":0}]},{"id":"comp_19","layers":[{"ddd":0,"ind":1,"ty":2,"nm":"re_img_vid_0","refId":"image_10","sr":1,"ks":{"o":{"a":0,"k":100,"ix":11},"r":{"a":0,"k":0,"ix":10},"p":{"a":0,"k":[320,180,0],"ix":2},"a":{"a":0,"k":[320,180,0],"ix":1},"s":{"a":0,"k":[100,100,100],"ix":6}},"ao":0,"ip":0,"op":125.833333333333,"st":0,"bm":0}]},{"id":"comp_20","layers":[{"ddd":0,"ind":1,"ty":0,"nm":"re_img_4","refId":"comp_21","sr":1,"ks":{"o":{"a":0,"k":100,"ix":11},"r":{"a":0,"k":0,"ix":10},"p":{"a":0,"k":[320,180,0],"ix":2},"a":{"a":0,"k":[320,180,0],"ix":1},"s":{"a":1,"k":[{"i":{"x":[0.214,0.214,0.667],"y":[1.013,1.013,1]},"o":{"x":[1,1,0.333],"y":[-0.019,-0.019,0]},"t":-41.667,"s":[100,100,100]},{"i":{"x":[0.361,0.361,0.667],"y":[1.037,1.037,1]},"o":{"x":[0.621,0.621,0.333],"y":[0,0,0]},"t":-38.485,"s":[130,130,100]},{"i":{"x":[0.271,0.271,0.667],"y":[1,1,1]},"o":{"x":[0.808,0.808,0.333],"y":[0.044,0.044,0]},"t":-33.485,"s":[100,100,100]},{"i":{"x":[0.293,0.293,0.667],"y":[0.965,0.965,1]},"o":{"x":[0.707,0.707,0.333],"y":[0.035,0.035,0]},"t":-28.94,"s":[130,130,100]},{"i":{"x":[0.271,0.271,0.667],"y":[1,1,1]},"o":{"x":[0.729,0.729,0.333],"y":[-0.03,-0.03,0]},"t":-24.849,"s":[100,100,100]},{"i":{"x":[0.253,0.253,0.667],"y":[1,1,1]},"o":{"x":[0.657,0.657,0.333],"y":[-0.085,-0.085,0]},"t":-21.667,"s":[130,130,100]},{"i":{"x":[0.667,0.667,0.667],"y":[1,1,1]},"o":{"x":[0.167,0.167,0.167],"y":[0,0,0]},"t":-16.667,"s":[100,100,100]},{"i":{"x":[0.214,0.214,0.667],"y":[1.013,1.013,1]},"o":{"x":[1,1,0.333],"y":[-0.019,-0.019,0]},"t":0,"s":[100,100,100]},{"i":{"x":[0.361,0.361,0.667],"y":[1.037,1.037,1]},"o":{"x":[0.621,0.621,0.333],"y":[0,0,0]},"t":3.182,"s":[130,130,100]},{"i":{"x":[0.271,0.271,0.667],"y":[1,1,1]},"o":{"x":[0.808,0.808,0.333],"y":[0.044,0.044,0]},"t":8.182,"s":[100,100,100]},{"i":{"x":[0.293,0.293,0.667],"y":[0.965,0.965,1]},"o":{"x":[0.707,0.707,0.333],"y":[0.035,0.035,0]},"t":12.727,"s":[130,130,100]},{"i":{"x":[0.271,0.271,0.667],"y":[1,1,1]},"o":{"x":[0.729,0.729,0.333],"y":[-0.03,-0.03,0]},"t":16.818,"s":[100,100,100]},{"i":{"x":[0.253,0.253,0.667],"y":[1,1,1]},"o":{"x":[0.657,0.657,0.333],"y":[-0.085,-0.085,0]},"t":20,"s":[130,130,100]},{"t":25,"s":[100,100,100]}],"ix":6}},"ao":0,"w":640,"h":360,"ip":0,"op":25,"st":0,"bm":0}]},{"id":"comp_21","layers":[{"ddd":0,"ind":1,"ty":2,"nm":"re_img_4","refId":"image_11","sr":1,"ks":{"o":{"a":0,"k":100,"ix":11},"r":{"a":0,"k":0,"ix":10},"p":{"a":0,"k":[320,180,0],"ix":2},"a":{"a":0,"k":[320,180,0],"ix":1},"s":{"a":0,"k":[100,100,100],"ix":6}},"ao":0,"ip":0,"op":25,"st":0,"bm":0}]},{"id":"comp_22","layers":[{"ddd":0,"ind":1,"ty":2,"nm":"re_img_4","refId":"image_11","sr":1,"ks":{"o":{"a":0,"k":100,"ix":11},"r":{"a":0,"k":0,"ix":10},"p":{"a":0,"k":[320,180,0],"ix":2},"a":{"a":0,"k":[320,180,0],"ix":1},"s":{"a":0,"k":[100,100,100],"ix":6}},"ao":0,"ip":0,"op":25,"st":0,"bm":0}]},{"id":"comp_23","layers":[{"ddd":0,"ind":1,"ty":2,"nm":"re_img_3","refId":"image_12","sr":1,"ks":{"o":{"a":0,"k":100,"ix":11},"r":{"a":0,"k":0,"ix":10},"p":{"a":0,"k":[320,180,0],"ix":2},"a":{"a":0,"k":[320,180,0],"ix":1},"s":{"a":0,"k":[100,100,100],"ix":6}},"ao":0,"ip":0,"op":19.1666666666667,"st":0,"bm":0}]},{"id":"comp_24","layers":[{"ddd":0,"ind":1,"ty":0,"nm":"re_img_2","refId":"comp_25","sr":1,"ks":{"o":{"a":0,"k":100,"ix":11},"r":{"a":0,"k":0,"ix":10},"p":{"a":0,"k":[320,180,0],"ix":2},"a":{"a":0,"k":[320,180,0],"ix":1},"s":{"a":1,"k":[{"i":{"x":[0.667,0.667,0.667],"y":[1,1,1]},"o":{"x":[0.333,0.333,0.333],"y":[0,0,0]},"t":4.167,"s":[130,130,100]},{"i":{"x":[0.667,0.667,0.667],"y":[1,1,1]},"o":{"x":[0.333,0.333,0.333],"y":[0,0,0]},"t":11.667,"s":[100,100,100]},{"i":{"x":[0.667,0.667,0.667],"y":[1,1,1]},"o":{"x":[0.333,0.333,0.333],"y":[0,0,0]},"t":16.667,"s":[120,120,100]},{"i":{"x":[0.667,0.667,0.667],"y":[1,1,1]},"o":{"x":[0.333,0.333,0.333],"y":[0,0,0]},"t":19.167,"s":[100,100,100]},{"i":{"x":[0.667,0.667,0.667],"y":[1,1,1]},"o":{"x":[0.333,0.333,0.333],"y":[0,0,0]},"t":23.333,"s":[120,120,100]},{"i":{"x":[0.667,0.667,0.667],"y":[1,1,1]},"o":{"x":[0.333,0.333,0.333],"y":[0,0,0]},"t":25.833,"s":[100,100,100]},{"t":30.8333333333333,"s":[120,120,100]}],"ix":6}},"ao":0,"w":640,"h":360,"ip":0,"op":35,"st":0,"bm":0}]},{"id":"comp_25","layers":[{"ddd":0,"ind":1,"ty":2,"nm":"re_img_2","refId":"image_13","sr":1,"ks":{"o":{"a":0,"k":100,"ix":11},"r":{"a":0,"k":0,"ix":10},"p":{"a":0,"k":[320,180,0],"ix":2},"a":{"a":0,"k":[320,180,0],"ix":1},"s":{"a":0,"k":[100,100,100],"ix":6}},"ao":0,"ip":0,"op":35.8333333333333,"st":0,"bm":0}]},{"id":"comp_26","layers":[{"ddd":0,"ind":1,"ty":2,"nm":"re_img_0","refId":"image_14","sr":1,"ks":{"o":{"a":0,"k":100,"ix":11},"r":{"a":0,"k":0,"ix":10},"p":{"a":0,"k":[320,180,0],"ix":2},"a":{"a":0,"k":[320,180,0],"ix":1},"s":{"a":0,"k":[100,100,100],"ix":6}},"ao":0,"ip":0,"op":81.6666666666667,"st":0,"bm":0}]},{"id":"comp_27","layers":[{"ddd":0,"ind":1,"ty":2,"nm":"re_img_1","refId":"image_15","sr":1,"ks":{"o":{"a":0,"k":100,"ix":11},"r":{"a":0,"k":0,"ix":10},"p":{"a":0,"k":[320,180,0],"ix":2},"a":{"a":0,"k":[320,180,0],"ix":1},"s":{"a":0,"k":[100,100,100],"ix":6}},"ao":0,"ip":0,"op":38.3333333333333,"st":0,"bm":0}]},{"id":"comp_28","layers":[{"ddd":0,"ind":1,"ty":0,"nm":"文字","refId":"comp_29","sr":1,"ks":{"o":{"a":0,"k":100,"ix":11},"r":{"a":0,"k":0,"ix":10},"p":{"a":0,"k":[960,540,0],"ix":2},"a":{"a":0,"k":[960,540,0],"ix":1},"s":{"a":1,"k":[{"i":{"x":[0.667,0.667,0.667],"y":[1,1,1]},"o":{"x":[0.333,0.333,0.333],"y":[0,0,0]},"t":63,"s":[100,100,100]},{"t":83,"s":[120,120,100]}],"ix":6}},"ao":0,"w":1920,"h":1080,"ip":0,"op":83,"st":0,"bm":0},{"ddd":0,"ind":2,"ty":2,"nm":"5.png","cl":"png","refId":"image_16","sr":1,"ks":{"o":{"a":1,"k":[{"i":{"x":[0.667],"y":[1]},"o":{"x":[0.333],"y":[0]},"t":0,"s":[20]},{"t":20,"s":[40]}],"ix":11},"r":{"a":0,"k":0,"ix":10},"p":{"a":0,"k":[960,540,0],"ix":2},"a":{"a":0,"k":[329,219.5,0],"ix":1},"s":{"a":0,"k":[290,290,100],"ix":6}},"ao":0,"ip":0,"op":83,"st":0,"bm":0},{"ddd":0,"ind":3,"ty":1,"nm":"白色 纯色 4","sr":1,"ks":{"o":{"a":0,"k":100,"ix":11},"r":{"a":0,"k":0,"ix":10},"p":{"a":0,"k":[960,540,0],"ix":2},"a":{"a":0,"k":[960,540,0],"ix":1},"s":{"a":0,"k":[100,100,100],"ix":6}},"ao":0,"sw":1920,"sh":1080,"sc":"#ffffff","ip":0,"op":83,"st":0,"bm":0}]},{"id":"comp_29","layers":[{"ddd":0,"ind":1,"ty":4,"nm":"形状图层 1","td":1,"sr":1,"ks":{"o":{"a":0,"k":100,"ix":11},"r":{"a":0,"k":0,"ix":10},"p":{"a":0,"k":[960,540,0],"ix":2},"a":{"a":0,"k":[0,0,0],"ix":1},"s":{"a":0,"k":[100,100,100],"ix":6}},"ao":0,"shapes":[{"ty":"gr","it":[{"ty":"rc","d":1,"s":{"a":0,"k":[696,194],"ix":2},"p":{"a":0,"k":[0,0],"ix":3},"r":{"a":0,"k":0,"ix":4},"nm":"矩形路径 1","mn":"ADBE Vector Shape - Rect","hd":false},{"ty":"st","c":{"a":0,"k":[0.666666965859,0.666666965859,0.666666965859,1],"ix":3},"o":{"a":0,"k":100,"ix":4},"w":{"a":0,"k":6,"ix":5},"lc":1,"lj":1,"ml":4,"bm":0,"nm":"描边 1","mn":"ADBE Vector Graphic - Stroke","hd":false},{"ty":"fl","c":{"a":0,"k":[1,0.882353001015,0.882353001015,1],"ix":4},"o":{"a":0,"k":100,"ix":5},"r":1,"bm":0,"nm":"填充 1","mn":"ADBE Vector Graphic - Fill","hd":false},{"ty":"tr","p":{"a":0,"k":[-140,-17],"ix":2},"a":{"a":0,"k":[0,0],"ix":1},"s":{"a":0,"k":[100,66.337],"ix":3},"r":{"a":0,"k":0,"ix":6},"o":{"a":0,"k":100,"ix":7},"sk":{"a":0,"k":0,"ix":4},"sa":{"a":0,"k":0,"ix":5},"nm":"变换"}],"nm":"矩形 1","np":3,"cix":2,"bm":0,"ix":1,"mn":"ADBE Vector Group","hd":false}],"ip":0,"op":83,"st":-17,"bm":0},{"ddd":0,"ind":2,"ty":5,"nm":"re_txt_欢迎来到我们的婚礼","tt":1,"sr":1,"ks":{"o":{"a":0,"k":100,"ix":11},"r":{"a":0,"k":0,"ix":10},"p":{"a":1,"k":[{"i":{"x":0.833,"y":0.833},"o":{"x":0.167,"y":0.167},"t":-2,"s":[834.98,678,0],"to":[0,-17.667,0],"ti":[0,17.667,0]},{"t":8,"s":[834.98,572,0]}],"ix":2},"a":{"a":0,"k":[0,0,0],"ix":1},"s":{"a":0,"k":[71.81,71.81,100],"ix":6}},"ao":0,"t":{"d":{"k":[{"s":{"s":130,"f":"SourceHanSansCN-Normal","nm":"re_txt_欢迎来到我们的婚礼 2","t":"欢迎来到我们的","j":2,"tr":0,"lh":156,"ls":0,"fc":[0.992,0.202,0.611]},"t":0}]},"p":{},"m":{"g":1,"a":{"a":0,"k":[0,0],"ix":2}},"a":[]},"ip":0,"op":83,"st":-17,"bm":0},{"ddd":0,"ind":3,"ty":5,"nm":"婚礼","sr":1,"ks":{"o":{"a":0,"k":100,"ix":11},"r":{"a":0,"k":0,"ix":10},"p":{"a":1,"k":[{"i":{"x":0.667,"y":1},"o":{"x":0.333,"y":0},"t":23,"s":[2065,578,0],"to":[-129.5,0,0],"ti":[104.667,0,0]},{"i":{"x":0.667,"y":1},"o":{"x":0.108,"y":0},"t":33,"s":[1288,578,0],"to":[-104.667,0,0],"ti":[-2.333,0,0]},{"i":{"x":0.667,"y":1},"o":{"x":0.072,"y":0},"t":38,"s":[1437,578,0],"to":[2.333,0,0],"ti":[17.833,0,0]},{"i":{"x":0.667,"y":1},"o":{"x":0.195,"y":0},"t":40,"s":[1302,578,0],"to":[-17.833,0,0],"ti":[-1.667,0,0]},{"i":{"x":0.667,"y":1},"o":{"x":0.192,"y":0},"t":42,"s":[1330,578,0],"to":[1.667,0,0],"ti":[3,0,0]},{"t":44,"s":[1312,578,0]}],"ix":2},"a":{"a":0,"k":[0,0,0],"ix":1},"s":{"a":0,"k":[100,100,100],"ix":6}},"ao":0,"t":{"d":{"k":[{"s":{"s":130,"f":"SourceHanSansCN-Normal","nm":"婚礼 2","t":"婚礼","j":2,"tr":0,"lh":156,"ls":0,"fc":[0.992,0.202,0.611]},"t":0}]},"p":{},"m":{"g":1,"a":{"a":0,"k":[0,0],"ix":2}},"a":[]},"ip":0,"op":83,"st":-17,"bm":0}]}],"fonts":{"list":[{"origin":0,"fPath":"C:\\Windows\\Fonts\\SOURCEHANSANSCN-MEDIUM.OTF","fClass":"","fFamily":"Source Han Sans CN","fWeight":"","fStyle":"Medium","fName":"SourceHanSansCN-Normal","ascent":79.5989990234375,"u":"fonts/"},{"origin":0,"fPath":"C:\\Windows\\Fonts\\SOURCEHANSANSCN-BOLD.OTF","fClass":"","fFamily":"Source Han Sans CN","fWeight":"","fStyle":"Bold","fName":"SourceHanSansCN-Bold","ascent":79.7988891601563,"u":"fonts/"}]},"layers":[{"ddd":0,"ind":1,"ty":0,"nm":"时间","refId":"comp_0","sr":1,"ks":{"o":{"a":0,"k":100,"ix":11},"r":{"a":0,"k":0,"ix":10},"p":{"a":0,"k":[960,540,0],"ix":2},"a":{"a":0,"k":[960,540,0],"ix":1},"s":{"a":0,"k":[100,100,100],"ix":6}},"ao":0,"w":1920,"h":1080,"ip":506,"op":612,"st":506,"bm":0},{"ddd":0,"ind":2,"ty":0,"nm":"3.  竖3格","refId":"comp_5","sr":1,"ks":{"o":{"a":0,"k":100,"ix":11},"r":{"a":0,"k":0,"ix":10},"p":{"a":0,"k":[960,540,0],"ix":2},"a":{"a":0,"k":[960,540,0],"ix":1},"s":{"a":1,"k":[{"i":{"x":[0.833,0.833,0.833],"y":[0.833,0.833,0.833]},"o":{"x":[0.167,0.167,0.167],"y":[0.167,0.167,0.167]},"t":506.833,"s":[100,100,100]},{"t":513.5,"s":[150,150,100]}],"ix":6}},"ao":0,"w":1920,"h":1080,"ip":383.5,"op":508.5,"st":383.5,"bm":0},{"ddd":0,"ind":3,"ty":0,"nm":"sparking","refId":"comp_14","sr":1,"ks":{"o":{"a":0,"k":100,"ix":11},"r":{"a":0,"k":0,"ix":10},"p":{"a":0,"k":[960,540,0],"ix":2},"a":{"a":0,"k":[960,540,0],"ix":1},"s":{"a":0,"k":[100,100,100],"ix":6}},"ao":0,"w":1920,"h":1080,"ip":192,"op":397,"st":192,"bm":0},{"ddd":0,"ind":4,"ty":0,"nm":"smiling","refId":"comp_15","sr":1,"ks":{"o":{"a":0,"k":100,"ix":11},"r":{"a":0,"k":0,"ix":10},"p":{"a":0,"k":[960,540,0],"ix":2},"a":{"a":0,"k":[960,540,0],"ix":1},"s":{"a":0,"k":[100,100,100],"ix":6}},"ao":0,"w":1920,"h":1080,"ip":82,"op":188,"st":82,"bm":0},{"ddd":0,"ind":5,"ty":0,"nm":"九宫格","refId":"comp_18","sr":1,"ks":{"o":{"a":0,"k":100,"ix":11},"r":{"a":0,"k":0,"ix":10},"p":{"a":0,"k":[960,540,0],"ix":2},"a":{"a":0,"k":[960,540,0],"ix":1},"s":{"a":0,"k":[100,100,100],"ix":6}},"ao":0,"w":1920,"h":1080,"ip":82,"op":393,"st":82,"bm":0},{"ddd":0,"ind":6,"ty":0,"nm":"re_txt_欢迎来到我们的婚礼 合成 1","refId":"comp_28","sr":1,"ks":{"o":{"a":0,"k":100,"ix":11},"r":{"a":0,"k":0,"ix":10},"p":{"a":0,"k":[960,540,0],"ix":2},"a":{"a":0,"k":[960,540,0],"ix":1},"s":{"a":0,"k":[100,100,100],"ix":6}},"ao":0,"w":1920,"h":1080,"ip":0,"op":82,"st":-1,"bm":0},{"ddd":0,"ind":7,"ty":1,"nm":"白色bg","sr":1,"ks":{"o":{"a":0,"k":100,"ix":11},"r":{"a":0,"k":0,"ix":10},"p":{"a":0,"k":[960,540,0],"ix":2},"a":{"a":0,"k":[960,540,0],"ix":1},"s":{"a":0,"k":[100,100,100],"ix":6}},"ao":0,"sw":1920,"sh":1080,"sc":"#ffffff","ip":0,"op":612,"st":-14,"bm":0},{"ddd":0,"ind":8,"ty":6,"nm":"re_aud_Daddy+Yankee-Dura 加前奏.mp3","cl":"mp3","refId":"audio_0","sr":1,"ks":{"o":{"a":0,"k":100,"ix":11},"r":{"a":0,"k":0,"ix":10},"p":{"a":0,"k":[960,540,0],"ix":2},"a":{"a":0,"k":[0.5,0.5,0],"ix":1},"s":{"a":0,"k":[100,100,100],"ix":6}},"ao":0,"ip":0,"op":612,"st":-13.5,"bm":0}],"markers":[]}