{"tv":"1.0.0","fix":"tutucloud.com","v":"5.5.5","fr":25,"ip":0,"op":250,"w":540,"h":960,"nm":"生日快乐","ddd":0,"assets":[{"ty":2,"id":"audio_0","u":"audios/","p":"audio_0.mp3","e":0,"nm":"Ukulele Song.mp3","du":138.710204081633},{"ty":1,"id":"image_0","w":540,"h":960,"u":"images/","p":"img_0.png","e":0,"nm":"bg1.jpg"},{"ty":1,"id":"image_1","w":320,"h":320,"u":"images/","p":"img_1.png","e":0,"nm":"皇冠.png"},{"ty":1,"id":"image_2","w":526,"h":350,"u":"images/","p":"img_2.png","e":0,"nm":"re_img_2"},{"ty":1,"id":"image_3","w":738,"h":491,"u":"images/","p":"img_3.png","e":0,"nm":"re_img_1"},{"ty":1,"id":"image_4","w":491,"h":738,"u":"images/","p":"img_4.png","e":0,"nm":"re_img_0"},{"id":"comp_0","layers":[{"ddd":0,"ind":1,"ty":2,"nm":"皇冠.png","cl":"png","refId":"image_1","sr":1,"ks":{"r":{"a":1,"k":[{"i":{"x":[0.833],"y":[0.833]},"o":{"x":[0.167],"y":[0.167]},"t":10,"s":[-35.538]},{"i":{"x":[0.833],"y":[0.833]},"o":{"x":[0.167],"y":[0.167]},"t":20,"s":[-24]},{"i":{"x":[0.833],"y":[0.833]},"o":{"x":[0.167],"y":[0.167]},"t":40,"s":[-44]},{"i":{"x":[0.833],"y":[0.833]},"o":{"x":[0.167],"y":[0.167]},"t":60,"s":[-24]},{"i":{"x":[0.833],"y":[0.833]},"o":{"x":[0.167],"y":[0.167]},"t":80,"s":[-44]},{"i":{"x":[0.833],"y":[0.833]},"o":{"x":[0.167],"y":[0.167]},"t":100,"s":[-24]},{"i":{"x":[0.833],"y":[0.833]},"o":{"x":[0.167],"y":[0.167]},"t":120,"s":[-44]},{"i":{"x":[0.833],"y":[0.833]},"o":{"x":[0.167],"y":[0.167]},"t":140,"s":[-24]},{"i":{"x":[0.833],"y":[0.833]},"o":{"x":[0.167],"y":[0.167]},"t":160,"s":[-44]},{"i":{"x":[0.833],"y":[0.833]},"o":{"x":[0.167],"y":[0.167]},"t":180,"s":[-24]},{"i":{"x":[0.833],"y":[0.833]},"o":{"x":[0.167],"y":[0.167]},"t":200,"s":[-44]},{"i":{"x":[0.833],"y":[0.833]},"o":{"x":[0.167],"y":[0.167]},"t":220,"s":[-24]},{"t":240,"s":[-44]}]},"p":{"a":1,"k":[{"i":{"x":0.833,"y":0.833},"o":{"x":0.167,"y":0.167},"t":0,"s":[270,124,0],"to":[0,2.333,0],"ti":[0,-2.333,0]},{"t":10,"s":[270,138,0]}]},"a":{"a":0,"k":[160,160,0]},"s":{"a":0,"k":[66.25,66.25,100]}},"ao":0,"ip":0,"op":250,"st":0,"bm":0}]},{"id":"comp_1","layers":[{"ddd":0,"ind":1,"ty":0,"nm":"re_vid_2","refId":"comp_2","sr":1,"ks":{"p":{"a":1,"k":[{"i":{"x":0.833,"y":0.833},"o":{"x":0.167,"y":0.167},"t":175,"s":[270,1012,0],"to":[0,-96.667,0],"ti":[0,96.667,0]},{"t":188,"s":[270,432,0]}]},"a":{"a":0,"k":[263,175,0]},"s":{"a":0,"k":[170,170,100]}},"ao":0,"w":526,"h":350,"ip":175,"op":250,"st":175,"bm":0},{"ddd":0,"ind":2,"ty":0,"nm":"re_vid_1","refId":"comp_3","sr":1,"ks":{"p":{"a":1,"k":[{"i":{"x":0.833,"y":0.833},"o":{"x":0.167,"y":0.167},"t":87,"s":[127,1008.667,0],"to":[0,-95.833,0],"ti":[0,95.833,0]},{"t":99,"s":[127,433.667,0]}]},"a":{"a":0,"k":[369,245.5,0]},"s":{"a":0,"k":[120,120,100]}},"ao":0,"w":738,"h":491,"ip":87,"op":188,"st":87,"bm":0},{"ddd":0,"ind":3,"ty":0,"nm":"re_vid_0","refId":"comp_4","sr":1,"ks":{"p":{"a":0,"k":[270,463,0]},"a":{"a":0,"k":[245.5,369,0]}},"ao":0,"w":491,"h":738,"ip":0,"op":100,"st":0,"bm":0}]},{"id":"comp_2","layers":[{"ddd":0,"ind":1,"ty":2,"nm":"re_img_2","refId":"image_2","sr":1,"ks":{"p":{"a":0,"k":[263,175,0]},"a":{"a":0,"k":[263,175,0]}},"ao":0,"ip":0,"op":75,"st":-175,"bm":0}]},{"id":"comp_3","layers":[{"ddd":0,"ind":1,"ty":2,"nm":"re_img_1","refId":"image_3","sr":1,"ks":{"p":{"a":0,"k":[369,245.5,0]},"a":{"a":0,"k":[369,245.5,0]}},"ao":0,"ip":0,"op":101,"st":-87,"bm":0}]},{"id":"comp_4","layers":[{"ddd":0,"ind":1,"ty":2,"nm":"re_img_0","refId":"image_4","sr":1,"ks":{"p":{"a":0,"k":[245.5,369,0]},"a":{"a":0,"k":[245.5,369,0]}},"ao":0,"ip":0,"op":100,"st":0,"bm":0}]}],"fonts":{"list":[{"origin":0,"fPath":"C:\\Windows\\Fonts\\SOURCEHANSANSCN-MEDIUM.OTF","fClass":"","fFamily":"Source Han Sans CN","fWeight":"","fStyle":"Medium","fName":"SourceHanSansCN-Normal","ascent":79.5989990234375,"u":"fonts/"}]},"layers":[{"ddd":0,"ind":1,"ty":5,"nm":"re_txt_祝福语","sr":1,"ks":{"p":{"a":0,"k":[263.793,878.024,0]},"a":{"a":0,"k":[-0.129,-8.396,0]},"s":{"a":1,"k":[{"i":{"x":[0.833,0.833,0.833],"y":[0.833,0.833,0.833]},"o":{"x":[0.167,0.167,0.167],"y":[0.167,0.167,0.167]},"t":50,"s":[0,0,100]},{"t":63,"s":[100,100,100]}]}},"ao":0,"t":{"d":{"k":[{"s":{"s":24,"f":"SourceHanSansCN-Normal","nm":"re_txt_祝福语 2","t":"祝福语","j":2,"tr":100,"lh":28.8,"ls":0,"fc":[1,1,1]},"t":0}]},"p":{},"m":{"g":1,"a":{"a":0,"k":[0,0]}},"a":[]},"ip":38,"op":250,"st":0,"bm":0},{"ddd":0,"ind":2,"ty":1,"nm":"品蓝色 纯色 1","sr":1,"ks":{"p":{"a":0,"k":[263.946,878.234,0]},"a":{"a":0,"k":[225.125,820.375,0]},"s":{"a":1,"k":[{"i":{"x":[0.833,0.833,0.833],"y":[0.833,0.833,0.833]},"o":{"x":[0.167,0.167,0.167],"y":[0.167,0.167,0.167]},"t":50,"s":[0,0,100]},{"t":63,"s":[100,100,100]}]}},"ao":0,"hasMask":true,"masksProperties":[{"inv":false,"mode":"a","pt":{"a":0,"k":{"i":[[11.046,0],[0,0],[0,-11.046],[0,0],[-11.046,0],[0,0],[0,11.046],[0,0]],"o":[[0,0],[-11.046,0],[0,0],[0,11.046],[0,0],[11.046,0],[0,0],[0,-11.046]],"v":[[353.249,800],[97,800],[77,820],[77,820.75],[97,840.75],[353.249,840.75],[373.249,820.75],[373.249,820]],"c":true}},"o":{"a":0,"k":100},"x":{"a":0,"k":0},"nm":"蒙版 1"}],"sw":540,"sh":960,"sc":"#328dfd","ip":38,"op":250,"st":0,"bm":0},{"ddd":0,"ind":3,"ty":5,"nm":"re_txt_此处文字可替换","sr":1,"ks":{"p":{"a":0,"k":[263.946,823.971,0]},"a":{"a":0,"k":[0.023,-8.449,0]},"s":{"a":1,"k":[{"i":{"x":[0.833,0.833,0.833],"y":[0.833,0.833,0.833]},"o":{"x":[0.167,0.167,0.167],"y":[0.167,0.167,0.167]},"t":38,"s":[0,0,100]},{"t":51,"s":[100,100,100]}]}},"ao":0,"t":{"d":{"k":[{"s":{"s":24,"f":"SourceHanSansCN-Normal","nm":"re_txt_此处文字可替换 2","t":"此处文字可替换","j":2,"tr":100,"lh":28.8,"ls":0,"fc":[1,1,1]},"t":0}]},"p":{},"m":{"g":1,"a":{"a":0,"k":[0,0]}},"a":[]},"ip":38,"op":250,"st":0,"bm":0},{"ddd":0,"ind":4,"ty":1,"nm":"品蓝色 纯色 1","sr":1,"ks":{"p":{"a":0,"k":[263.946,824.234,0]},"a":{"a":0,"k":[275,820.375,0]},"s":{"a":1,"k":[{"i":{"x":[0.833,0.833,0.833],"y":[0.833,0.833,0.833]},"o":{"x":[0.167,0.167,0.167],"y":[0.167,0.167,0.167]},"t":38,"s":[0,0,100]},{"t":51,"s":[100,100,100]}]}},"ao":0,"hasMask":true,"masksProperties":[{"inv":false,"mode":"a","pt":{"a":0,"k":{"i":[[11.046,0],[0,0],[0,-11.046],[0,0],[-11.046,0],[0,0],[0,11.046],[0,0]],"o":[[0,0],[-11.046,0],[0,0],[0,11.046],[0,0],[11.046,0],[0,0],[0,-11.046]],"v":[[453,800],[97,800],[77,820],[77,820.75],[97,840.75],[453,840.75],[473,820.75],[473,820]],"c":true}},"o":{"a":0,"k":100},"x":{"a":0,"k":0},"nm":"蒙版 1"}],"sw":540,"sh":960,"sc":"#328dfd","ip":38,"op":250,"st":0,"bm":0},{"ddd":0,"ind":5,"ty":4,"nm":"“生日快乐”轮廓","sr":1,"ks":{"p":{"a":0,"k":[266,778,0]}},"ao":0,"shapes":[{"ty":"gr","it":[{"ind":0,"ty":"sh","ks":{"a":0,"k":{"i":[[0,-1.066],[-0.694,-4.746],[-0.534,-1.76],[-2.027,0.214],[-0.108,0.747],[0.106,5.12],[0.586,3.628],[2.72,-0.212]],"o":[[0.106,3.84],[0.693,4.747],[0.16,1.014],[2.026,-0.266],[0.212,-1.44],[-0.16,-5.12],[-0.214,-1.013],[-2.774,0.16]],"v":[[-147.92,-59.28],[-146.72,-46.4],[-144.88,-36.64],[-141.6,-35.44],[-138.4,-36.96],[-138.24,-46.8],[-139.36,-59.92],[-143.76,-61.12]],"c":true}},"nm":"生","hd":false},{"ind":1,"ty":"sh","ks":{"a":0,"k":{"i":[[-0.054,2.027],[0.64,0.054],[5.972,-0.106],[0,3.574],[-1.387,0.054],[-1.6,0],[-3.52,0.534],[-0.028,2.934],[1.12,0.054],[2.613,-0.32],[2.452,-0.372],[0.212,2.4],[2.48,0.054],[0.106,-0.96],[0.106,-3.2],[0.692,-0.053],[3.413,-0.372],[0,-2.4],[-1.067,0.054],[-4,0.054],[-0.16,-4.053],[3.2,-0.64],[0,-1.92],[-0.96,-0.052],[-9.014,0.054],[-0.374,-3.52],[2.026,-0.16],[3.253,-0.426],[-0.214,-2.133],[-0.8,0.107],[-2.4,0.214],[-4.8,0.107],[-2.134,0],[-4,0],[-0.214,2.507],[1.012,0.16],[4.266,-0.052],[1.28,-0.106],[-0.268,4.854],[-5.708,0.64]],"o":[[0,-1.972],[-5.654,-0.372],[0.052,-4.106],[2.026,-0.106],[2.613,-0.212],[1.6,0],[1.173,0],[0.026,-2.932],[-6.028,0],[-1.92,0.16],[-0.214,-2.773],[-0.107,-0.906],[-2.48,-0.053],[-0.32,2.88],[-0.854,0.107],[-2.294,0.107],[-1.228,-0.106],[-0.054,2.4],[3.253,0.16],[-0.16,3.628],[-8.374,0.48],[-0.8,0.054],[0,1.92],[2.506,0.32],[0.16,5.28],[-3.04,0.747],[-2.08,0.16],[-0.854,0],[0.16,2.188],[2.826,-0.212],[2.4,-0.212],[4.8,-0.106],[2.132,0],[0.96,0.054],[0.213,-2.506],[-3.788,-0.746],[-1.494,0],[0.266,-3.253],[6.08,-0.32],[0.64,-0.16]],"v":[[-94.72,-28.96],[-95.68,-32],[-113.12,-32.4],[-113.04,-43.92],[-107.92,-44.16],[-101.6,-44.48],[-93.92,-45.28],[-92.12,-49.68],[-93.76,-54.16],[-106.72,-53.68],[-113.28,-52.88],[-113.92,-60.64],[-117.8,-62.08],[-121.68,-60.72],[-122.32,-51.6],[-124.64,-51.36],[-133.2,-50.64],[-135.04,-47.2],[-133.52,-43.68],[-122.64,-43.52],[-122.64,-32],[-140,-30.32],[-141.2,-27.36],[-139.76,-24.4],[-122.48,-24],[-121.68,-10.8],[-129.28,-9.44],[-137.28,-8.56],[-138.24,-5.36],[-136.8,-2.24],[-128.96,-2.88],[-118.16,-3.36],[-107.76,-3.52],[-98.56,-3.52],[-96.8,-7.2],[-98,-11.2],[-110.08,-12.24],[-114.24,-12.08],[-113.44,-24.24],[-95.76,-25.68]],"c":true}},"nm":"生","hd":false},{"ty":"mm","mm":1,"nm":"合并路径 1","hd":false},{"ty":"fl","c":{"a":0,"k":[1,1,1,1]},"o":{"a":0,"k":100},"r":1,"bm":0,"nm":"填充 1","hd":false},{"ty":"tr","p":{"a":0,"k":[0,0]},"a":{"a":0,"k":[0,0]},"s":{"a":0,"k":[100,100]},"r":{"a":0,"k":0},"o":{"a":0,"k":100},"sk":{"a":0,"k":0},"sa":{"a":0,"k":0},"nm":"变换"}],"nm":"生","bm":0,"hd":false},{"ty":"gr","it":[{"ind":0,"ty":"sh","ks":{"a":0,"k":{"i":[[1.146,-0.106],[0.56,-0.32],[-0.054,-1.226],[-0.374,-4.266],[-0.694,-6.133],[-0.854,-4.852],[-1.334,-1.333],[-2.24,-0.106],[-1.867,0.027],[-1.92,0.16],[-2.4,0.374],[-0.64,0.427],[0.372,1.974],[1.546,-0.426],[1.653,-0.132],[1.493,-0.106],[2.452,0],[0.106,1.494],[0.64,5.548],[0.533,4.16],[0.692,4.694],[0.852,0.268]],"o":[[-1.148,0.108],[-0.56,0.32],[0,3.414],[0.32,4.268],[0.746,6.08],[0.372,1.867],[1.28,1.387],[2.88,0.16],[1.866,-0.026],[1.866,-0.213],[1.012,-0.32],[0.693,-0.48],[-0.428,-2.026],[-2.08,0.32],[-1.654,0.134],[-1.547,0.054],[-1.388,0],[-0.374,-3.36],[-0.64,-5.546],[-0.534,-4.212],[-0.214,-1.6],[-0.8,-0.212]],"v":[[-62.92,-57.84],[-65.48,-57.2],[-66.24,-54.88],[-65.68,-43.36],[-64.16,-27.76],[-61.76,-11.36],[-59.2,-6.56],[-53.92,-4.32],[-46.8,-4.12],[-41.12,-4.4],[-34.72,-5.28],[-32.24,-6.4],[-31.76,-10.08],[-34.72,-12.48],[-40.32,-11.8],[-45.04,-11.44],[-51.04,-11.36],[-53.28,-13.6],[-54.8,-26.96],[-56.56,-41.52],[-58.4,-54.88],[-60,-57.68]],"c":true}},"nm":"日","hd":false},{"ind":1,"ty":"sh","ks":{"a":0,"k":{"i":[[-0.8,-0.106],[-3.2,0.16],[-1.227,0.214],[0.026,2.294],[1.066,-0.053],[3.253,0],[2.88,-0.32],[0,-2.4]],"o":[[2.88,0.16],[3.2,-0.16],[0.906,-0.16],[-0.027,-2.292],[-0.908,-0.212],[-3.2,-0.052],[-0.854,0.107],[0,2.4]],"v":[[-48.56,-29.2],[-39.44,-29.2],[-32.8,-29.76],[-31.48,-33.44],[-33.12,-36.8],[-39.36,-37.12],[-48.48,-36.72],[-49.76,-32.96]],"c":true}},"nm":"日","hd":false},{"ind":2,"ty":"sh","ks":{"a":0,"k":{"i":[[2.906,-0.213],[4.906,-1.28],[0.213,-0.692],[0,-0.88],[-0.32,-0.586],[-0.854,0.054],[-3.04,0.16],[-2.507,0.107],[-2.4,-0.16],[0,-0.64],[1.066,-15.84],[-0.934,-0.266],[-1.334,0.054],[-0.347,0.24],[-0.268,0.96],[-0.587,4.8],[-0.534,5.76],[-0.16,4.96],[1.492,0.534],[1.492,0.054],[0.212,-1.066],[2.88,-0.16]],"o":[[-2.908,0.214],[-1.014,0.107],[-0.214,0.694],[0,0.88],[0.266,0.588],[4.48,-0.96],[2.986,-0.213],[2.453,-0.053],[1.28,0.107],[-1.44,13.494],[-0.16,1.068],[0.932,0.268],[1.28,-0.106],[0.346,-0.24],[1.386,-6.346],[0.586,-4.853],[0.48,-5.706],[0.266,-2.452],[-1.548,-0.48],[-1.548,0],[-3.148,-0.266],[-2.88,0.16]],"v":[[-40.76,-59.92],[-52.48,-57.68],[-54.32,-56.48],[-54.64,-54.12],[-54.16,-51.92],[-52.48,-51.12],[-41.2,-52.8],[-32.96,-53.28],[-25.68,-53.12],[-23.76,-52],[-27.52,-8],[-26.36,-6],[-22.96,-5.68],[-20.52,-6.2],[-19.6,-8],[-16.64,-24.72],[-14.96,-40.64],[-14,-56.64],[-15.84,-61.12],[-20.4,-61.92],[-23.04,-60.32],[-32.08,-60.48]],"c":true}},"nm":"日","hd":false},{"ty":"mm","mm":1,"nm":"合并路径 1","hd":false},{"ty":"fl","c":{"a":0,"k":[1,1,1,1]},"o":{"a":0,"k":100},"r":1,"bm":0,"nm":"填充 1","hd":false},{"ty":"tr","p":{"a":0,"k":[0,0]},"a":{"a":0,"k":[0,0]},"s":{"a":0,"k":[100,100]},"r":{"a":0,"k":0},"o":{"a":0,"k":100},"sk":{"a":0,"k":0},"sa":{"a":0,"k":0},"nm":"变换"}],"nm":"日","bm":0,"hd":false},{"ty":"gr","it":[{"ind":0,"ty":"sh","ks":{"a":0,"k":{"i":[[0.106,2.188],[0.746,0.054],[1.652,0.107],[-0.428,1.494],[-0.587,2.827],[-0.16,3.04],[1.173,0.48],[1.386,0.268],[0.426,-0.96],[2.88,0],[0.532,0],[-0.214,2.827],[2.772,0.108],[0.053,-1.12],[0.372,-3.52],[4,-0.746],[0.16,-0.692],[0,-0.906],[-0.428,-0.586],[-0.534,0.054],[-2.72,0.268],[0.8,-5.066],[0.212,-1.28],[3.52,-0.533],[-0.294,-2.533],[-1.068,0.054],[-3.2,0.32],[0.212,-1.493],[1.333,-6.72],[-2.4,-0.268],[-0.268,0.8],[-1.174,4.854],[-0.747,4.054],[-0.747,0],[-3.148,0.054],[-4.268,-0.053]],"o":[[-0.16,-2.186],[-1.494,-0.212],[0.48,-1.44],[0.64,-2.346],[0.533,-2.826],[0.533,-2.08],[-1.174,-0.48],[-1.388,-0.266],[-3.148,-0.266],[-0.534,0],[0.212,-2.88],[0.052,-1.386],[-2.827,-0.052],[-0.374,2.988],[-2.668,0.32],[-1.014,0.107],[-0.16,0.694],[0,0.908],[0.372,0.588],[3.466,-0.746],[-0.534,4.48],[-0.214,1.334],[-3.52,0.16],[-1.228,0.107],[0.292,2.534],[2.506,-0.266],[-0.32,1.494],[-0.96,4.96],[-0.32,1.226],[2.346,0.266],[1.173,-3.786],[0.8,-3.36],[0.64,-0.053],[3.68,-0.16],[3.146,-0.053],[1.12,0.054]],"v":[[74.56,-26.72],[73.2,-30.08],[68.48,-30.56],[69.84,-34.96],[71.68,-42.72],[72.72,-51.52],[71.76,-55.36],[67.92,-56.48],[65.2,-55.44],[56.16,-55.84],[54.56,-55.84],[55.2,-64.4],[51.12,-66.64],[46.8,-65.04],[45.68,-55.28],[35.68,-53.68],[33.92,-52.48],[33.68,-50.08],[34.32,-47.84],[35.68,-47.04],[44.96,-48.56],[42.96,-34.24],[42.32,-30.32],[31.76,-29.28],[30.36,-25.32],[32.4,-21.6],[40.96,-22.48],[40.16,-18],[36.72,-0.48],[39.84,1.76],[43.76,0.96],[47.28,-12],[49.6,-23.12],[51.68,-23.2],[61.92,-23.52],[73.04,-23.52]],"c":true}},"nm":"快","hd":false},{"ind":1,"ty":"sh","ks":{"a":0,"k":{"i":[[2.24,-0.106],[1.012,-0.106],[-0.8,5.174],[-0.108,0.64],[-0.268,0],[-2.188,-0.106],[0.16,-0.746],[0.906,-6.613]],"o":[[-1.12,0],[0.906,-5.706],[0.106,-0.8],[0.266,-0.052],[2.506,-0.053],[1.173,0.107],[-0.854,4.694],[-2.028,-0.052]],"v":[[54.08,-30.8],[50.88,-30.64],[53.44,-46.96],[53.76,-49.12],[54.56,-49.2],[61.6,-49.12],[63.12,-47.84],[60.48,-30.88]],"c":true}},"nm":"快","hd":false},{"ind":2,"ty":"sh","ks":{"a":0,"k":{"i":[[1.226,0.48],[0.932,0.348],[0.853,0.268],[0.852,-1.893],[-0.694,-0.426],[-0.908,-0.586],[-1.067,-0.533],[-1.28,-0.64],[-1.548,-0.693],[-1.12,2.508],[0.853,0.214],[1.28,0.534]],"o":[[-1.28,-0.48],[-0.934,-0.346],[-0.747,-0.266],[-0.854,1.894],[0.64,0.48],[0.906,0.534],[1.013,0.588],[1.28,0.64],[1.12,0.48],[1.12,-2.56],[-1.6,-0.852],[-1.28,-0.533]],"v":[[60,-11.92],[56.68,-13.16],[54,-14.08],[51.6,-11.64],[51.36,-8.16],[53.68,-6.56],[56.64,-4.96],[60.08,-3.12],[64.32,-1.12],[67.68,-4.16],[68.08,-8.32],[63.76,-10.4]],"c":true}},"nm":"快","hd":false},{"ind":3,"ty":"sh","ks":{"a":0,"k":{"i":[[0.372,-1.226],[0.32,-1.28],[-2.08,-0.613],[-0.374,0.8],[-0.374,1.36],[-0.32,2],[-0.107,1.708],[1.813,0.16],[0.212,-0.853],[0.372,-1.44]],"o":[[-0.428,1.227],[-0.268,1.068],[2.08,0.614],[0.533,-1.226],[0.372,-1.36],[0.32,-2],[0,-0.96],[-1.814,-0.213],[-0.534,2.027],[-0.428,1.44]],"v":[[5.68,-31.92],[4.56,-28.16],[7.28,-25.64],[10.96,-25.92],[12.32,-29.8],[13.36,-34.84],[14,-40.4],[11.28,-42.08],[8.24,-41.12],[6.88,-35.92]],"c":true}},"nm":"快","hd":false},{"ind":4,"ty":"sh","ks":{"a":0,"k":{"i":[[0.052,2.454],[-1.2,-0.372],[-1.334,-0.266],[-0.534,2.374],[0.906,0.24],[1.12,0.214],[1.226,0.267],[0.906,0.214],[0,0.854],[0.16,1.6],[1.146,0.214],[1.173,-0.24],[0.106,-0.693],[-0.054,-6.506],[-0.267,-6.346],[-0.64,-2.932],[-0.96,-0.106],[-1.014,0.134],[-0.054,0.64],[0.16,7.307]],"o":[[1.226,0.268],[1.2,0.374],[1.12,0.268],[0.533,-2.372],[-0.908,-0.24],[-1.12,-0.213],[-1.12,-0.32],[-0.107,-1.012],[-0.268,-4.8],[-0.107,-0.586],[-1.148,-0.212],[-1.174,0.24],[-0.054,3.147],[0.053,6.454],[0.266,6.347],[0.053,0.587],[0.96,0.107],[1.012,-0.133],[0.586,-5.973],[-0.107,-2.88]],"v":[[24.96,-36],[28.6,-35.04],[32.4,-34.08],[34.88,-37.24],[34.32,-41.16],[31.28,-41.84],[27.76,-42.56],[24.72,-43.36],[24.56,-46.16],[23.92,-55.76],[22.04,-56.96],[18.56,-56.92],[16.64,-55.52],[16.64,-41.04],[17.12,-21.84],[18.48,-7.92],[20,-6.88],[22.96,-6.92],[24.56,-8.08],[25.2,-28]],"c":true}},"nm":"快","hd":false},{"ty":"mm","mm":1,"nm":"合并路径 1","hd":false},{"ty":"fl","c":{"a":0,"k":[1,1,1,1]},"o":{"a":0,"k":100},"r":1,"bm":0,"nm":"填充 1","hd":false},{"ty":"tr","p":{"a":0,"k":[0,0]},"a":{"a":0,"k":[0,0]},"s":{"a":0,"k":[100,100]},"r":{"a":0,"k":0},"o":{"a":0,"k":100},"sk":{"a":0,"k":0},"sa":{"a":0,"k":0},"nm":"变换"}],"nm":"快","bm":0,"hd":false},{"ty":"gr","it":[{"ind":0,"ty":"sh","ks":{"a":0,"k":{"i":[[0.266,2.988],[2.452,-0.053],[0.106,-1.066],[0.106,-8.426],[5.333,0.48],[0.106,0.374],[-0.107,0.428],[-0.854,2.747],[-0.587,2.08],[-0.268,0.96],[-1.228,0.214],[-5.334,0.56],[-2.374,0.214],[-4.428,0.374],[0.026,2.4],[0.96,0.107],[4.746,-0.452],[3.466,-1.226],[2.346,-0.372],[3.52,-0.746],[-0.107,-1.28],[0.64,-2.133],[0.96,-3.252],[0.266,-1.226],[-0.428,-1.173],[-1.92,-0.373],[-5.92,0.107],[-1.387,0],[0,-0.372],[-0.427,-5.12],[-2.214,0.026],[-0.107,1.013],[-0.32,13.28],[-0.054,1.068],[-1.28,0.054],[-6.294,1.28],[-0.64,0.32],[0.186,1.307],[0.48,1.014],[0.906,-0.533],[5.866,-0.586]],"o":[[-0.107,-1.066],[-2.4,0],[-0.534,2.56],[-5.068,0.108],[-0.694,-0.16],[-0.107,-0.426],[0.212,-0.8],[0.852,-2.746],[0.213,-0.906],[1.28,-0.212],[2.612,-0.48],[5.332,-0.56],[2.372,-0.213],[0.96,0],[-0.027,-2.4],[-4.268,-0.48],[-4.748,0.454],[-3.414,1.174],[-2.348,0.374],[-0.64,0],[-0.694,1.494],[-0.694,2.294],[-0.96,3.254],[-0.32,1.814],[0.426,1.12],[5.653,0.694],[1.386,-0.052],[0,0.32],[-0.107,12.908],[0.053,1.066],[2.212,-0.028],[0.64,-3.466],[0,-1.226],[1.226,-0.16],[5.333,-0.426],[1.066,-0.266],[0.586,-0.266],[-0.188,-1.306],[-0.534,-1.066],[-8.16,1.814],[0.052,-7.732]],"v":[[124.24,-51.04],[120.4,-52.56],[116.64,-50.96],[115.68,-34.48],[100.08,-35.04],[98.88,-35.84],[98.88,-37.12],[100.48,-42.44],[102.64,-49.68],[103.36,-52.48],[107.12,-53.12],[119.04,-54.68],[130.6,-55.84],[140.8,-56.72],[142.2,-60.32],[140.72,-64.08],[127.2,-64.12],[114.88,-61.6],[106.24,-59.28],[97.44,-57.6],[96.64,-55.68],[94.64,-50.24],[92.16,-41.92],[90.32,-35.2],[90.48,-30.72],[94,-28.48],[111.36,-27.6],[115.52,-27.68],[115.52,-26.64],[116,0.4],[119.4,1.96],[122.88,0.4],[124.32,-24.72],[124.4,-28.16],[128.16,-28.48],[145.6,-31.04],[148.16,-31.92],[148.76,-34.28],[147.76,-37.76],[145.6,-38.56],[124.56,-34.96]],"c":true}},"nm":"乐","hd":false},{"ind":1,"ty":"sh","ks":{"a":0,"k":{"i":[[1.652,0.64],[0.96,-1.173],[0.373,-1.226],[-0.694,-0.48],[-2.48,-1.066],[-1.92,-0.48],[-0.694,0.934],[-0.348,1.04],[0.586,0.428],[2.132,1.387]],"o":[[-0.8,-0.372],[-1.014,1.174],[-0.427,1.28],[1.813,1.387],[2.48,1.068],[0.533,0.16],[0.692,-0.932],[0.346,-1.04],[-1.974,-1.386],[-2.08,-1.333]],"v":[[137.92,-20.08],[135.28,-18.88],[133.2,-15.28],[133.6,-12.64],[140.04,-8.96],[146.64,-6.64],[148.48,-7.8],[150.04,-10.76],[149.68,-12.96],[143.52,-17.12]],"c":true}},"nm":"乐","hd":false},{"ind":2,"ty":"sh","ks":{"a":0,"k":{"i":[[-1.6,2.134],[0.746,1.227],[1.012,0.694],[0.586,-0.48],[2.452,-3.2],[1.333,-2.666],[-0.64,-0.746],[-0.774,-0.48],[-0.48,0.374],[-2.667,2.614]],"o":[[0.48,-0.586],[-0.8,-1.226],[-1.014,-0.693],[-2.72,2.134],[-2.454,3.2],[-0.32,0.374],[0.64,0.747],[0.772,0.48],[2.666,-2.346],[2.72,-2.613]],"v":[[109.12,-17.92],[108.72,-20.64],[106,-23.52],[103.6,-23.84],[95.84,-15.84],[90.16,-7.04],[90.64,-5.36],[92.76,-3.52],[94.64,-3.36],[102.64,-10.8]],"c":true}},"nm":"乐","hd":false},{"ty":"mm","mm":1,"nm":"合并路径 1","hd":false},{"ty":"fl","c":{"a":0,"k":[1,1,1,1]},"o":{"a":0,"k":100},"r":1,"bm":0,"nm":"填充 1","hd":false},{"ty":"tr","p":{"a":0,"k":[0,0]},"a":{"a":0,"k":[0,0]},"s":{"a":0,"k":[100,100]},"r":{"a":0,"k":0},"o":{"a":0,"k":100},"sk":{"a":0,"k":0},"sa":{"a":0,"k":0},"nm":"变换"}],"nm":"乐","bm":0,"hd":false}],"ip":0,"op":250,"st":0,"bm":0},{"ddd":0,"ind":6,"ty":4,"nm":"““happy Birthday””轮廓","sr":1,"ks":{"p":{"a":0,"k":[266,693,0]}},"ao":0,"shapes":[{"ty":"gr","it":[{"ind":0,"ty":"sh","ks":{"a":0,"k":{"i":[[0.072,0.42],[0.18,0.228],[0.36,0.096],[0.624,0],[-0.06,0.456],[0,0.48],[0.624,0],[0.264,-0.42],[0.252,-0.624],[0.192,-0.708],[0,-0.6],[-0.084,-0.228],[-0.228,-0.132],[-0.396,-0.048],[-0.624,0],[-0.372,0.084],[-0.168,0.132],[-0.072,0.18],[0,0.192]],"o":[[-0.072,-0.42],[-0.18,-0.228],[-0.36,-0.096],[0.096,-0.48],[0.06,-0.456],[0,-0.24],[-0.144,0],[-0.264,0.42],[-0.252,0.624],[-0.192,0.708],[0,0.336],[0.084,0.228],[0.228,0.132],[0.396,0.048],[0.6,0],[0.372,-0.084],[0.168,-0.132],[0.072,-0.18],[-0.048,-0.672]],"v":[[-152.006,-21.87],[-152.384,-22.842],[-153.194,-23.328],[-154.67,-23.472],[-154.436,-24.876],[-154.346,-26.28],[-155.282,-26.64],[-155.894,-26.01],[-156.668,-24.444],[-157.334,-22.446],[-157.622,-20.484],[-157.496,-19.638],[-157.028,-19.098],[-156.092,-18.828],[-154.562,-18.756],[-153.104,-18.882],[-152.294,-19.206],[-151.934,-19.674],[-151.826,-20.232]],"c":true}},"nm":"“","hd":false},{"ind":1,"ty":"sh","ks":{"a":0,"k":{"i":[[0.072,0.42],[0.18,0.228],[0.36,0.096],[0.624,0],[-0.06,0.456],[0,0.48],[0.624,0],[0.264,-0.42],[0.252,-0.624],[0.192,-0.708],[0,-0.6],[-0.084,-0.228],[-0.228,-0.132],[-0.396,-0.048],[-0.624,0],[-0.372,0.084],[-0.168,0.132],[-0.072,0.18],[0,0.192]],"o":[[-0.072,-0.42],[-0.18,-0.228],[-0.36,-0.096],[0.096,-0.48],[0.06,-0.456],[0,-0.24],[-0.144,0],[-0.264,0.42],[-0.252,0.624],[-0.192,0.708],[0,0.336],[0.084,0.228],[0.228,0.132],[0.396,0.048],[0.6,0],[0.372,-0.084],[0.168,-0.132],[0.072,-0.18],[-0.048,-0.672]],"v":[[-145.022,-21.942],[-145.4,-22.914],[-146.21,-23.4],[-147.686,-23.544],[-147.452,-24.948],[-147.362,-26.352],[-148.298,-26.712],[-148.91,-26.082],[-149.684,-24.516],[-150.35,-22.518],[-150.638,-20.556],[-150.512,-19.71],[-150.044,-19.17],[-149.108,-18.9],[-147.578,-18.828],[-146.12,-18.954],[-145.31,-19.278],[-144.95,-19.746],[-144.842,-20.304]],"c":true}},"nm":"“","hd":false},{"ty":"mm","mm":1,"nm":"合并路径 1","hd":false},{"ty":"fl","c":{"a":0,"k":[1,1,1,1]},"o":{"a":0,"k":100},"r":1,"bm":0,"nm":"填充 1","hd":false},{"ty":"tr","p":{"a":0,"k":[0,0]},"a":{"a":0,"k":[0,0]},"s":{"a":0,"k":[100,100]},"r":{"a":0,"k":0},"o":{"a":0,"k":100},"sk":{"a":0,"k":0},"sa":{"a":0,"k":0},"nm":"变换"}],"nm":"“","bm":0,"hd":false},{"ty":"gr","it":[{"ind":0,"ty":"sh","ks":{"a":0,"k":{"i":[[-0.444,-0.588],[-0.264,-0.9],[-0.108,-1.308],[-0.144,-1.272],[-0.204,-0.336],[-0.432,0],[-0.252,0.024],[-0.192,0.108],[-0.096,0.228],[0.024,0.456],[0.024,0.948],[0.072,1.056],[0.18,1.044],[0.456,0.828],[0.72,0.492],[1.128,0.048],[0.84,-0.288],[0.492,-0.444],[0,-0.504],[-0.276,-0.396],[-0.432,-0.024],[-0.24,0.168],[-0.204,0.132],[-0.324,0.108],[-0.384,0]],"o":[[0.444,0.588],[0.264,0.9],[0.108,1.308],[0.096,1.056],[0.204,0.336],[0.168,0],[0.252,-0.024],[0.192,-0.108],[0.096,-0.228],[-0.072,-1.032],[-0.024,-0.948],[-0.072,-1.056],[-0.18,-1.044],[-0.456,-0.828],[-0.72,-0.492],[-0.936,0],[-0.936,0.288],[-0.492,0.444],[0,0.36],[0.276,0.396],[0.216,0],[0.24,-0.168],[0.204,-0.132],[0.324,-0.108],[0.744,0.072]],"v":[[-127.689,-13.842],[-126.627,-11.61],[-126.069,-8.298],[-125.691,-4.428],[-125.241,-2.34],[-124.287,-1.836],[-123.657,-1.872],[-122.991,-2.07],[-122.559,-2.574],[-122.451,-3.6],[-122.595,-6.57],[-122.739,-9.576],[-123.117,-12.726],[-124.071,-15.534],[-125.835,-17.514],[-128.607,-18.324],[-131.271,-17.892],[-133.413,-16.794],[-134.151,-15.372],[-133.737,-14.238],[-132.675,-13.608],[-131.991,-13.86],[-131.325,-14.31],[-130.533,-14.67],[-129.471,-14.832]],"c":true}},"nm":"h","hd":false},{"ind":1,"ty":"sh","ks":{"a":0,"k":{"i":[[0,0],[0.36,-0.156],[0.096,-0.72],[0.12,-1.248],[0.144,-1.872],[0.18,-2.4],[0.12,-2.472],[-0.384,-0.252],[-0.408,0],[-0.312,0.288],[-0.072,0.648],[-0.156,1.104],[-0.216,1.692],[-0.252,2.316],[-0.288,3],[0.252,0.252],[0.744,0.048]],"o":[[-0.552,-0.024],[-0.36,0.156],[-0.048,0.408],[-0.12,1.248],[-0.144,1.872],[-0.18,2.4],[-0.024,0.552],[0.384,0.252],[0.384,0],[0.312,-0.288],[0.096,-0.576],[0.156,-1.104],[0.216,-1.692],[0.252,-2.316],[0,-0.408],[-0.252,-0.252],[0,0]],"v":[[-135.843,-25.812],[-137.211,-25.614],[-137.895,-24.3],[-138.147,-21.816],[-138.543,-17.136],[-139.029,-10.728],[-139.479,-3.42],[-138.939,-2.214],[-137.751,-1.836],[-136.707,-2.268],[-136.131,-3.672],[-135.753,-6.192],[-135.195,-10.386],[-134.493,-16.398],[-133.683,-24.372],[-134.061,-25.362],[-135.555,-25.812]],"c":true}},"nm":"h","hd":false},{"ty":"mm","mm":1,"nm":"合并路径 1","hd":false},{"ty":"fl","c":{"a":0,"k":[1,1,1,1]},"o":{"a":0,"k":100},"r":1,"bm":0,"nm":"填充 1","hd":false},{"ty":"tr","p":{"a":0,"k":[0,0]},"a":{"a":0,"k":[0,0]},"s":{"a":0,"k":[100,100]},"r":{"a":0,"k":0},"o":{"a":0,"k":100},"sk":{"a":0,"k":0},"sa":{"a":0,"k":0},"nm":"变换"}],"nm":"h","bm":0,"hd":false},{"ty":"gr","it":[{"ind":0,"ty":"sh","ks":{"a":0,"k":{"i":[[0.036,0.168],[0.048,0.12],[0.408,0],[0.12,-0.048],[0.36,-0.108],[0.552,-0.084],[0.6,0],[0.396,0.096],[0.324,0.216],[0.204,0.42],[0,0.6],[-0.324,0.864],[-0.468,0.636],[-0.552,0.228],[-0.552,0],[-0.336,-0.132],[-0.192,-0.252],[-0.132,-0.528],[-0.192,-0.864],[-0.24,-1.044],[-0.24,-1.152],[-0.288,-0.432],[-0.552,0],[-0.288,0.12],[-0.144,0.156],[-0.012,0.18],[0,0.192],[0.06,0.648],[0.084,0.66],[0.216,1.32],[0.3,1.212],[0.096,0.312],[0.864,0],[0.408,-0.192],[0.072,-0.12],[0.444,0.12],[0.552,0.024],[1.056,-0.564],[0.732,-0.948],[0.384,-1.128],[0,-1.152],[-0.36,-0.852],[-0.648,-0.552],[-0.912,-0.324],[-0.936,0],[-0.756,0.168],[-0.552,0.204],[-0.192,0.204],[0.048,0.336]],"o":[[-0.036,-0.168],[-0.288,-0.672],[-0.144,0],[-0.12,0.048],[-0.36,0.108],[-0.552,0.084],[-0.384,0],[-0.396,-0.096],[-0.324,-0.216],[-0.204,-0.42],[0,-0.96],[0.324,-0.864],[0.468,-0.636],[0.552,-0.228],[0.504,0],[0.336,0.132],[0.192,0.252],[0.132,0.528],[0.216,1.08],[0.24,1.044],[0.192,0.912],[0.288,0.432],[0.456,0],[0.288,-0.12],[0.144,-0.156],[0.012,-0.18],[0,-0.36],[-0.06,-0.648],[-0.084,-0.66],[-0.336,-2.016],[-0.3,-1.212],[-0.288,-0.888],[-0.528,0],[-0.408,0.192],[-0.408,-0.192],[-0.444,-0.12],[-1.32,0],[-1.056,0.564],[-0.732,0.948],[-0.384,1.128],[0.024,1.104],[0.36,0.852],[0.648,0.552],[0.912,0.324],[0.888,0],[0.756,-0.168],[0.552,-0.204],[0.192,-0.204],[-0.024,-0.168]],"v":[[-105.765,-4.536],[-105.891,-4.968],[-106.935,-5.976],[-107.331,-5.904],[-108.051,-5.67],[-109.419,-5.382],[-111.147,-5.256],[-112.317,-5.4],[-113.397,-5.868],[-114.189,-6.822],[-114.495,-8.352],[-114.009,-11.088],[-112.821,-13.338],[-111.291,-14.634],[-109.635,-14.976],[-108.375,-14.778],[-107.583,-14.202],[-107.097,-13.032],[-106.611,-10.944],[-105.927,-7.758],[-105.207,-4.464],[-104.487,-2.448],[-103.227,-1.8],[-102.111,-1.98],[-101.463,-2.394],[-101.229,-2.898],[-101.211,-3.456],[-101.301,-4.968],[-101.517,-6.93],[-101.967,-9.9],[-102.921,-14.742],[-103.515,-17.028],[-105.243,-18.36],[-106.647,-18.072],[-107.367,-17.604],[-108.645,-18.072],[-110.139,-18.288],[-113.703,-17.442],[-116.385,-15.174],[-118.059,-12.06],[-118.635,-8.64],[-118.059,-5.706],[-116.547,-3.6],[-114.207,-2.286],[-111.435,-1.8],[-108.969,-2.052],[-107.007,-2.61],[-105.891,-3.222],[-105.675,-4.032]],"c":true}},"nm":"a","hd":false},{"ty":"fl","c":{"a":0,"k":[1,1,1,1]},"o":{"a":0,"k":100},"r":1,"bm":0,"nm":"填充 1","hd":false},{"ty":"tr","p":{"a":0,"k":[0,0]},"a":{"a":0,"k":[0,0]},"s":{"a":0,"k":[100,100]},"r":{"a":0,"k":0},"o":{"a":0,"k":100},"sk":{"a":0,"k":0},"sa":{"a":0,"k":0},"nm":"变换"}],"nm":"a","bm":0,"hd":false},{"ty":"gr","it":[{"ind":0,"ty":"sh","ks":{"a":0,"k":{"i":[[-0.588,-0.264],[-0.42,-0.456],[-0.24,-0.612],[0,-0.72],[0.636,-0.576],[1.08,0],[0.372,0.096],[0.324,0.156],[0.252,0.12],[0.192,0.096],[0.144,0],[0.336,-0.396],[0,-0.36],[-0.48,-0.396],[-0.732,-0.324],[-0.588,-0.084],[-0.408,0],[-0.828,0.192],[-0.84,0.54],[-0.504,0.852],[0,1.416],[0.204,0.732],[0.324,0.6],[0.42,0.48],[0.432,0.288],[0.852,0.312],[1.08,0],[0.66,-0.132],[0.72,-0.312],[0.336,0.132],[0.744,0.048],[0.264,-0.576],[0.18,-1.632],[0.264,-2.736],[0.132,-1.872],[0,-0.696],[-0.084,-0.276],[-0.18,-0.132],[-0.216,-0.036],[-0.24,0],[-0.192,0.24],[-0.168,0.84],[-0.336,2.712],[-0.456,4.128],[-0.648,0.24],[-0.936,0]],"o":[[0.588,0.264],[0.42,0.456],[0.24,0.612],[0,1.512],[-0.636,0.576],[-0.408,0],[-0.372,-0.096],[-0.324,-0.156],[-0.252,-0.12],[-0.192,-0.072],[-0.384,0],[-0.336,0.396],[0,0.384],[0.48,0.396],[0.732,0.324],[0.588,0.084],[0.696,0],[0.828,-0.192],[0.84,-0.54],[0.504,-0.852],[0,-0.84],[-0.204,-0.732],[-0.324,-0.6],[-0.42,-0.48],[-0.792,-0.552],[-0.852,-0.312],[-0.6,0],[-0.66,0.132],[-0.072,-0.384],[-0.336,-0.132],[-0.792,0],[-0.144,0.288],[-0.18,1.632],[-0.192,1.872],[-0.132,1.872],[0,0.504],[0.084,0.276],[0.18,0.132],[0.216,0.036],[0.672,0],[0.192,-0.24],[0.096,-0.48],[0.336,-2.712],[0.432,-0.384],[0.648,-0.24],[0.696,0]],"v":[[-85.93,-14.832],[-84.417,-13.752],[-83.428,-12.15],[-83.068,-10.152],[-84.021,-7.02],[-86.596,-6.156],[-87.766,-6.3],[-88.81,-6.678],[-89.674,-7.092],[-90.34,-7.416],[-90.844,-7.524],[-91.924,-6.93],[-92.428,-5.796],[-91.708,-4.626],[-89.889,-3.546],[-87.91,-2.934],[-86.415,-2.808],[-84.13,-3.096],[-81.628,-4.194],[-79.611,-6.282],[-78.855,-9.684],[-79.161,-12.042],[-79.954,-14.04],[-81.07,-15.66],[-82.348,-16.812],[-84.814,-18.108],[-87.712,-18.576],[-89.602,-18.378],[-91.672,-17.712],[-92.284,-18.486],[-93.904,-18.756],[-95.488,-17.892],[-95.974,-15.012],[-96.639,-8.46],[-97.126,-2.844],[-97.324,1.008],[-97.198,2.178],[-96.801,2.79],[-96.208,3.042],[-95.523,3.096],[-94.228,2.736],[-93.688,1.116],[-93.04,-3.672],[-91.852,-13.932],[-90.232,-14.868],[-87.855,-15.228]],"c":true}},"nm":"p","hd":false},{"ty":"fl","c":{"a":0,"k":[1,1,1,1]},"o":{"a":0,"k":100},"r":1,"bm":0,"nm":"填充 1","hd":false},{"ty":"tr","p":{"a":0,"k":[0,0]},"a":{"a":0,"k":[0,0]},"s":{"a":0,"k":[100,100]},"r":{"a":0,"k":0},"o":{"a":0,"k":100},"sk":{"a":0,"k":0},"sa":{"a":0,"k":0},"nm":"变换"}],"nm":"p","bm":0,"hd":false},{"ty":"gr","it":[{"ind":0,"ty":"sh","ks":{"a":0,"k":{"i":[[-0.588,-0.264],[-0.42,-0.456],[-0.24,-0.612],[0,-0.72],[0.636,-0.576],[1.08,0],[0.372,0.096],[0.324,0.156],[0.252,0.12],[0.192,0.096],[0.144,0],[0.336,-0.396],[0,-0.36],[-0.48,-0.396],[-0.732,-0.324],[-0.588,-0.084],[-0.408,0],[-0.828,0.192],[-0.84,0.54],[-0.504,0.852],[0,1.416],[0.204,0.732],[0.324,0.6],[0.42,0.48],[0.432,0.288],[0.852,0.312],[1.08,0],[0.66,-0.132],[0.72,-0.312],[0.336,0.132],[0.744,0.048],[0.264,-0.576],[0.18,-1.632],[0.264,-2.736],[0.132,-1.872],[0,-0.696],[-0.084,-0.276],[-0.18,-0.132],[-0.216,-0.036],[-0.24,0],[-0.192,0.24],[-0.168,0.84],[-0.336,2.712],[-0.456,4.128],[-0.648,0.24],[-0.936,0]],"o":[[0.588,0.264],[0.42,0.456],[0.24,0.612],[0,1.512],[-0.636,0.576],[-0.408,0],[-0.372,-0.096],[-0.324,-0.156],[-0.252,-0.12],[-0.192,-0.072],[-0.384,0],[-0.336,0.396],[0,0.384],[0.48,0.396],[0.732,0.324],[0.588,0.084],[0.696,0],[0.828,-0.192],[0.84,-0.54],[0.504,-0.852],[0,-0.84],[-0.204,-0.732],[-0.324,-0.6],[-0.42,-0.48],[-0.792,-0.552],[-0.852,-0.312],[-0.6,0],[-0.66,0.132],[-0.072,-0.384],[-0.336,-0.132],[-0.792,0],[-0.144,0.288],[-0.18,1.632],[-0.192,1.872],[-0.132,1.872],[0,0.504],[0.084,0.276],[0.18,0.132],[0.216,0.036],[0.672,0],[0.192,-0.24],[0.096,-0.48],[0.336,-2.712],[0.432,-0.384],[0.648,-0.24],[0.696,0]],"v":[[-63.79,-14.832],[-62.278,-13.752],[-61.288,-12.15],[-60.928,-10.152],[-61.882,-7.02],[-64.456,-6.156],[-65.626,-6.3],[-66.67,-6.678],[-67.534,-7.092],[-68.2,-7.416],[-68.704,-7.524],[-69.784,-6.93],[-70.288,-5.796],[-69.568,-4.626],[-67.75,-3.546],[-65.77,-2.934],[-64.276,-2.808],[-61.99,-3.096],[-59.488,-4.194],[-57.472,-6.282],[-56.716,-9.684],[-57.022,-12.042],[-57.814,-14.04],[-58.93,-15.66],[-60.208,-16.812],[-62.674,-18.108],[-65.572,-18.576],[-67.462,-18.378],[-69.532,-17.712],[-70.144,-18.486],[-71.764,-18.756],[-73.348,-17.892],[-73.834,-15.012],[-74.5,-8.46],[-74.986,-2.844],[-75.184,1.008],[-75.058,2.178],[-74.662,2.79],[-74.068,3.042],[-73.384,3.096],[-72.088,2.736],[-71.548,1.116],[-70.9,-3.672],[-69.712,-13.932],[-68.092,-14.868],[-65.716,-15.228]],"c":true}},"nm":"p","hd":false},{"ty":"fl","c":{"a":0,"k":[1,1,1,1]},"o":{"a":0,"k":100},"r":1,"bm":0,"nm":"填充 1","hd":false},{"ty":"tr","p":{"a":0,"k":[0,0]},"a":{"a":0,"k":[0,0]},"s":{"a":0,"k":[100,100]},"r":{"a":0,"k":0},"o":{"a":0,"k":100},"sk":{"a":0,"k":0},"sa":{"a":0,"k":0},"nm":"变换"}],"nm":"p","bm":0,"hd":false},{"ty":"gr","it":[{"ind":0,"ty":"sh","ks":{"a":0,"k":{"i":[[0,0],[0.372,-0.576],[0.468,-0.732],[0.888,-1.608],[0.276,-0.54],[0.096,-0.336],[-0.108,-0.18],[-0.192,-0.168],[-0.252,-0.12],[-0.264,-0.024],[-0.252,0.204],[-0.396,0.492],[-0.912,1.344],[-0.936,1.416],[-1.02,1.776],[-0.156,0.36],[0,0.216],[0.168,0.216],[0.264,0.144],[0.3,0.108],[0.24,0],[0.36,-0.312],[0.48,-0.816],[0.312,-0.54],[0.336,-0.552]],"o":[[-0.216,0.384],[-0.372,0.576],[-0.468,0.732],[-0.408,0.672],[-0.276,0.54],[-0.048,0.216],[0.108,0.18],[0.192,0.168],[0.252,0.12],[0.288,0],[0.252,-0.204],[0.396,-0.492],[0.912,-1.344],[1.872,-2.832],[1.02,-1.776],[0.156,-0.36],[0.024,-0.24],[-0.168,-0.216],[-0.264,-0.144],[-0.3,-0.108],[-0.36,0],[-0.36,0.312],[-0.552,0.912],[-0.312,0.54],[0,0]],"v":[[-43.864,-9.18],[-44.746,-7.74],[-46.006,-5.778],[-48.04,-2.268],[-49.066,-0.45],[-49.624,0.864],[-49.534,1.458],[-49.084,1.98],[-48.418,2.412],[-47.644,2.628],[-46.834,2.322],[-45.862,1.278],[-43.9,-1.476],[-41.128,-5.616],[-36.79,-12.528],[-35.026,-15.732],[-34.792,-16.596],[-35.008,-17.28],[-35.656,-17.82],[-36.502,-18.198],[-37.312,-18.36],[-38.392,-17.892],[-39.652,-16.2],[-40.948,-14.022],[-41.92,-12.384]],"c":true}},"nm":"y","hd":false},{"ind":1,"ty":"sh","ks":{"a":0,"k":{"i":[[0.36,-0.216],[0.252,-0.24],[0,-0.384],[-0.264,-0.48],[-0.3,-0.456],[-0.372,-0.528],[-0.408,-0.552],[-0.36,-0.456],[-0.528,-0.552],[-0.432,0],[-0.228,0.084],[-0.204,0.144],[-0.144,0.192],[0,0.24],[0.288,0.552],[0.42,0.672],[0.456,0.72],[0.336,0.504],[0.672,0]],"o":[[-0.312,0.168],[-0.252,0.24],[0,0.336],[0.12,0.216],[0.3,0.456],[0.372,0.528],[0.408,0.552],[0.36,0.456],[0.264,0.216],[0.168,0],[0.228,-0.084],[0.204,-0.144],[0.144,-0.192],[0.024,-0.288],[-0.288,-0.552],[-0.42,-0.672],[-0.456,-0.72],[-0.816,-1.32],[-0.504,0.048]],"v":[[-51.82,-17.856],[-52.666,-17.244],[-53.044,-16.308],[-52.648,-15.084],[-52.018,-14.076],[-51.01,-12.6],[-49.84,-10.98],[-48.688,-9.468],[-47.356,-7.956],[-46.312,-7.632],[-45.718,-7.758],[-45.07,-8.1],[-44.548,-8.604],[-44.332,-9.252],[-44.728,-10.512],[-45.79,-12.348],[-47.104,-14.436],[-48.292,-16.272],[-50.524,-18.252]],"c":true}},"nm":"y","hd":false},{"ty":"mm","mm":1,"nm":"合并路径 1","hd":false},{"ty":"fl","c":{"a":0,"k":[1,1,1,1]},"o":{"a":0,"k":100},"r":1,"bm":0,"nm":"填充 1","hd":false},{"ty":"tr","p":{"a":0,"k":[0,0]},"a":{"a":0,"k":[0,0]},"s":{"a":0,"k":[100,100]},"r":{"a":0,"k":0},"o":{"a":0,"k":100},"sk":{"a":0,"k":0},"sa":{"a":0,"k":0},"nm":"变换"}],"nm":"y","bm":0,"hd":false},{"ty":"gr","it":[{"ind":0,"ty":"sh","ks":{"a":0,"k":{"i":[[-0.336,0.156],[-0.372,0.096],[-0.42,0.06],[-0.576,0],[-0.348,-0.132],[-0.276,-0.228],[-0.156,-0.3],[0,-0.36],[0.336,-0.564],[0.432,-0.36],[0.624,-0.276],[1.68,-0.192],[0,-0.984],[-0.18,-0.24],[-0.456,0],[-0.504,0.048],[-0.48,0],[-0.6,-0.072],[-0.432,-0.252],[-0.24,-0.468],[-0.048,-0.768],[0.708,-0.588],[1.488,-0.12],[0.504,0.12],[0.516,0.24],[0.288,0],[0.18,-0.108],[0.144,-0.18],[0.096,-0.204],[0,-0.192],[-0.456,-0.336],[-0.684,-0.252],[-0.792,-0.156],[-0.648,0],[-1.068,0.432],[-0.72,0.66],[-0.36,0.804],[0,0.816],[0.852,1.092],[1.296,0.528],[-0.396,0.792],[0,0.912],[0.276,0.696],[0.6,0.564],[0.912,0.36],[1.296,0],[0.684,-0.18],[0.624,-0.288],[0.42,0.12],[0.432,0],[0.312,-0.168],[0.18,-1.068],[0.204,-1.932],[0.252,-2.748],[0.264,-3.528],[-1.176,0],[-0.228,0.096],[-0.132,0.36],[-0.108,0.72],[-0.192,1.224],[-0.084,0.528],[-0.06,0.552],[-0.072,0.624],[-0.084,0.828],[-0.108,1.128],[-0.168,1.536]],"o":[[0.336,-0.156],[0.372,-0.096],[0.42,-0.06],[0.36,0.024],[0.348,0.132],[0.276,0.228],[0.156,0.3],[0,0.432],[-0.336,0.564],[-0.432,0.36],[-0.624,0.276],[-0.48,0.048],[0,0.528],[0.18,0.24],[0.336,0],[0.504,-0.048],[0.72,0],[0.6,0.072],[0.432,0.252],[0.24,0.468],[-0.048,1.272],[-0.708,0.588],[-1.08,-0.024],[-0.432,-0.12],[-0.516,-0.24],[-0.168,0],[-0.18,0.108],[-0.144,0.18],[-0.096,0.204],[0,0.384],[0.456,0.336],[0.684,0.252],[0.792,0.156],[1.416,-0.072],[1.068,-0.432],[0.72,-0.66],[0.36,-0.804],[0,-1.584],[-0.852,-1.092],[1.08,-0.696],[0.396,-0.792],[0,-0.672],[-0.276,-0.696],[-0.6,-0.564],[-0.912,-0.36],[-1.056,0],[-0.684,0.18],[-0.072,-0.408],[-0.42,-0.12],[-0.408,0],[-0.264,0.144],[-0.18,1.068],[-0.204,1.932],[-0.252,2.748],[0.024,0.744],[0.432,0],[0.228,-0.096],[0.132,-0.36],[0.108,-0.72],[0.096,-0.672],[0.084,-0.528],[0.06,-0.552],[0.072,-0.624],[0.084,-0.828],[0.108,-1.128],[0.384,-0.168]],"v":[[-5.021,-22.05],[-3.959,-22.428],[-2.771,-22.662],[-1.277,-22.752],[-0.215,-22.518],[0.721,-21.978],[1.369,-21.186],[1.603,-20.196],[1.099,-18.702],[-0.053,-17.316],[-1.637,-16.362],[-5.093,-15.66],[-5.813,-14.112],[-5.543,-12.96],[-4.589,-12.6],[-3.329,-12.672],[-1.853,-12.744],[0.127,-12.636],[1.675,-12.15],[2.683,-11.07],[3.115,-9.216],[1.981,-6.426],[-1.313,-5.364],[-3.689,-5.58],[-5.111,-6.12],[-6.317,-6.48],[-6.839,-6.318],[-7.325,-5.886],[-7.685,-5.31],[-7.829,-4.716],[-7.145,-3.636],[-5.435,-2.754],[-3.221,-2.142],[-1.061,-1.908],[2.665,-2.664],[5.347,-4.302],[6.967,-6.498],[7.507,-8.928],[6.229,-12.942],[3.007,-15.372],[5.221,-17.604],[5.815,-20.16],[5.401,-22.212],[4.087,-24.102],[1.819,-25.488],[-1.493,-26.028],[-4.103,-25.758],[-6.065,-25.056],[-6.803,-25.848],[-8.081,-26.028],[-9.161,-25.776],[-9.827,-23.958],[-10.403,-19.458],[-11.087,-12.438],[-11.861,-3.024],[-10.061,-1.908],[-9.071,-2.052],[-8.531,-2.736],[-8.171,-4.356],[-7.721,-7.272],[-7.451,-9.072],[-7.235,-10.692],[-7.037,-12.456],[-6.803,-14.634],[-6.515,-17.568],[-6.101,-21.564]],"c":true}},"nm":"B","hd":false},{"ty":"fl","c":{"a":0,"k":[1,1,1,1]},"o":{"a":0,"k":100},"r":1,"bm":0,"nm":"填充 1","hd":false},{"ty":"tr","p":{"a":0,"k":[0,0]},"a":{"a":0,"k":[0,0]},"s":{"a":0,"k":[100,100]},"r":{"a":0,"k":0},"o":{"a":0,"k":100},"sk":{"a":0,"k":0},"sa":{"a":0,"k":0},"nm":"变换"}],"nm":"B","bm":0,"hd":false},{"ty":"gr","it":[{"ind":0,"ty":"sh","ks":{"a":0,"k":{"i":[[-0.252,0.192],[0,0.312],[-0.024,0.828],[0,1.08],[0.024,1.284],[0.048,1.296],[0.888,0],[0.408,-0.192],[0.048,-0.696],[0.024,-0.66],[0.036,-0.912],[0.036,-1.056],[0.036,-0.972],[0.024,-0.756],[0,-0.312],[-0.336,-0.12],[-0.624,0]],"o":[[0.252,-0.192],[0.048,-0.696],[0.024,-0.828],[0,-2.304],[-0.024,-1.284],[-0.048,-0.72],[-0.552,0],[-0.408,0.192],[-0.024,0.192],[-0.024,0.66],[-0.036,0.912],[-0.036,1.056],[-0.036,0.972],[-0.024,0.756],[0.048,0.504],[0.336,0.12],[0.84,-0.024]],"v":[[15.372,-2.196],[15.75,-2.952],[15.858,-5.238],[15.894,-8.1],[15.858,-13.482],[15.75,-17.352],[14.346,-18.432],[12.906,-18.144],[12.222,-16.812],[12.15,-15.534],[12.06,-13.176],[11.952,-10.224],[11.844,-7.182],[11.754,-4.59],[11.718,-2.988],[12.294,-2.052],[13.734,-1.872]],"c":true}},"nm":"i","hd":false},{"ind":1,"ty":"sh","ks":{"a":0,"k":{"i":[[0.36,-0.204],[0.024,-0.528],[-0.072,-0.312],[-0.108,-0.264],[-0.18,-0.144],[-0.252,-0.048],[-0.408,0],[-0.312,0.192],[-0.144,0.288],[-0.072,0.324],[0,0.288],[0.492,0.192],[0.624,0]],"o":[[-0.36,0.204],[0,0.264],[0.12,0.432],[0.108,0.264],[0.18,0.144],[0.252,0.048],[0.456,0],[0.312,-0.192],[0.144,-0.288],[0.072,-0.324],[0,-0.576],[-0.492,-0.192],[-0.84,0]],"v":[[12.366,-24.822],[11.79,-23.724],[11.898,-22.86],[12.24,-21.816],[12.672,-21.204],[13.32,-20.916],[14.31,-20.844],[15.462,-21.132],[16.146,-21.852],[16.47,-22.77],[16.578,-23.688],[15.84,-24.84],[14.166,-25.128]],"c":true}},"nm":"i","hd":false},{"ty":"mm","mm":1,"nm":"合并路径 1","hd":false},{"ty":"fl","c":{"a":0,"k":[1,1,1,1]},"o":{"a":0,"k":100},"r":1,"bm":0,"nm":"填充 1","hd":false},{"ty":"tr","p":{"a":0,"k":[0,0]},"a":{"a":0,"k":[0,0]},"s":{"a":0,"k":[100,100]},"r":{"a":0,"k":0},"o":{"a":0,"k":100},"sk":{"a":0,"k":0},"sa":{"a":0,"k":0},"nm":"变换"}],"nm":"i","bm":0,"hd":false},{"ty":"gr","it":[{"ind":0,"ty":"sh","ks":{"a":0,"k":{"i":[[0,0],[0.288,0.12],[0.576,0],[0.432,-0.18],[0,-0.504],[-0.108,-1.032],[-0.108,-1.032],[-0.096,-0.96],[-0.084,-0.744],[-0.06,-0.48],[0,-0.072],[-0.864,0],[-0.42,0.216],[0,0.72],[0.048,1.104],[0.048,1.944],[-0.516,0.372],[-0.612,0.3],[-0.612,0.252],[-0.432,0.12],[-0.444,0.24],[0,0.552],[0.12,0.324],[0.204,0.216],[0.228,0.12],[0.216,0],[0.408,-0.156],[0.768,-0.312],[0.744,-0.42],[0.552,-0.432]],"o":[[-0.096,-0.336],[-0.288,-0.12],[-0.792,0],[-0.432,0.18],[0.072,0.912],[0.108,1.032],[0.108,1.032],[0.096,0.96],[0.084,0.744],[0.06,0.48],[0.144,0.744],[0.624,0],[0.42,-0.216],[0,-0.336],[-0.048,-1.104],[0.216,-0.36],[0.516,-0.372],[0.612,-0.3],[0.612,-0.252],[1.224,-0.336],[0.444,-0.24],[0,-0.36],[-0.12,-0.324],[-0.204,-0.216],[-0.228,-0.12],[-0.312,0.048],[-0.408,0.156],[-1.224,0.528],[-0.744,0.42],[0,0]],"v":[[25.002,-17.352],[24.426,-18.036],[23.13,-18.216],[21.294,-17.946],[20.646,-16.92],[20.916,-14.004],[21.24,-10.908],[21.546,-7.92],[21.816,-5.364],[22.032,-3.528],[22.122,-2.7],[23.634,-1.584],[25.2,-1.908],[25.83,-3.312],[25.758,-5.472],[25.614,-10.044],[26.712,-11.142],[28.404,-12.15],[30.24,-12.978],[31.806,-13.536],[34.308,-14.4],[34.974,-15.588],[34.794,-16.614],[34.308,-17.424],[33.66,-17.928],[32.994,-18.108],[31.914,-17.802],[30.15,-17.1],[27.198,-15.678],[25.254,-14.4]],"c":true}},"nm":"r","hd":false},{"ty":"fl","c":{"a":0,"k":[1,1,1,1]},"o":{"a":0,"k":100},"r":1,"bm":0,"nm":"填充 1","hd":false},{"ty":"tr","p":{"a":0,"k":[0,0]},"a":{"a":0,"k":[0,0]},"s":{"a":0,"k":[100,100]},"r":{"a":0,"k":0},"o":{"a":0,"k":100},"sk":{"a":0,"k":0},"sa":{"a":0,"k":0},"nm":"变换"}],"nm":"r","bm":0,"hd":false},{"ty":"gr","it":[{"ind":0,"ty":"sh","ks":{"a":0,"k":{"i":[[0.324,-0.06],[0.168,-0.168],[0.048,-0.312],[0,-0.528],[-0.216,-0.252],[-0.552,0],[-0.648,-0.036],[-0.672,-0.024],[0.144,-1.236],[0,-0.888],[-0.84,-0.732],[-1.44,0],[-0.768,0.18],[-0.576,0.3],[-0.408,0.264],[-0.192,0.168],[0,0.36],[0.312,0.372],[0.456,0.024],[0.372,-0.168],[0.444,-0.228],[0.48,-0.18],[0.456,0],[0.264,0.216],[0,0.408],[-0.12,1.212],[-0.288,2.184],[-1.056,0.06],[-0.528,0.12],[-0.144,0.264],[0,0.504],[0.216,0.216],[0.576,0.024],[0.864,0],[0,0],[0.552,0.144],[0.24,0.048],[0.312,0],[0.18,-0.24],[0.096,-0.648],[0.036,-0.192],[0.048,-0.228],[0.06,-0.324],[0.072,-0.456],[0.564,0.048],[0.408,0]],"o":[[-0.324,0.06],[-0.168,0.168],[-0.048,0.312],[0,0.48],[0.216,0.252],[0.456,0],[0.648,0.036],[-0.216,1.632],[-0.144,1.236],[0,1.752],[0.84,0.732],[0.864,0],[0.768,-0.18],[0.576,-0.3],[0.408,-0.264],[0.288,-0.288],[0,-0.408],[-0.312,-0.372],[-0.264,0],[-0.372,0.168],[-0.444,0.228],[-0.48,0.18],[-0.48,0.024],[-0.264,-0.216],[0,-0.456],[0.12,-1.212],[1.8,-0.048],[1.056,-0.06],[0.528,-0.12],[0.144,-0.264],[0,-0.528],[-0.216,-0.216],[-2.976,-0.072],[0,0],[0.12,-0.744],[-0.168,-0.048],[-0.24,-0.048],[-0.576,0],[-0.18,0.24],[-0.192,1.056],[-0.036,0.192],[-0.048,0.228],[-0.06,0.324],[-0.696,-0.048],[-0.564,-0.048],[-0.528,0]],"v":[[38.123,-18.018],[37.385,-17.676],[37.061,-16.956],[36.989,-15.696],[37.313,-14.598],[38.465,-14.22],[40.121,-14.166],[42.101,-14.076],[41.561,-9.774],[41.345,-6.588],[42.605,-2.862],[46.025,-1.764],[48.473,-2.034],[50.489,-2.754],[51.965,-3.6],[52.865,-4.248],[53.297,-5.22],[52.829,-6.39],[51.677,-6.984],[50.723,-6.732],[49.499,-6.138],[48.113,-5.526],[46.709,-5.256],[45.593,-5.544],[45.197,-6.48],[45.377,-8.982],[45.989,-14.076],[50.273,-14.238],[52.649,-14.508],[53.657,-15.084],[53.873,-16.236],[53.549,-17.352],[52.361,-17.712],[46.601,-17.82],[47.213,-22.536],[46.565,-23.868],[45.953,-24.012],[45.125,-24.084],[43.991,-23.724],[43.577,-22.392],[43.235,-20.52],[43.109,-19.89],[42.947,-19.062],[42.749,-17.892],[40.859,-18.036],[39.401,-18.108]],"c":true}},"nm":"t","hd":false},{"ty":"fl","c":{"a":0,"k":[1,1,1,1]},"o":{"a":0,"k":100},"r":1,"bm":0,"nm":"填充 1","hd":false},{"ty":"tr","p":{"a":0,"k":[0,0]},"a":{"a":0,"k":[0,0]},"s":{"a":0,"k":[100,100]},"r":{"a":0,"k":0},"o":{"a":0,"k":100},"sk":{"a":0,"k":0},"sa":{"a":0,"k":0},"nm":"变换"}],"nm":"t","bm":0,"hd":false},{"ty":"gr","it":[{"ind":0,"ty":"sh","ks":{"a":0,"k":{"i":[[-0.444,-0.588],[-0.264,-0.9],[-0.108,-1.308],[-0.144,-1.272],[-0.204,-0.336],[-0.432,0],[-0.252,0.024],[-0.192,0.108],[-0.096,0.228],[0.024,0.456],[0.024,0.948],[0.072,1.056],[0.18,1.044],[0.456,0.828],[0.72,0.492],[1.128,0.048],[0.84,-0.288],[0.492,-0.444],[0,-0.504],[-0.276,-0.396],[-0.432,-0.024],[-0.24,0.168],[-0.204,0.132],[-0.324,0.108],[-0.384,0]],"o":[[0.444,0.588],[0.264,0.9],[0.108,1.308],[0.096,1.056],[0.204,0.336],[0.168,0],[0.252,-0.024],[0.192,-0.108],[0.096,-0.228],[-0.072,-1.032],[-0.024,-0.948],[-0.072,-1.056],[-0.18,-1.044],[-0.456,-0.828],[-0.72,-0.492],[-0.936,0],[-0.936,0.288],[-0.492,0.444],[0,0.36],[0.276,0.396],[0.216,0],[0.24,-0.168],[0.204,-0.132],[0.324,-0.108],[0.744,0.072]],"v":[[68.795,-13.842],[69.857,-11.61],[70.415,-8.298],[70.793,-4.428],[71.243,-2.34],[72.197,-1.836],[72.827,-1.872],[73.493,-2.07],[73.925,-2.574],[74.033,-3.6],[73.889,-6.57],[73.745,-9.576],[73.367,-12.726],[72.413,-15.534],[70.649,-17.514],[67.877,-18.324],[65.213,-17.892],[63.071,-16.794],[62.333,-15.372],[62.747,-14.238],[63.809,-13.608],[64.493,-13.86],[65.159,-14.31],[65.951,-14.67],[67.013,-14.832]],"c":true}},"nm":"h","hd":false},{"ind":1,"ty":"sh","ks":{"a":0,"k":{"i":[[0,0],[0.36,-0.156],[0.096,-0.72],[0.12,-1.248],[0.144,-1.872],[0.18,-2.4],[0.12,-2.472],[-0.384,-0.252],[-0.408,0],[-0.312,0.288],[-0.072,0.648],[-0.156,1.104],[-0.216,1.692],[-0.252,2.316],[-0.288,3],[0.252,0.252],[0.744,0.048]],"o":[[-0.552,-0.024],[-0.36,0.156],[-0.048,0.408],[-0.12,1.248],[-0.144,1.872],[-0.18,2.4],[-0.024,0.552],[0.384,0.252],[0.384,0],[0.312,-0.288],[0.096,-0.576],[0.156,-1.104],[0.216,-1.692],[0.252,-2.316],[0,-0.408],[-0.252,-0.252],[0,0]],"v":[[60.641,-25.812],[59.273,-25.614],[58.589,-24.3],[58.337,-21.816],[57.941,-17.136],[57.455,-10.728],[57.005,-3.42],[57.545,-2.214],[58.733,-1.836],[59.777,-2.268],[60.353,-3.672],[60.731,-6.192],[61.289,-10.386],[61.991,-16.398],[62.801,-24.372],[62.423,-25.362],[60.929,-25.812]],"c":true}},"nm":"h","hd":false},{"ty":"mm","mm":1,"nm":"合并路径 1","hd":false},{"ty":"fl","c":{"a":0,"k":[1,1,1,1]},"o":{"a":0,"k":100},"r":1,"bm":0,"nm":"填充 1","hd":false},{"ty":"tr","p":{"a":0,"k":[0,0]},"a":{"a":0,"k":[0,0]},"s":{"a":0,"k":[100,100]},"r":{"a":0,"k":0},"o":{"a":0,"k":100},"sk":{"a":0,"k":0},"sa":{"a":0,"k":0},"nm":"变换"}],"nm":"h","bm":0,"hd":false},{"ty":"gr","it":[{"ind":0,"ty":"sh","ks":{"a":0,"k":{"i":[[0.624,0.816],[0,1.104],[-0.66,0.996],[-1.08,0],[-0.264,-0.096],[-0.216,-0.108],[-0.18,-0.096],[-0.168,0],[-0.312,0.396],[0,0.432],[0.192,0.228],[0.396,0.228],[0.576,0.156],[0.768,0.024],[0.888,-0.396],[0.72,-0.84],[0.456,-1.056],[0,-1.2],[-0.516,-0.972],[-0.756,-0.552],[-0.9,-0.204],[-0.864,0],[-0.732,0.132],[-0.504,0.168],[-0.336,0.18],[-0.192,0.12],[0,0],[-0.648,0],[-0.324,0.132],[-0.072,0.12],[0.024,0.864],[0.084,1.188],[0.108,1.536],[0.132,1.692],[0.12,1.416],[0.096,0.924],[0.072,0.192],[0.84,0],[0.324,-0.132],[0.192,-0.288],[0,-0.48],[-0.12,-1.044],[-0.144,-1.08],[-0.072,-0.816],[-0.072,-0.72],[-0.108,-1.08],[-0.12,-0.888],[0.912,-0.348],[1.368,0]],"o":[[-0.624,-0.816],[0,-1.32],[0.66,-0.996],[0.336,0],[0.264,0.096],[0.216,0.108],[0.18,0.096],[0.432,-0.024],[0.312,-0.396],[0,-0.36],[-0.192,-0.228],[-0.396,-0.228],[-0.576,-0.156],[-0.936,0],[-0.888,0.396],[-0.72,0.84],[-0.456,1.056],[0.072,1.512],[0.516,0.972],[0.756,0.552],[0.9,0.204],[0.768,0],[0.732,-0.132],[0.504,-0.168],[0.336,-0.18],[0,0],[0.144,0.48],[0.48,0],[0.324,-0.132],[0.168,-0.168],[-0.048,-0.432],[-0.084,-1.188],[-0.108,-1.536],[-0.132,-1.692],[-0.12,-1.416],[-0.096,-0.924],[-0.144,-0.456],[-0.696,0],[-0.324,0.132],[-0.096,0.168],[0,0.456],[0.12,1.044],[0.096,0.768],[0.072,0.816],[0.168,1.512],[0.108,1.08],[-0.456,0.408],[-0.912,0.348],[-1.248,-0.12]],"v":[[83.104,-6.84],[82.168,-9.72],[83.158,-13.194],[85.768,-14.688],[86.668,-14.544],[87.388,-14.238],[87.982,-13.932],[88.504,-13.788],[89.62,-14.418],[90.088,-15.66],[89.8,-16.542],[88.918,-17.226],[87.46,-17.802],[85.444,-18.072],[82.708,-17.478],[80.296,-15.624],[78.532,-12.78],[77.848,-9.396],[78.73,-5.67],[80.638,-3.384],[83.122,-2.25],[85.768,-1.944],[88.018,-2.142],[89.872,-2.592],[91.132,-3.114],[91.924,-3.564],[92.104,-2.556],[93.292,-1.836],[94.498,-2.034],[95.092,-2.412],[95.308,-3.96],[95.11,-6.39],[94.822,-10.476],[94.462,-15.318],[94.084,-19.98],[93.76,-23.49],[93.508,-25.164],[92.032,-25.848],[90.502,-25.65],[89.728,-25.02],[89.584,-24.048],[89.764,-21.798],[90.16,-18.612],[90.412,-16.236],[90.628,-13.932],[91.042,-10.044],[91.384,-7.092],[89.332,-5.958],[85.912,-5.436]],"c":true}},"nm":"d","hd":false},{"ty":"fl","c":{"a":0,"k":[1,1,1,1]},"o":{"a":0,"k":100},"r":1,"bm":0,"nm":"填充 1","hd":false},{"ty":"tr","p":{"a":0,"k":[0,0]},"a":{"a":0,"k":[0,0]},"s":{"a":0,"k":[100,100]},"r":{"a":0,"k":0},"o":{"a":0,"k":100},"sk":{"a":0,"k":0},"sa":{"a":0,"k":0},"nm":"变换"}],"nm":"d","bm":0,"hd":false},{"ty":"gr","it":[{"ind":0,"ty":"sh","ks":{"a":0,"k":{"i":[[0.036,0.168],[0.048,0.12],[0.408,0],[0.12,-0.048],[0.36,-0.108],[0.552,-0.084],[0.6,0],[0.396,0.096],[0.324,0.216],[0.204,0.42],[0,0.6],[-0.324,0.864],[-0.468,0.636],[-0.552,0.228],[-0.552,0],[-0.336,-0.132],[-0.192,-0.252],[-0.132,-0.528],[-0.192,-0.864],[-0.24,-1.044],[-0.24,-1.152],[-0.288,-0.432],[-0.552,0],[-0.288,0.12],[-0.144,0.156],[-0.012,0.18],[0,0.192],[0.06,0.648],[0.084,0.66],[0.216,1.32],[0.3,1.212],[0.096,0.312],[0.864,0],[0.408,-0.192],[0.072,-0.12],[0.444,0.12],[0.552,0.024],[1.056,-0.564],[0.732,-0.948],[0.384,-1.128],[0,-1.152],[-0.36,-0.852],[-0.648,-0.552],[-0.912,-0.324],[-0.936,0],[-0.756,0.168],[-0.552,0.204],[-0.192,0.204],[0.048,0.336]],"o":[[-0.036,-0.168],[-0.288,-0.672],[-0.144,0],[-0.12,0.048],[-0.36,0.108],[-0.552,0.084],[-0.384,0],[-0.396,-0.096],[-0.324,-0.216],[-0.204,-0.42],[0,-0.96],[0.324,-0.864],[0.468,-0.636],[0.552,-0.228],[0.504,0],[0.336,0.132],[0.192,0.252],[0.132,0.528],[0.216,1.08],[0.24,1.044],[0.192,0.912],[0.288,0.432],[0.456,0],[0.288,-0.12],[0.144,-0.156],[0.012,-0.18],[0,-0.36],[-0.06,-0.648],[-0.084,-0.66],[-0.336,-2.016],[-0.3,-1.212],[-0.288,-0.888],[-0.528,0],[-0.408,0.192],[-0.408,-0.192],[-0.444,-0.12],[-1.32,0],[-1.056,0.564],[-0.732,0.948],[-0.384,1.128],[0.024,1.104],[0.36,0.852],[0.648,0.552],[0.912,0.324],[0.888,0],[0.756,-0.168],[0.552,-0.204],[0.192,-0.204],[-0.024,-0.168]],"v":[[112.174,-4.536],[112.048,-4.968],[111.004,-5.976],[110.608,-5.904],[109.888,-5.67],[108.52,-5.382],[106.792,-5.256],[105.622,-5.4],[104.542,-5.868],[103.75,-6.822],[103.444,-8.352],[103.93,-11.088],[105.118,-13.338],[106.648,-14.634],[108.304,-14.976],[109.564,-14.778],[110.356,-14.202],[110.842,-13.032],[111.328,-10.944],[112.012,-7.758],[112.732,-4.464],[113.452,-2.448],[114.712,-1.8],[115.828,-1.98],[116.476,-2.394],[116.71,-2.898],[116.728,-3.456],[116.638,-4.968],[116.422,-6.93],[115.972,-9.9],[115.018,-14.742],[114.424,-17.028],[112.696,-18.36],[111.292,-18.072],[110.572,-17.604],[109.294,-18.072],[107.8,-18.288],[104.236,-17.442],[101.554,-15.174],[99.88,-12.06],[99.304,-8.64],[99.88,-5.706],[101.392,-3.6],[103.732,-2.286],[106.504,-1.8],[108.97,-2.052],[110.932,-2.61],[112.048,-3.222],[112.264,-4.032]],"c":true}},"nm":"a","hd":false},{"ty":"fl","c":{"a":0,"k":[1,1,1,1]},"o":{"a":0,"k":100},"r":1,"bm":0,"nm":"填充 1","hd":false},{"ty":"tr","p":{"a":0,"k":[0,0]},"a":{"a":0,"k":[0,0]},"s":{"a":0,"k":[100,100]},"r":{"a":0,"k":0},"o":{"a":0,"k":100},"sk":{"a":0,"k":0},"sa":{"a":0,"k":0},"nm":"变换"}],"nm":"a","bm":0,"hd":false},{"ty":"gr","it":[{"ind":0,"ty":"sh","ks":{"a":0,"k":{"i":[[0,0],[0.372,-0.576],[0.468,-0.732],[0.888,-1.608],[0.276,-0.54],[0.096,-0.336],[-0.108,-0.18],[-0.192,-0.168],[-0.252,-0.12],[-0.264,-0.024],[-0.252,0.204],[-0.396,0.492],[-0.912,1.344],[-0.936,1.416],[-1.02,1.776],[-0.156,0.36],[0,0.216],[0.168,0.216],[0.264,0.144],[0.3,0.108],[0.24,0],[0.36,-0.312],[0.48,-0.816],[0.312,-0.54],[0.336,-0.552]],"o":[[-0.216,0.384],[-0.372,0.576],[-0.468,0.732],[-0.408,0.672],[-0.276,0.54],[-0.048,0.216],[0.108,0.18],[0.192,0.168],[0.252,0.12],[0.288,0],[0.252,-0.204],[0.396,-0.492],[0.912,-1.344],[1.872,-2.832],[1.02,-1.776],[0.156,-0.36],[0.024,-0.24],[-0.168,-0.216],[-0.264,-0.144],[-0.3,-0.108],[-0.36,0],[-0.36,0.312],[-0.552,0.912],[-0.312,0.54],[0,0]],"v":[[129.795,-9.18],[128.913,-7.74],[127.653,-5.778],[125.619,-2.268],[124.593,-0.45],[124.035,0.864],[124.125,1.458],[124.575,1.98],[125.241,2.412],[126.015,2.628],[126.825,2.322],[127.797,1.278],[129.759,-1.476],[132.531,-5.616],[136.869,-12.528],[138.633,-15.732],[138.867,-16.596],[138.651,-17.28],[138.003,-17.82],[137.157,-18.198],[136.347,-18.36],[135.267,-17.892],[134.007,-16.2],[132.711,-14.022],[131.739,-12.384]],"c":true}},"nm":"y","hd":false},{"ind":1,"ty":"sh","ks":{"a":0,"k":{"i":[[0.36,-0.216],[0.252,-0.24],[0,-0.384],[-0.264,-0.48],[-0.3,-0.456],[-0.372,-0.528],[-0.408,-0.552],[-0.36,-0.456],[-0.528,-0.552],[-0.432,0],[-0.228,0.084],[-0.204,0.144],[-0.144,0.192],[0,0.24],[0.288,0.552],[0.42,0.672],[0.456,0.72],[0.336,0.504],[0.672,0]],"o":[[-0.312,0.168],[-0.252,0.24],[0,0.336],[0.12,0.216],[0.3,0.456],[0.372,0.528],[0.408,0.552],[0.36,0.456],[0.264,0.216],[0.168,0],[0.228,-0.084],[0.204,-0.144],[0.144,-0.192],[0.024,-0.288],[-0.288,-0.552],[-0.42,-0.672],[-0.456,-0.72],[-0.816,-1.32],[-0.504,0.048]],"v":[[121.839,-17.856],[120.993,-17.244],[120.615,-16.308],[121.011,-15.084],[121.641,-14.076],[122.649,-12.6],[123.819,-10.98],[124.971,-9.468],[126.303,-7.956],[127.347,-7.632],[127.941,-7.758],[128.589,-8.1],[129.111,-8.604],[129.327,-9.252],[128.931,-10.512],[127.869,-12.348],[126.555,-14.436],[125.367,-16.272],[123.135,-18.252]],"c":true}},"nm":"y","hd":false},{"ty":"mm","mm":1,"nm":"合并路径 1","hd":false},{"ty":"fl","c":{"a":0,"k":[1,1,1,1]},"o":{"a":0,"k":100},"r":1,"bm":0,"nm":"填充 1","hd":false},{"ty":"tr","p":{"a":0,"k":[0,0]},"a":{"a":0,"k":[0,0]},"s":{"a":0,"k":[100,100]},"r":{"a":0,"k":0},"o":{"a":0,"k":100},"sk":{"a":0,"k":0},"sa":{"a":0,"k":0},"nm":"变换"}],"nm":"y","bm":0,"hd":false},{"ty":"gr","it":[{"ind":0,"ty":"sh","ks":{"a":0,"k":{"i":[[-0.06,-0.408],[-0.18,-0.228],[-0.336,-0.084],[-0.672,0],[0.024,-0.228],[0.036,-0.276],[0.012,-0.276],[0,-0.216],[-0.576,0],[-0.264,0.456],[-0.252,0.66],[-0.18,0.72],[0,0.552],[0.42,0.216],[1.176,0],[0.444,-0.192],[0,-0.6]],"o":[[0.06,0.408],[0.18,0.228],[0.336,0.084],[-0.024,0.144],[-0.024,0.228],[-0.036,0.276],[-0.012,0.276],[0,0.264],[0.192,0],[0.264,-0.456],[0.252,-0.66],[0.18,-0.72],[0,-0.624],[-0.42,-0.216],[-0.96,0],[-0.444,0.192],[0.048,0.672]],"v":[[144.501,-23.58],[144.861,-22.626],[145.635,-22.158],[147.147,-22.032],[147.075,-21.474],[146.985,-20.718],[146.913,-19.89],[146.895,-19.152],[147.759,-18.756],[148.443,-19.44],[149.217,-21.114],[149.865,-23.184],[150.135,-25.092],[149.505,-26.352],[147.111,-26.676],[145.005,-26.388],[144.339,-25.2]],"c":true}},"nm":"”","hd":false},{"ind":1,"ty":"sh","ks":{"a":0,"k":{"i":[[-0.06,-0.42],[-0.156,-0.228],[-0.36,-0.096],[-0.648,0.048],[0.012,-0.228],[0.036,-0.276],[0.012,-0.276],[0,-0.216],[-0.576,0],[-0.276,0.468],[-0.264,0.648],[-0.156,0.72],[0,0.552],[0.42,0.216],[1.176,0],[0.444,-0.192],[0,-0.6]],"o":[[0.06,0.42],[0.156,0.228],[0.36,0.096],[-0.024,0.144],[-0.012,0.228],[-0.036,0.276],[-0.012,0.276],[0,0.264],[0.192,0],[0.276,-0.468],[0.264,-0.648],[0.156,-0.72],[0,-0.624],[-0.42,-0.216],[-0.96,0],[-0.444,0.192],[0.048,0.672]],"v":[[151.521,-23.634],[151.845,-22.662],[152.619,-22.176],[154.131,-22.104],[154.077,-21.546],[154.005,-20.79],[153.933,-19.962],[153.915,-19.224],[154.779,-18.828],[155.481,-19.53],[156.291,-21.204],[156.921,-23.256],[157.155,-25.164],[156.525,-26.424],[154.131,-26.748],[152.025,-26.46],[151.359,-25.272]],"c":true}},"nm":"”","hd":false},{"ty":"mm","mm":1,"nm":"合并路径 1","hd":false},{"ty":"fl","c":{"a":0,"k":[1,1,1,1]},"o":{"a":0,"k":100},"r":1,"bm":0,"nm":"填充 1","hd":false},{"ty":"tr","p":{"a":0,"k":[0,0]},"a":{"a":0,"k":[0,0]},"s":{"a":0,"k":[100,100]},"r":{"a":0,"k":0},"o":{"a":0,"k":100},"sk":{"a":0,"k":0},"sa":{"a":0,"k":0},"nm":"变换"}],"nm":"”","bm":0,"hd":false}],"ip":0,"op":250,"st":0,"bm":0},{"ddd":0,"ind":7,"ty":2,"nm":"bg1.jpg","cl":"jpg","refId":"image_0","sr":1,"ks":{"p":{"a":0,"k":[270,464,0]},"a":{"a":0,"k":[270,480,0]}},"ao":0,"hasMask":true,"masksProperties":[{"inv":false,"mode":"a","pt":{"a":0,"k":{"i":[[0,0],[0,0],[0,0],[0,0]],"o":[[0,0],[0,0],[0,0],[0,0]],"v":[[540,666],[1,666],[1,813],[540,813]],"c":true}},"o":{"a":0,"k":100},"x":{"a":0,"k":0},"nm":"蒙版 1"}],"ef":[{"ty":29,"nm":"高斯模糊","np":6,"mn":"ADBE Gaussian Blur 2","ix":1,"en":1,"ef":[{"ty":0,"nm":"模糊度","mn":"ADBE Gaussian Blur 2-0001","ix":1,"v":{"a":0,"k":60}},{"ty":7,"nm":"模糊方向","mn":"ADBE Gaussian Blur 2-0002","ix":2,"v":{"a":0,"k":1}},{"ty":7,"nm":"重复边缘像素","mn":"ADBE Gaussian Blur 2-0003","ix":3,"v":{"a":0,"k":0}},{"ty":7,"nm":"GPU 渲染","mn":"ADBE Force CPU GPU","ix":4,"v":{"a":0,"k":1}}]}],"ip":0,"op":250,"st":0,"bm":0},{"ddd":0,"ind":8,"ty":0,"nm":"皇冠.png 合成 1","cl":"png","refId":"comp_0","sr":1,"ks":{"p":{"a":0,"k":[270,460,0]},"a":{"a":0,"k":[270,480,0]}},"ao":0,"w":540,"h":960,"ip":0,"op":250,"st":0,"bm":0},{"ddd":0,"ind":9,"ty":1,"nm":"黑色 纯色 1","td":1,"sr":1,"ks":{"p":{"a":0,"k":[267,464,0]},"a":{"a":0,"k":[270,480,0]},"s":{"a":0,"k":[88,88,100]}},"ao":0,"hasMask":true,"masksProperties":[{"inv":false,"mode":"a","pt":{"a":0,"k":{"i":[[0,0],[0,0],[0,0],[0,0]],"o":[[0,0],[0,0],[0,0],[0,0]],"v":[[516,104],[30,104],[29.773,749.636],[515.773,749.636]],"c":true}},"o":{"a":0,"k":100},"x":{"a":0,"k":0},"nm":"蒙版 1"}],"sy":[{"ty":0,"nm":"描边","c":{"a":0,"k":[1,1,1,1]},"s":{"a":0,"k":3}}],"sw":540,"sh":960,"sc":"#000000","ip":0,"op":250,"st":0,"bm":0},{"ddd":0,"ind":10,"ty":0,"nm":"替换图片","tt":1,"refId":"comp_1","sr":1,"ks":{"p":{"a":0,"k":[270,464,0]},"a":{"a":0,"k":[270,480,0]}},"ao":0,"w":540,"h":960,"ip":0,"op":250,"st":0,"bm":0},{"ddd":0,"ind":11,"ty":1,"nm":"边框","sr":1,"ks":{"p":{"a":0,"k":[267,464,0]},"a":{"a":0,"k":[270,480,0]}},"ao":0,"hasMask":true,"masksProperties":[{"inv":false,"mode":"a","pt":{"a":0,"k":{"i":[[0,0],[0,0],[0,0],[0,0]],"o":[[0,0],[0,0],[0,0],[0,0]],"v":[[516,104],[30,104],[30,636],[516,636]],"c":true}},"o":{"a":0,"k":100},"x":{"a":0,"k":0},"nm":"蒙版 1"},{"inv":false,"mode":"s","pt":{"a":0,"k":{"i":[[0,0],[0,0],[0,0],[0,0]],"o":[[0,0],[0,0],[0,0],[0,0]],"v":[[508,114],[37,114],[37,684],[508,684]],"c":true}},"o":{"a":0,"k":100},"x":{"a":0,"k":0},"nm":"蒙版 2"},{"inv":false,"mode":"a","pt":{"a":0,"k":{"i":[[0,0],[0,0],[0,0],[0,0]],"o":[[0,0],[0,0],[0,0],[0,0]],"v":[[499,130],[48,130],[48,674],[499,674]],"c":true}},"o":{"a":0,"k":100},"x":{"a":0,"k":0},"nm":"蒙版 3"},{"inv":false,"mode":"s","pt":{"a":0,"k":{"i":[[0,0],[0,0],[0,0],[0,0]],"o":[[0,0],[0,0],[0,0],[0,0]],"v":[[495,133],[51,133],[51,692],[495,692]],"c":true}},"o":{"a":0,"k":100},"x":{"a":0,"k":0},"nm":"蒙版 4"}],"sy":[{"ty":0,"nm":"描边","c":{"a":0,"k":[1,1,1,1]},"s":{"a":0,"k":3}}],"sw":540,"sh":960,"sc":"#ffffff","ip":0,"op":250,"st":0,"bm":0},{"ddd":0,"ind":12,"ty":2,"nm":"bg.jpg","cl":"jpg","refId":"image_0","sr":1,"ks":{"p":{"a":0,"k":[270,480,0]},"a":{"a":0,"k":[270,480,0]}},"ao":0,"ip":0,"op":250,"st":0,"bm":0},{"ddd":0,"ind":13,"ty":6,"nm":"Ukulele Song.mp3","cl":"mp3","refId":"audio_0","sr":1,"ks":{"p":{"a":0,"k":[270,480,0]},"a":{"a":0,"k":[0.5,0.5,0]}},"ao":0,"ip":0,"op":3467.75510204082,"st":0,"bm":0}],"markers":[]}