{"tv":"1.0.0","fix":"tutucloud.com","v":"5.5.5","fr":25,"ip":0,"op":667,"w":1920,"h":1080,"nm":"十里桃花","ddd":1,"assets":[{"ty":2,"id":"audio_0","u":"audios/","p":"audio_0.mp3","e":0,"nm":"re_aud_张杰 - 三生三世.mp3","du":257.592},{"ty":1,"id":"image_0","w":1024,"h":768,"u":"images/","p":"img_0.png","e":0,"nm":"timg.jpg"},{"ty":1,"id":"image_1","w":1920,"h":1080,"u":"images/","p":"img_1.png","e":0,"nm":"BG.jpg"},{"ty":1,"id":"image_2","w":404,"h":760,"u":"images/","p":"img_2.png","e":0,"nm":"桃花－下.png"},{"ty":1,"id":"image_3","w":1920,"h":1080,"u":"images/","p":"img_3.png","e":0,"nm":"ink9.png"},{"ty":1,"id":"image_4","w":1920,"h":1080,"u":"images/","p":"img_4.png","e":0,"nm":"re_img_3"},{"ty":1,"id":"image_5","w":1920,"h":1080,"u":"images/","p":"img_5.png","e":0,"nm":"ink6.png"},{"ty":1,"id":"image_6","w":1920,"h":1080,"u":"images/","p":"img_6.png","e":0,"nm":"re_img_2"},{"ty":1,"id":"image_7","w":1920,"h":1080,"u":"images/","p":"img_7.png","e":0,"nm":"ink4.png"},{"ty":1,"id":"image_8","w":1920,"h":1080,"u":"images/","p":"img_8.png","e":0,"nm":"ink10.png"},{"ty":1,"id":"image_9","w":1920,"h":1080,"u":"images/","p":"img_9.png","e":0,"nm":"ink1.png"},{"ty":1,"id":"image_10","w":1000,"h":517,"u":"images/","p":"img_10.png","e":0,"nm":"timg (2).jpg"},{"ty":1,"id":"image_11","w":1920,"h":1080,"u":"images/","p":"img_11.png","e":0,"nm":"hua.png"},{"ty":1,"id":"image_12","w":1920,"h":1080,"u":"images/","p":"img_12.png","e":0,"nm":"bg2.jpg"},{"ty":1,"id":"image_13","w":1920,"h":1080,"u":"images/","p":"img_13.png","e":0,"nm":"ink2.png"},{"ty":1,"id":"image_14","w":1920,"h":1080,"u":"images/","p":"img_14.png","e":0,"nm":"re_img_1"},{"ty":1,"id":"image_15","w":1920,"h":1080,"u":"images/","p":"img_15.png","e":0,"nm":"re_img_0"},{"id":"comp_0","layers":[{"ddd":0,"ind":1,"ty":0,"nm":"定版字","refId":"comp_1","sr":1,"ks":{"p":{"a":0,"k":[1004,540,0]},"a":{"a":0,"k":[960,540,0]},"s":{"a":1,"k":[{"i":{"x":[0.667,0.667,0.667],"y":[1,1,1]},"o":{"x":[0.333,0.333,0.333],"y":[0,0,0]},"t":0.417,"s":[78,78,100]},{"i":{"x":[0.667,0.667,0.667],"y":[1,1,1]},"o":{"x":[0.333,0.333,0.333],"y":[0,0,0]},"t":28,"s":[85,85,100]},{"t":99.9996744791667,"s":[100,100,100]}]}},"ao":0,"w":1920,"h":1080,"ip":0.41666666666667,"op":100,"st":0.41666666666667,"bm":0},{"ddd":0,"ind":2,"ty":0,"nm":"花瓣","refId":"comp_2","sr":1,"ks":{"s":{"a":0,"k":[150,150,100]}},"ao":0,"w":1280,"h":720,"ip":0,"op":100,"st":0,"bm":0},{"ddd":0,"ind":3,"ty":0,"nm":"花瓣","refId":"comp_2","sr":1,"ks":{"s":{"a":0,"k":[150,150,100]}},"ao":0,"w":1280,"h":720,"ip":52,"op":100,"st":52,"bm":0},{"ddd":0,"ind":4,"ty":2,"nm":"BG.jpg","cl":"jpg","refId":"image_1","sr":1,"ks":{},"ao":0,"ip":0,"op":100,"st":0,"bm":0}]},{"id":"comp_1","layers":[{"ddd":0,"ind":1,"ty":5,"nm":"re_txt_三生三世 相守相望","sr":1,"ks":{"p":{"a":0,"k":[954,496,0]}},"ao":0,"t":{"d":{"k":[{"s":{"s":115,"f":"SourceHanSansCN-Medium","nm":"re_txt_三生三世 相守相望 2","t":"三生三世   相守相望","j":2,"tr":-116,"lh":138,"ls":0,"fc":[0.369,0.098,0.18]},"t":0}]},"p":{},"m":{"g":1,"a":{"a":0,"k":[0,0]}},"a":[]},"ip":0,"op":628.125,"st":145.833333333333,"bm":0},{"ddd":0,"ind":2,"ty":5,"nm":"re_txt_十里桃花不如你","sr":1,"ks":{"p":{"a":0,"k":[963,666,0]}},"ao":0,"t":{"d":{"k":[{"s":{"s":115,"f":"SourceHanSansCN-Medium","nm":"re_txt_十里桃花不如你 2","t":"桃花十里 不如你","j":2,"tr":-116,"lh":138,"ls":0,"fc":[0.369,0.098,0.18]},"t":0}]},"p":{},"m":{"g":1,"a":{"a":0,"k":[0,0]}},"a":[]},"ip":0,"op":628.125,"st":145.833333333333,"bm":0}]},{"id":"comp_2","layers":[{"ddd":0,"ind":1,"ty":2,"nm":"timg.jpg","cl":"jpg","refId":"image_0","sr":1,"ks":{"o":{"a":1,"k":[{"i":{"x":[0.833],"y":[0.833]},"o":{"x":[0.167],"y":[0.167]},"t":-6,"s":[0]},{"i":{"x":[0.833],"y":[0.833]},"o":{"x":[0.167],"y":[0.167]},"t":5,"s":[100]},{"i":{"x":[0.833],"y":[0.833]},"o":{"x":[0.167],"y":[0.167]},"t":90,"s":[100]},{"t":97,"s":[0]}]},"r":{"a":1,"k":[{"i":{"x":[0.833],"y":[0.833]},"o":{"x":[0.167],"y":[0.167]},"t":-2.394,"s":[0]},{"t":73.36328125,"s":[1080]}]},"p":{"a":1,"k":[{"i":{"x":0.833,"y":0.833},"o":{"x":0.167,"y":0.167},"t":-3,"s":[459.701,276.992,0],"to":[5.497,4.685,0],"ti":[9.725,-6.861,0]},{"i":{"x":0.833,"y":0.833},"o":{"x":0.167,"y":0.167},"t":0,"s":[198.897,69.347,0],"to":[-97.248,68.609,0],"ti":[-95.931,-123.751,0]},{"i":{"x":0.833,"y":0.833},"o":{"x":0.167,"y":0.167},"t":34,"s":[191.034,353.907,0],"to":[76.802,99.075,0],"ti":[-84.162,-53.997,0]},{"i":{"x":0.833,"y":0.833},"o":{"x":0.167,"y":0.167},"t":58.212,"s":[630.062,427.116,0],"to":[108.376,69.532,0],"ti":[-151.798,-73.566,0]},{"i":{"x":0.833,"y":0.833},"o":{"x":0.167,"y":0.167},"t":65,"s":[749.439,643.448,0],"to":[140.849,68.26,0],"ti":[-126.698,-101.606,0]},{"t":97,"s":[1134.701,662.992,0]}]},"a":{"a":0,"k":[454.75,184,0]},"s":{"a":1,"k":[{"i":{"x":[0.833,0.833,0.833],"y":[0.833,0.833,0.833]},"o":{"x":[0.167,0.167,0.167],"y":[0.167,0.167,0.167]},"t":-2,"s":[10,10,100]},{"t":87.9091796875,"s":[30,30,100]}]}},"ao":0,"hasMask":true,"masksProperties":[{"inv":false,"mode":"a","pt":{"a":1,"k":[{"i":{"x":0.833,"y":0.833},"o":{"x":0.167,"y":0.167},"t":12.758,"s":[{"i":[[6,4.5],[0,-1.5],[0,-5],[-1.5,-1.5],[-2.5,-3.5],[-5,0],[-1,4],[-2,7],[5,3.5],[5.5,1],[3.5,0.5]],"o":[[-6,-4.5],[0,1.5],[0,5],[1.5,1.5],[2.5,3.5],[5,0],[1,-4],[2,-7],[-5,-3.5],[-5.5,-1],[-3.5,-0.5]],"v":[[429.5,158],[428,164],[429.5,172],[429.5,182.5],[445,200.5],[460.5,210],[474,206.5],[481.5,194],[480.5,177.5],[462.5,168],[447,159.5]],"c":true}]},{"i":{"x":0.833,"y":0.833},"o":{"x":0.167,"y":0.167},"t":58.212,"s":[{"i":[[6,4.5],[0,-1.5],[0,-5],[-1.5,-1.5],[-2.5,-3.5],[-5,0],[-1,4],[-2,7],[5,3.5],[5.5,1],[3.5,0.5]],"o":[[-6,-4.5],[0,1.5],[0,5],[1.5,1.5],[2.5,3.5],[5,0],[1,-4],[2,-7],[-5,-3.5],[-5.5,-1],[-3.5,-0.5]],"v":[[435.551,140.566],[428,164],[429.5,172],[429.5,182.5],[445,200.5],[460.5,210],[474,206.5],[469.187,200.931],[467.088,189.586],[462.5,168],[447,159.5]],"c":true}]},{"t":95.7880859375,"s":[{"i":[[6,4.5],[0,-1.5],[0,-5],[-1.5,-1.5],[-2.5,-3.5],[-5,0],[-1,4],[-2,7],[5,3.5],[5.5,1],[3.5,0.5]],"o":[[-6,-4.5],[0,1.5],[0,5],[1.5,1.5],[2.5,3.5],[5,0],[1,-4],[2,-7],[-5,-3.5],[-5.5,-1],[-3.5,-0.5]],"v":[[429.5,158],[428,164],[429.5,172],[429.5,182.5],[445,200.5],[460.5,210],[474,206.5],[481.5,194],[480.5,177.5],[462.5,168],[447,159.5]],"c":true}]}]},"o":{"a":0,"k":100},"x":{"a":0,"k":-1},"nm":"Mask 1"}],"ip":0,"op":100,"st":-33,"bm":0},{"ddd":0,"ind":2,"ty":2,"nm":"timg.jpg","cl":"jpg","refId":"image_0","sr":1,"ks":{"o":{"a":1,"k":[{"i":{"x":[0.833],"y":[0.833]},"o":{"x":[0.167],"y":[0.167]},"t":20,"s":[0]},{"i":{"x":[0.833],"y":[0.833]},"o":{"x":[0.167],"y":[0.167]},"t":31,"s":[100]},{"i":{"x":[0.833],"y":[0.833]},"o":{"x":[0.167],"y":[0.167]},"t":116,"s":[100]},{"t":123,"s":[0]}]},"r":{"a":1,"k":[{"i":{"x":[0.833],"y":[0.833]},"o":{"x":[0.167],"y":[0.167]},"t":23.606,"s":[0]},{"t":99.36328125,"s":[720]}]},"p":{"a":1,"k":[{"i":{"x":0.833,"y":0.833},"o":{"x":0.167,"y":0.167},"t":23,"s":[35.701,26.992,0],"to":[12.239,10.43,0],"ti":[-157.457,-40.511,0]},{"i":{"x":0.833,"y":0.833},"o":{"x":0.167,"y":0.167},"t":34,"s":[268.102,252.189,0],"to":[157.85,40.612,0],"ti":[-263.427,-174.335,0]},{"i":{"x":0.833,"y":0.833},"o":{"x":0.167,"y":0.167},"t":84.212,"s":[1019.062,269.116,0],"to":[147.193,97.412,0],"ti":[-181.889,-85.178,0]},{"t":123,"s":[1160.701,632.992,0]}]},"a":{"a":0,"k":[454.75,184,0]},"s":{"a":1,"k":[{"i":{"x":[0.833,0.833,0.833],"y":[0.833,0.833,0.833]},"o":{"x":[0.167,0.167,0.167],"y":[0.167,0.167,0.167]},"t":23.606,"s":[10,10,100]},{"t":130,"s":[60,60,100]}]}},"ao":0,"hasMask":true,"masksProperties":[{"inv":false,"mode":"a","pt":{"a":1,"k":[{"i":{"x":0.833,"y":0.833},"o":{"x":0.167,"y":0.167},"t":38.758,"s":[{"i":[[6,4.5],[0,-1.5],[0,-5],[-1.5,-1.5],[-2.5,-3.5],[-5,0],[-1,4],[-2,7],[5,3.5],[5.5,1],[3.5,0.5]],"o":[[-6,-4.5],[0,1.5],[0,5],[1.5,1.5],[2.5,3.5],[5,0],[1,-4],[2,-7],[-5,-3.5],[-5.5,-1],[-3.5,-0.5]],"v":[[429.5,158],[428,164],[429.5,172],[429.5,182.5],[445,200.5],[460.5,210],[474,206.5],[481.5,194],[480.5,177.5],[462.5,168],[447,159.5]],"c":true}]},{"i":{"x":0.833,"y":0.833},"o":{"x":0.167,"y":0.167},"t":84.212,"s":[{"i":[[6,4.5],[0,-1.5],[0,-5],[-1.5,-1.5],[-2.5,-3.5],[-5,0],[-1,4],[-2,7],[5,3.5],[5.5,1],[3.5,0.5]],"o":[[-6,-4.5],[0,1.5],[0,5],[1.5,1.5],[2.5,3.5],[5,0],[1,-4],[2,-7],[-5,-3.5],[-5.5,-1],[-3.5,-0.5]],"v":[[435.551,140.566],[428,164],[429.5,172],[429.5,182.5],[445,200.5],[460.5,210],[474,206.5],[469.187,200.931],[467.088,189.586],[462.5,168],[447,159.5]],"c":true}]},{"t":121.7880859375,"s":[{"i":[[6,4.5],[0,-1.5],[0,-5],[-1.5,-1.5],[-2.5,-3.5],[-5,0],[-1,4],[-2,7],[5,3.5],[5.5,1],[3.5,0.5]],"o":[[-6,-4.5],[0,1.5],[0,5],[1.5,1.5],[2.5,3.5],[5,0],[1,-4],[2,-7],[-5,-3.5],[-5.5,-1],[-3.5,-0.5]],"v":[[429.5,158],[428,164],[429.5,172],[429.5,182.5],[445,200.5],[460.5,210],[474,206.5],[481.5,194],[480.5,177.5],[462.5,168],[447,159.5]],"c":true}]}]},"o":{"a":0,"k":100},"x":{"a":0,"k":-1},"nm":"Mask 1"}],"ip":17,"op":126,"st":-7,"bm":0},{"ddd":0,"ind":3,"ty":2,"nm":"timg.jpg","cl":"jpg","refId":"image_0","sr":1,"ks":{"o":{"a":1,"k":[{"i":{"x":[0.833],"y":[0.833]},"o":{"x":[0.167],"y":[0.167]},"t":59,"s":[0]},{"i":{"x":[0.833],"y":[0.833]},"o":{"x":[0.167],"y":[0.167]},"t":70,"s":[100]},{"i":{"x":[0.833],"y":[0.833]},"o":{"x":[0.167],"y":[0.167]},"t":155,"s":[100]},{"t":162,"s":[0]}]},"r":{"a":1,"k":[{"i":{"x":[0.833],"y":[0.833]},"o":{"x":[0.167],"y":[0.167]},"t":62.606,"s":[0]},{"t":138.36328125,"s":[1080]}]},"p":{"a":1,"k":[{"i":{"x":0.833,"y":0.833},"o":{"x":0.167,"y":0.167},"t":34,"s":[281.701,324.992,0],"to":[29.667,-8,0],"ti":[-34.214,96.372,0]},{"i":{"x":0.833,"y":0.833},"o":{"x":0.167,"y":0.167},"t":62,"s":[223.701,198.992,0],"to":[59.944,-168.844,0],"ti":[-112.613,-95.974,0]},{"i":{"x":0.833,"y":0.833},"o":{"x":0.167,"y":0.167},"t":123.212,"s":[846.062,298.116,0],"to":[78.164,66.615,0],"ti":[-203.889,-163.178,0]},{"t":162,"s":[1124.701,682.992,0]}]},"a":{"a":0,"k":[454.75,184,0]},"s":{"a":1,"k":[{"i":{"x":[0.833,0.833,0.833],"y":[0.833,0.833,0.833]},"o":{"x":[0.167,0.167,0.167],"y":[0.167,0.167,0.167]},"t":62.606,"s":[10,10,100]},{"t":153,"s":[40,40,100]}]}},"ao":0,"hasMask":true,"masksProperties":[{"inv":false,"mode":"a","pt":{"a":1,"k":[{"i":{"x":0.833,"y":0.833},"o":{"x":0.167,"y":0.167},"t":77.758,"s":[{"i":[[6,4.5],[0,-1.5],[0,-5],[-1.5,-1.5],[-2.5,-3.5],[-5,0],[-1,4],[-2,7],[5,3.5],[5.5,1],[3.5,0.5]],"o":[[-6,-4.5],[0,1.5],[0,5],[1.5,1.5],[2.5,3.5],[5,0],[1,-4],[2,-7],[-5,-3.5],[-5.5,-1],[-3.5,-0.5]],"v":[[429.5,158],[428,164],[429.5,172],[429.5,182.5],[445,200.5],[460.5,210],[474,206.5],[481.5,194],[480.5,177.5],[462.5,168],[447,159.5]],"c":true}]},{"i":{"x":0.833,"y":0.833},"o":{"x":0.167,"y":0.167},"t":123.212,"s":[{"i":[[6,4.5],[0,-1.5],[0,-5],[-1.5,-1.5],[-2.5,-3.5],[-5,0],[-1,4],[-2,7],[5,3.5],[5.5,1],[3.5,0.5]],"o":[[-6,-4.5],[0,1.5],[0,5],[1.5,1.5],[2.5,3.5],[5,0],[1,-4],[2,-7],[-5,-3.5],[-5.5,-1],[-3.5,-0.5]],"v":[[435.551,140.566],[428,164],[429.5,172],[429.5,182.5],[445,200.5],[460.5,210],[474,206.5],[469.187,200.931],[467.088,189.586],[462.5,168],[447,159.5]],"c":true}]},{"t":160.7880859375,"s":[{"i":[[6,4.5],[0,-1.5],[0,-5],[-1.5,-1.5],[-2.5,-3.5],[-5,0],[-1,4],[-2,7],[5,3.5],[5.5,1],[3.5,0.5]],"o":[[-6,-4.5],[0,1.5],[0,5],[1.5,1.5],[2.5,3.5],[5,0],[1,-4],[2,-7],[-5,-3.5],[-5.5,-1],[-3.5,-0.5]],"v":[[429.5,158],[428,164],[429.5,172],[429.5,182.5],[445,200.5],[460.5,210],[474,206.5],[481.5,194],[480.5,177.5],[462.5,168],[447,159.5]],"c":true}]}]},"o":{"a":0,"k":100},"x":{"a":0,"k":-1},"nm":"Mask 1"}],"ip":56,"op":165,"st":32,"bm":0},{"ddd":0,"ind":4,"ty":2,"nm":"timg.jpg","cl":"jpg","refId":"image_0","sr":1,"ks":{"o":{"a":1,"k":[{"i":{"x":[0.833],"y":[0.833]},"o":{"x":[0.167],"y":[0.167]},"t":31,"s":[0]},{"i":{"x":[0.833],"y":[0.833]},"o":{"x":[0.167],"y":[0.167]},"t":42,"s":[100]},{"i":{"x":[0.833],"y":[0.833]},"o":{"x":[0.167],"y":[0.167]},"t":127,"s":[100]},{"t":134,"s":[0]}]},"r":{"a":1,"k":[{"i":{"x":[0.833],"y":[0.833]},"o":{"x":[0.167],"y":[0.167]},"t":34.606,"s":[0]},{"t":110.36328125,"s":[714.821]}]},"p":{"a":1,"k":[{"i":{"x":0.833,"y":0.833},"o":{"x":0.167,"y":0.167},"t":34,"s":[45.701,72.992,0],"to":[205.061,204.176,0],"ti":[-192.078,-159.468,0]},{"i":{"x":0.833,"y":0.833},"o":{"x":0.167,"y":0.167},"t":76,"s":[658.177,166.638,0],"to":[109.715,91.088,0],"ti":[-76.758,-134.515,0]},{"i":{"x":0.833,"y":0.833},"o":{"x":0.167,"y":0.167},"t":95.212,"s":[758.062,564.116,0],"to":[61.357,107.526,0],"ti":[-31.889,-27.178,0]},{"t":134,"s":[926.701,674.992,0]}]},"a":{"a":0,"k":[454.75,184,0]},"s":{"a":1,"k":[{"i":{"x":[0.833,0.833,0.833],"y":[0.833,0.833,0.833]},"o":{"x":[0.167,0.167,0.167],"y":[0.167,0.167,0.167]},"t":34.606,"s":[60,60,100]},{"t":124.9091796875,"s":[100,100,100]}]}},"ao":0,"hasMask":true,"masksProperties":[{"inv":false,"mode":"a","pt":{"a":1,"k":[{"i":{"x":0.833,"y":0.833},"o":{"x":0.167,"y":0.167},"t":49.758,"s":[{"i":[[6,4.5],[0,-1.5],[0,-5],[-1.5,-1.5],[-2.5,-3.5],[-5,0],[-1,4],[-2,7],[5,3.5],[5.5,1],[3.5,0.5]],"o":[[-6,-4.5],[0,1.5],[0,5],[1.5,1.5],[2.5,3.5],[5,0],[1,-4],[2,-7],[-5,-3.5],[-5.5,-1],[-3.5,-0.5]],"v":[[429.5,158],[428,164],[429.5,172],[429.5,182.5],[445,200.5],[460.5,210],[474,206.5],[481.5,194],[480.5,177.5],[462.5,168],[447,159.5]],"c":true}]},{"i":{"x":0.833,"y":0.833},"o":{"x":0.167,"y":0.167},"t":95.212,"s":[{"i":[[6,4.5],[0,-1.5],[0,-5],[-1.5,-1.5],[-2.5,-3.5],[-5,0],[-1,4],[-2,7],[5,3.5],[5.5,1],[3.5,0.5]],"o":[[-6,-4.5],[0,1.5],[0,5],[1.5,1.5],[2.5,3.5],[5,0],[1,-4],[2,-7],[-5,-3.5],[-5.5,-1],[-3.5,-0.5]],"v":[[435.551,140.566],[428,164],[429.5,172],[429.5,182.5],[445,200.5],[460.5,210],[474,206.5],[469.187,200.931],[467.088,189.586],[462.5,168],[447,159.5]],"c":true}]},{"t":132.7880859375,"s":[{"i":[[6,4.5],[0,-1.5],[0,-5],[-1.5,-1.5],[-2.5,-3.5],[-5,0],[-1,4],[-2,7],[5,3.5],[5.5,1],[3.5,0.5]],"o":[[-6,-4.5],[0,1.5],[0,5],[1.5,1.5],[2.5,3.5],[5,0],[1,-4],[2,-7],[-5,-3.5],[-5.5,-1],[-3.5,-0.5]],"v":[[429.5,158],[428,164],[429.5,172],[429.5,182.5],[445,200.5],[460.5,210],[474,206.5],[481.5,194],[480.5,177.5],[462.5,168],[447,159.5]],"c":true}]}]},"o":{"a":0,"k":100},"x":{"a":0,"k":-1},"nm":"Mask 1"}],"ip":28,"op":137,"st":4,"bm":0},{"ddd":0,"ind":5,"ty":2,"nm":"timg.jpg","cl":"jpg","refId":"image_0","sr":1,"ks":{"o":{"a":1,"k":[{"i":{"x":[0.833],"y":[0.833]},"o":{"x":[0.167],"y":[0.167]},"t":37,"s":[0]},{"i":{"x":[0.833],"y":[0.833]},"o":{"x":[0.167],"y":[0.167]},"t":48,"s":[100]},{"i":{"x":[0.833],"y":[0.833]},"o":{"x":[0.167],"y":[0.167]},"t":133,"s":[100]},{"t":140,"s":[0]}]},"r":{"a":1,"k":[{"i":{"x":[0.833],"y":[0.833]},"o":{"x":[0.167],"y":[0.167]},"t":40.606,"s":[0]},{"t":116.36328125,"s":[720]}]},"p":{"a":1,"k":[{"i":{"x":0.833,"y":0.833},"o":{"x":0.167,"y":0.167},"t":34,"s":[139.701,164.992,0],"to":[1.667,0.333,0],"ti":[-77.833,-66.333,0]},{"i":{"x":0.833,"y":0.833},"o":{"x":0.167,"y":0.167},"t":40,"s":[459.701,276.992,0],"to":[45.944,39.156,0],"ti":[-112.613,-95.974,0]},{"i":{"x":0.833,"y":0.833},"o":{"x":0.167,"y":0.167},"t":101.212,"s":[633.062,541.116,0],"to":[78.164,66.615,0],"ti":[-31.889,-27.178,0]},{"t":140,"s":[926.701,674.992,0]}]},"a":{"a":0,"k":[454.75,184,0]},"s":{"a":1,"k":[{"i":{"x":[0.833,0.833,0.833],"y":[0.833,0.833,0.833]},"o":{"x":[0.167,0.167,0.167],"y":[0.167,0.167,0.167]},"t":40,"s":[50,50,100]},{"i":{"x":[0.833,0.833,0.833],"y":[0.833,0.833,0.833]},"o":{"x":[0.167,0.167,0.167],"y":[0.167,0.167,0.167]},"t":40.606,"s":[10,10,100]},{"t":147,"s":[80,80,100]}]}},"ao":0,"hasMask":true,"masksProperties":[{"inv":false,"mode":"a","pt":{"a":1,"k":[{"i":{"x":0.833,"y":0.833},"o":{"x":0.167,"y":0.167},"t":55.758,"s":[{"i":[[6,4.5],[0,-1.5],[0,-5],[-1.5,-1.5],[-2.5,-3.5],[-5,0],[-1,4],[-2,7],[5,3.5],[5.5,1],[3.5,0.5]],"o":[[-6,-4.5],[0,1.5],[0,5],[1.5,1.5],[2.5,3.5],[5,0],[1,-4],[2,-7],[-5,-3.5],[-5.5,-1],[-3.5,-0.5]],"v":[[429.5,158],[428,164],[429.5,172],[429.5,182.5],[445,200.5],[460.5,210],[474,206.5],[481.5,194],[480.5,177.5],[462.5,168],[447,159.5]],"c":true}]},{"i":{"x":0.833,"y":0.833},"o":{"x":0.167,"y":0.167},"t":101.212,"s":[{"i":[[6,4.5],[0,-1.5],[0,-5],[-1.5,-1.5],[-2.5,-3.5],[-5,0],[-1,4],[-2,7],[5,3.5],[5.5,1],[3.5,0.5]],"o":[[-6,-4.5],[0,1.5],[0,5],[1.5,1.5],[2.5,3.5],[5,0],[1,-4],[2,-7],[-5,-3.5],[-5.5,-1],[-3.5,-0.5]],"v":[[435.551,140.566],[428,164],[429.5,172],[429.5,182.5],[445,200.5],[460.5,210],[474,206.5],[469.187,200.931],[467.088,189.586],[462.5,168],[447,159.5]],"c":true}]},{"t":138.7880859375,"s":[{"i":[[6,4.5],[0,-1.5],[0,-5],[-1.5,-1.5],[-2.5,-3.5],[-5,0],[-1,4],[-2,7],[5,3.5],[5.5,1],[3.5,0.5]],"o":[[-6,-4.5],[0,1.5],[0,5],[1.5,1.5],[2.5,3.5],[5,0],[1,-4],[2,-7],[-5,-3.5],[-5.5,-1],[-3.5,-0.5]],"v":[[429.5,158],[428,164],[429.5,172],[429.5,182.5],[445,200.5],[460.5,210],[474,206.5],[481.5,194],[480.5,177.5],[462.5,168],[447,159.5]],"c":true}]}]},"o":{"a":0,"k":100},"x":{"a":0,"k":-1},"nm":"Mask 1"}],"ip":34,"op":143,"st":10,"bm":0},{"ddd":0,"ind":6,"ty":2,"nm":"timg.jpg","cl":"jpg","refId":"image_0","sr":1,"ks":{"o":{"a":1,"k":[{"i":{"x":[0.833],"y":[0.833]},"o":{"x":[0.167],"y":[0.167]},"t":90,"s":[0]},{"i":{"x":[0.833],"y":[0.833]},"o":{"x":[0.167],"y":[0.167]},"t":101,"s":[100]},{"i":{"x":[0.833],"y":[0.833]},"o":{"x":[0.167],"y":[0.167]},"t":186,"s":[100]},{"t":193,"s":[0]}]},"r":{"a":1,"k":[{"i":{"x":[0.833],"y":[0.833]},"o":{"x":[0.167],"y":[0.167]},"t":93.606,"s":[0]},{"t":169.36328125,"s":[1080]}]},"p":{"a":1,"k":[{"i":{"x":0.833,"y":0.833},"o":{"x":0.167,"y":0.167},"t":34,"s":[281.701,324.992,0],"to":[29.667,-8,0],"ti":[-77.833,-66.333,0]},{"i":{"x":0.833,"y":0.833},"o":{"x":0.167,"y":0.167},"t":93,"s":[420.951,200.242,0],"to":[16.847,14.358,0],"ti":[-44.805,-23.774,0]},{"i":{"x":0.833,"y":0.833},"o":{"x":0.167,"y":0.167},"t":110,"s":[502.428,314.953,0],"to":[77.384,41.06,0],"ti":[-71.319,-60.782,0]},{"i":{"x":0.833,"y":0.833},"o":{"x":0.167,"y":0.167},"t":154.212,"s":[809.062,490.116,0],"to":[78.164,66.615,0],"ti":[-31.889,-27.178,0]},{"t":193,"s":[926.701,674.992,0]}]},"a":{"a":0,"k":[454.75,184,0]},"s":{"a":1,"k":[{"i":{"x":[0.833,0.833,0.833],"y":[0.833,0.833,0.833]},"o":{"x":[0.167,0.167,0.167],"y":[0.167,0.167,0.167]},"t":93.606,"s":[60,60,100]},{"t":213,"s":[120,120,100]}]}},"ao":0,"hasMask":true,"masksProperties":[{"inv":false,"mode":"a","pt":{"a":1,"k":[{"i":{"x":0.833,"y":0.833},"o":{"x":0.167,"y":0.167},"t":108.758,"s":[{"i":[[6,4.5],[0,-1.5],[0,-5],[-1.5,-1.5],[-2.5,-3.5],[-5,0],[-1,4],[-2,7],[5,3.5],[5.5,1],[3.5,0.5]],"o":[[-6,-4.5],[0,1.5],[0,5],[1.5,1.5],[2.5,3.5],[5,0],[1,-4],[2,-7],[-5,-3.5],[-5.5,-1],[-3.5,-0.5]],"v":[[429.5,158],[428,164],[429.5,172],[429.5,182.5],[445,200.5],[460.5,210],[474,206.5],[481.5,194],[480.5,177.5],[462.5,168],[447,159.5]],"c":true}]},{"i":{"x":0.833,"y":0.833},"o":{"x":0.167,"y":0.167},"t":154.212,"s":[{"i":[[6,4.5],[0,-1.5],[0,-5],[-1.5,-1.5],[-2.5,-3.5],[-5,0],[-1,4],[-2,7],[5,3.5],[5.5,1],[3.5,0.5]],"o":[[-6,-4.5],[0,1.5],[0,5],[1.5,1.5],[2.5,3.5],[5,0],[1,-4],[2,-7],[-5,-3.5],[-5.5,-1],[-3.5,-0.5]],"v":[[435.551,140.566],[428,164],[429.5,172],[429.5,182.5],[445,200.5],[460.5,210],[474,206.5],[469.187,200.931],[467.088,189.586],[462.5,168],[447,159.5]],"c":true}]},{"t":191.7880859375,"s":[{"i":[[6,4.5],[0,-1.5],[0,-5],[-1.5,-1.5],[-2.5,-3.5],[-5,0],[-1,4],[-2,7],[5,3.5],[5.5,1],[3.5,0.5]],"o":[[-6,-4.5],[0,1.5],[0,5],[1.5,1.5],[2.5,3.5],[5,0],[1,-4],[2,-7],[-5,-3.5],[-5.5,-1],[-3.5,-0.5]],"v":[[429.5,158],[428,164],[429.5,172],[429.5,182.5],[445,200.5],[460.5,210],[474,206.5],[481.5,194],[480.5,177.5],[462.5,168],[447,159.5]],"c":true}]}]},"o":{"a":0,"k":100},"x":{"a":0,"k":-1},"nm":"Mask 1"}],"ip":87,"op":196,"st":63,"bm":0},{"ddd":0,"ind":7,"ty":2,"nm":"timg.jpg","cl":"jpg","refId":"image_0","sr":1,"ks":{"o":{"a":1,"k":[{"i":{"x":[0.833],"y":[0.833]},"o":{"x":[0.167],"y":[0.167]},"t":-30,"s":[0]},{"i":{"x":[0.833],"y":[0.833]},"o":{"x":[0.167],"y":[0.167]},"t":-19,"s":[100]},{"i":{"x":[0.833],"y":[0.833]},"o":{"x":[0.167],"y":[0.167]},"t":66,"s":[100]},{"t":73,"s":[0]}]},"r":{"a":1,"k":[{"i":{"x":[0.833],"y":[0.833]},"o":{"x":[0.167],"y":[0.167]},"t":-26.394,"s":[0]},{"t":49.36328125,"s":[1080]}]},"p":{"a":1,"k":[{"i":{"x":0.833,"y":0.833},"o":{"x":0.167,"y":0.167},"t":-27,"s":[459.701,276.992,0],"to":[22.15,18.877,0],"ti":[63.45,-29.405,0]},{"i":{"x":0.833,"y":0.833},"o":{"x":0.167,"y":0.167},"t":0,"s":[229.895,212.095,0],"to":[-68.161,31.588,0],"ti":[-46.308,-61.054,0]},{"i":{"x":0.833,"y":0.833},"o":{"x":0.167,"y":0.167},"t":34,"s":[255.562,466.616,0],"to":[57.049,75.216,0],"ti":[-86.99,-25.04,0]},{"i":{"x":0.833,"y":0.833},"o":{"x":0.167,"y":0.167},"t":50,"s":[434.955,593.652,0],"to":[102.702,29.562,0],"ti":[-48.933,-22.606,0]},{"i":{"x":0.833,"y":0.833},"o":{"x":0.167,"y":0.167},"t":51,"s":[658.439,640.448,0],"to":[142.087,65.643,0],"ti":[-126.698,-101.606,0]},{"t":73,"s":[1166.701,574.992,0]}]},"a":{"a":0,"k":[454.75,184,0]},"s":{"a":1,"k":[{"i":{"x":[0.833,0.833,0.833],"y":[0.833,0.833,0.833]},"o":{"x":[0.167,0.167,0.167],"y":[0.167,0.167,0.167]},"t":-26,"s":[10,10,100]},{"t":63.9091796875,"s":[100,100,100]}]}},"ao":0,"hasMask":true,"masksProperties":[{"inv":false,"mode":"a","pt":{"a":1,"k":[{"i":{"x":0.833,"y":0.833},"o":{"x":0.167,"y":0.167},"t":-11.242,"s":[{"i":[[6,4.5],[0,-1.5],[0,-5],[-1.5,-1.5],[-2.5,-3.5],[-5,0],[-1,4],[-2,7],[5,3.5],[5.5,1],[3.5,0.5]],"o":[[-6,-4.5],[0,1.5],[0,5],[1.5,1.5],[2.5,3.5],[5,0],[1,-4],[2,-7],[-5,-3.5],[-5.5,-1],[-3.5,-0.5]],"v":[[429.5,158],[428,164],[429.5,172],[429.5,182.5],[445,200.5],[460.5,210],[474,206.5],[481.5,194],[480.5,177.5],[462.5,168],[447,159.5]],"c":true}]},{"i":{"x":0.833,"y":0.833},"o":{"x":0.167,"y":0.167},"t":34.212,"s":[{"i":[[6,4.5],[0,-1.5],[0,-5],[-1.5,-1.5],[-2.5,-3.5],[-5,0],[-1,4],[-2,7],[5,3.5],[5.5,1],[3.5,0.5]],"o":[[-6,-4.5],[0,1.5],[0,5],[1.5,1.5],[2.5,3.5],[5,0],[1,-4],[2,-7],[-5,-3.5],[-5.5,-1],[-3.5,-0.5]],"v":[[435.551,140.566],[428,164],[429.5,172],[429.5,182.5],[445,200.5],[460.5,210],[474,206.5],[469.187,200.931],[467.088,189.586],[462.5,168],[447,159.5]],"c":true}]},{"t":71.7880859375,"s":[{"i":[[6,4.5],[0,-1.5],[0,-5],[-1.5,-1.5],[-2.5,-3.5],[-5,0],[-1,4],[-2,7],[5,3.5],[5.5,1],[3.5,0.5]],"o":[[-6,-4.5],[0,1.5],[0,5],[1.5,1.5],[2.5,3.5],[5,0],[1,-4],[2,-7],[-5,-3.5],[-5.5,-1],[-3.5,-0.5]],"v":[[429.5,158],[428,164],[429.5,172],[429.5,182.5],[445,200.5],[460.5,210],[474,206.5],[481.5,194],[480.5,177.5],[462.5,168],[447,159.5]],"c":true}]}]},"o":{"a":0,"k":100},"x":{"a":0,"k":-1},"nm":"Mask 1"}],"ip":0,"op":76,"st":-57,"bm":0},{"ddd":0,"ind":8,"ty":2,"nm":"timg.jpg","cl":"jpg","refId":"image_0","sr":1,"ks":{"o":{"a":1,"k":[{"i":{"x":[0.833],"y":[0.833]},"o":{"x":[0.167],"y":[0.167]},"t":67,"s":[0]},{"i":{"x":[0.833],"y":[0.833]},"o":{"x":[0.167],"y":[0.167]},"t":78,"s":[100]},{"i":{"x":[0.833],"y":[0.833]},"o":{"x":[0.167],"y":[0.167]},"t":163,"s":[100]},{"t":170,"s":[0]}]},"r":{"a":1,"k":[{"i":{"x":[0.833],"y":[0.833]},"o":{"x":[0.167],"y":[0.167]},"t":70.606,"s":[0]},{"t":146.36328125,"s":[720]}]},"p":{"a":1,"k":[{"i":{"x":0.833,"y":0.833},"o":{"x":0.167,"y":0.167},"t":34,"s":[281.701,324.992,0],"to":[29.667,-8,0],"ti":[-77.833,-66.333,0]},{"i":{"x":0.833,"y":0.833},"o":{"x":0.167,"y":0.167},"t":70,"s":[401.201,198.992,0],"to":[15.349,13.081,0],"ti":[-32.828,-28.852,0]},{"i":{"x":0.833,"y":0.833},"o":{"x":0.167,"y":0.167},"t":85,"s":[480.673,328.132,0],"to":[65.434,57.509,0],"ti":[-74.99,-63.91,0]},{"i":{"x":0.833,"y":0.833},"o":{"x":0.167,"y":0.167},"t":131.212,"s":[765.062,543.116,0],"to":[78.164,66.615,0],"ti":[-31.889,-27.178,0]},{"t":170,"s":[926.701,674.992,0]}]},"a":{"a":0,"k":[454.75,184,0]},"s":{"a":1,"k":[{"i":{"x":[0.833,0.833,0.833],"y":[0.833,0.833,0.833]},"o":{"x":[0.167,0.167,0.167],"y":[0.167,0.167,0.167]},"t":70.606,"s":[10,10,100]},{"t":177,"s":[60,60,100]}]}},"ao":0,"hasMask":true,"masksProperties":[{"inv":false,"mode":"a","pt":{"a":1,"k":[{"i":{"x":0.833,"y":0.833},"o":{"x":0.167,"y":0.167},"t":85.758,"s":[{"i":[[6,4.5],[0,-1.5],[0,-5],[-1.5,-1.5],[-2.5,-3.5],[-5,0],[-1,4],[-2,7],[5,3.5],[5.5,1],[3.5,0.5]],"o":[[-6,-4.5],[0,1.5],[0,5],[1.5,1.5],[2.5,3.5],[5,0],[1,-4],[2,-7],[-5,-3.5],[-5.5,-1],[-3.5,-0.5]],"v":[[429.5,158],[428,164],[429.5,172],[429.5,182.5],[445,200.5],[460.5,210],[474,206.5],[481.5,194],[480.5,177.5],[462.5,168],[447,159.5]],"c":true}]},{"i":{"x":0.833,"y":0.833},"o":{"x":0.167,"y":0.167},"t":131.212,"s":[{"i":[[6,4.5],[0,-1.5],[0,-5],[-1.5,-1.5],[-2.5,-3.5],[-5,0],[-1,4],[-2,7],[5,3.5],[5.5,1],[3.5,0.5]],"o":[[-6,-4.5],[0,1.5],[0,5],[1.5,1.5],[2.5,3.5],[5,0],[1,-4],[2,-7],[-5,-3.5],[-5.5,-1],[-3.5,-0.5]],"v":[[435.551,140.566],[428,164],[429.5,172],[429.5,182.5],[445,200.5],[460.5,210],[474,206.5],[469.187,200.931],[467.088,189.586],[462.5,168],[447,159.5]],"c":true}]},{"t":168.7880859375,"s":[{"i":[[6,4.5],[0,-1.5],[0,-5],[-1.5,-1.5],[-2.5,-3.5],[-5,0],[-1,4],[-2,7],[5,3.5],[5.5,1],[3.5,0.5]],"o":[[-6,-4.5],[0,1.5],[0,5],[1.5,1.5],[2.5,3.5],[5,0],[1,-4],[2,-7],[-5,-3.5],[-5.5,-1],[-3.5,-0.5]],"v":[[429.5,158],[428,164],[429.5,172],[429.5,182.5],[445,200.5],[460.5,210],[474,206.5],[481.5,194],[480.5,177.5],[462.5,168],[447,159.5]],"c":true}]}]},"o":{"a":0,"k":100},"x":{"a":0,"k":-1},"nm":"Mask 1"}],"ip":64,"op":173,"st":40,"bm":0},{"ddd":0,"ind":9,"ty":2,"nm":"timg.jpg","cl":"jpg","refId":"image_0","sr":1,"ks":{"o":{"a":1,"k":[{"i":{"x":[0.833],"y":[0.833]},"o":{"x":[0.167],"y":[0.167]},"t":58,"s":[0]},{"i":{"x":[0.833],"y":[0.833]},"o":{"x":[0.167],"y":[0.167]},"t":69,"s":[100]},{"i":{"x":[0.833],"y":[0.833]},"o":{"x":[0.167],"y":[0.167]},"t":154,"s":[100]},{"t":161,"s":[0]}]},"r":{"a":1,"k":[{"i":{"x":[0.833],"y":[0.833]},"o":{"x":[0.167],"y":[0.167]},"t":61.606,"s":[0]},{"t":137.36328125,"s":[1080]}]},"p":{"a":1,"k":[{"i":{"x":0.833,"y":0.833},"o":{"x":0.167,"y":0.167},"t":34,"s":[281.701,324.992,0],"to":[24.483,-6.602,0],"ti":[-47.139,40.956,0]},{"i":{"x":0.833,"y":0.833},"o":{"x":0.167,"y":0.167},"t":55,"s":[320.327,285.487,0],"to":[9.979,-8.67,0],"ti":[-104.978,46.838,0]},{"i":{"x":0.833,"y":0.833},"o":{"x":0.167,"y":0.167},"t":61,"s":[459.701,276.992,0],"to":[163.622,-73.003,0],"ti":[-112.613,-95.974,0]},{"i":{"x":0.833,"y":0.833},"o":{"x":0.167,"y":0.167},"t":122.212,"s":[846.062,298.116,0],"to":[78.164,66.615,0],"ti":[-203.889,-163.178,0]},{"t":161,"s":[1124.701,682.992,0]}]},"a":{"a":0,"k":[454.75,184,0]},"s":{"a":1,"k":[{"i":{"x":[0.833,0.833,0.833],"y":[0.833,0.833,0.833]},"o":{"x":[0.167,0.167,0.167],"y":[0.167,0.167,0.167]},"t":61.606,"s":[5,5,100]},{"t":152,"s":[20,20,100]}]}},"ao":0,"hasMask":true,"masksProperties":[{"inv":false,"mode":"a","pt":{"a":1,"k":[{"i":{"x":0.833,"y":0.833},"o":{"x":0.167,"y":0.167},"t":76.758,"s":[{"i":[[6,4.5],[0,-1.5],[0,-5],[-1.5,-1.5],[-2.5,-3.5],[-5,0],[-1,4],[-2,7],[5,3.5],[5.5,1],[3.5,0.5]],"o":[[-6,-4.5],[0,1.5],[0,5],[1.5,1.5],[2.5,3.5],[5,0],[1,-4],[2,-7],[-5,-3.5],[-5.5,-1],[-3.5,-0.5]],"v":[[429.5,158],[428,164],[429.5,172],[429.5,182.5],[445,200.5],[460.5,210],[474,206.5],[481.5,194],[480.5,177.5],[462.5,168],[447,159.5]],"c":true}]},{"i":{"x":0.833,"y":0.833},"o":{"x":0.167,"y":0.167},"t":122.212,"s":[{"i":[[6,4.5],[0,-1.5],[0,-5],[-1.5,-1.5],[-2.5,-3.5],[-5,0],[-1,4],[-2,7],[5,3.5],[5.5,1],[3.5,0.5]],"o":[[-6,-4.5],[0,1.5],[0,5],[1.5,1.5],[2.5,3.5],[5,0],[1,-4],[2,-7],[-5,-3.5],[-5.5,-1],[-3.5,-0.5]],"v":[[435.551,140.566],[428,164],[429.5,172],[429.5,182.5],[445,200.5],[460.5,210],[474,206.5],[469.187,200.931],[467.088,189.586],[462.5,168],[447,159.5]],"c":true}]},{"t":159.7880859375,"s":[{"i":[[6,4.5],[0,-1.5],[0,-5],[-1.5,-1.5],[-2.5,-3.5],[-5,0],[-1,4],[-2,7],[5,3.5],[5.5,1],[3.5,0.5]],"o":[[-6,-4.5],[0,1.5],[0,5],[1.5,1.5],[2.5,3.5],[5,0],[1,-4],[2,-7],[-5,-3.5],[-5.5,-1],[-3.5,-0.5]],"v":[[429.5,158],[428,164],[429.5,172],[429.5,182.5],[445,200.5],[460.5,210],[474,206.5],[481.5,194],[480.5,177.5],[462.5,168],[447,159.5]],"c":true}]}]},"o":{"a":0,"k":100},"x":{"a":0,"k":-1},"nm":"Mask 1"}],"ip":55,"op":164,"st":31,"bm":0},{"ddd":0,"ind":10,"ty":2,"nm":"timg.jpg","cl":"jpg","refId":"image_0","sr":1,"ks":{"o":{"a":1,"k":[{"i":{"x":[0.833],"y":[0.833]},"o":{"x":[0.167],"y":[0.167]},"t":58,"s":[0]},{"i":{"x":[0.833],"y":[0.833]},"o":{"x":[0.167],"y":[0.167]},"t":69,"s":[100]},{"i":{"x":[0.833],"y":[0.833]},"o":{"x":[0.167],"y":[0.167]},"t":154,"s":[100]},{"t":161,"s":[0]}]},"r":{"a":1,"k":[{"i":{"x":[0.833],"y":[0.833]},"o":{"x":[0.167],"y":[0.167]},"t":61.606,"s":[0]},{"t":137.36328125,"s":[714.821]}]},"p":{"a":1,"k":[{"i":{"x":0.833,"y":0.833},"o":{"x":0.167,"y":0.167},"t":34,"s":[281.701,324.992,0],"to":[25.352,-6.837,0],"ti":[-69.053,28.71,0]},{"i":{"x":0.833,"y":0.833},"o":{"x":0.167,"y":0.167},"t":55,"s":[223.968,185.09,0],"to":[11.751,-4.886,0],"ti":[-123.89,23.659,0]},{"i":{"x":0.833,"y":0.833},"o":{"x":0.167,"y":0.167},"t":61,"s":[487.701,274.992,0],"to":[137.936,-26.341,0],"ti":[-112.613,-95.974,0]},{"i":{"x":0.833,"y":0.833},"o":{"x":0.167,"y":0.167},"t":122.212,"s":[866.062,394.116,0],"to":[78.164,66.615,0],"ti":[-31.889,-27.178,0]},{"t":161,"s":[926.701,674.992,0]}]},"a":{"a":0,"k":[454.75,184,0]},"s":{"a":1,"k":[{"i":{"x":[0.833,0.833,0.833],"y":[0.833,0.833,0.833]},"o":{"x":[0.167,0.167,0.167],"y":[0.167,0.167,0.167]},"t":61.606,"s":[60,60,100]},{"t":151.9091796875,"s":[100,100,100]}]}},"ao":0,"hasMask":true,"masksProperties":[{"inv":false,"mode":"a","pt":{"a":1,"k":[{"i":{"x":0.833,"y":0.833},"o":{"x":0.167,"y":0.167},"t":76.758,"s":[{"i":[[6,4.5],[0,-1.5],[0,-5],[-1.5,-1.5],[-2.5,-3.5],[-5,0],[-1,4],[-2,7],[5,3.5],[5.5,1],[3.5,0.5]],"o":[[-6,-4.5],[0,1.5],[0,5],[1.5,1.5],[2.5,3.5],[5,0],[1,-4],[2,-7],[-5,-3.5],[-5.5,-1],[-3.5,-0.5]],"v":[[429.5,158],[428,164],[429.5,172],[429.5,182.5],[445,200.5],[460.5,210],[474,206.5],[481.5,194],[480.5,177.5],[462.5,168],[447,159.5]],"c":true}]},{"i":{"x":0.833,"y":0.833},"o":{"x":0.167,"y":0.167},"t":122.212,"s":[{"i":[[6,4.5],[0,-1.5],[0,-5],[-1.5,-1.5],[-2.5,-3.5],[-5,0],[-1,4],[-2,7],[5,3.5],[5.5,1],[3.5,0.5]],"o":[[-6,-4.5],[0,1.5],[0,5],[1.5,1.5],[2.5,3.5],[5,0],[1,-4],[2,-7],[-5,-3.5],[-5.5,-1],[-3.5,-0.5]],"v":[[435.551,140.566],[428,164],[429.5,172],[429.5,182.5],[445,200.5],[460.5,210],[474,206.5],[469.187,200.931],[467.088,189.586],[462.5,168],[447,159.5]],"c":true}]},{"t":159.7880859375,"s":[{"i":[[6,4.5],[0,-1.5],[0,-5],[-1.5,-1.5],[-2.5,-3.5],[-5,0],[-1,4],[-2,7],[5,3.5],[5.5,1],[3.5,0.5]],"o":[[-6,-4.5],[0,1.5],[0,5],[1.5,1.5],[2.5,3.5],[5,0],[1,-4],[2,-7],[-5,-3.5],[-5.5,-1],[-3.5,-0.5]],"v":[[429.5,158],[428,164],[429.5,172],[429.5,182.5],[445,200.5],[460.5,210],[474,206.5],[481.5,194],[480.5,177.5],[462.5,168],[447,159.5]],"c":true}]}]},"o":{"a":0,"k":100},"x":{"a":0,"k":-1},"nm":"Mask 1"}],"ip":55,"op":164,"st":31,"bm":0},{"ddd":0,"ind":11,"ty":2,"nm":"timg.jpg","cl":"jpg","refId":"image_0","sr":1,"ks":{"o":{"a":1,"k":[{"i":{"x":[0.833],"y":[0.833]},"o":{"x":[0.167],"y":[0.167]},"t":47,"s":[0]},{"i":{"x":[0.833],"y":[0.833]},"o":{"x":[0.167],"y":[0.167]},"t":58,"s":[100]},{"i":{"x":[0.833],"y":[0.833]},"o":{"x":[0.167],"y":[0.167]},"t":143,"s":[100]},{"t":150,"s":[0]}]},"r":{"a":1,"k":[{"i":{"x":[0.833],"y":[0.833]},"o":{"x":[0.167],"y":[0.167]},"t":50.606,"s":[0]},{"t":126.36328125,"s":[720]}]},"p":{"a":1,"k":[{"i":{"x":0.833,"y":0.833},"o":{"x":0.167,"y":0.167},"t":34,"s":[281.701,324.992,0],"to":[21.259,-5.733,0],"ti":[-76.203,38.503,0]},{"i":{"x":0.833,"y":0.833},"o":{"x":0.167,"y":0.167},"t":44,"s":[210.245,97.975,0],"to":[72.174,-36.467,0],"ti":[-68.032,-16.474,0]},{"i":{"x":0.833,"y":0.833},"o":{"x":0.167,"y":0.167},"t":50,"s":[434.701,81.992,0],"to":[175.871,42.588,0],"ti":[-112.613,-95.974,0]},{"i":{"x":0.833,"y":0.833},"o":{"x":0.167,"y":0.167},"t":111.212,"s":[765.062,543.116,0],"to":[78.164,66.615,0],"ti":[-31.889,-27.178,0]},{"t":150,"s":[926.701,674.992,0]}]},"a":{"a":0,"k":[454.75,184,0]},"s":{"a":1,"k":[{"i":{"x":[0.833,0.833,0.833],"y":[0.833,0.833,0.833]},"o":{"x":[0.167,0.167,0.167],"y":[0.167,0.167,0.167]},"t":50.606,"s":[10,10,100]},{"t":157,"s":[60,60,100]}]}},"ao":0,"hasMask":true,"masksProperties":[{"inv":false,"mode":"a","pt":{"a":1,"k":[{"i":{"x":0.833,"y":0.833},"o":{"x":0.167,"y":0.167},"t":65.758,"s":[{"i":[[6,4.5],[0,-1.5],[0,-5],[-1.5,-1.5],[-2.5,-3.5],[-5,0],[-1,4],[-2,7],[5,3.5],[5.5,1],[3.5,0.5]],"o":[[-6,-4.5],[0,1.5],[0,5],[1.5,1.5],[2.5,3.5],[5,0],[1,-4],[2,-7],[-5,-3.5],[-5.5,-1],[-3.5,-0.5]],"v":[[429.5,158],[428,164],[429.5,172],[429.5,182.5],[445,200.5],[460.5,210],[474,206.5],[481.5,194],[480.5,177.5],[462.5,168],[447,159.5]],"c":true}]},{"i":{"x":0.833,"y":0.833},"o":{"x":0.167,"y":0.167},"t":111.212,"s":[{"i":[[6,4.5],[0,-1.5],[0,-5],[-1.5,-1.5],[-2.5,-3.5],[-5,0],[-1,4],[-2,7],[5,3.5],[5.5,1],[3.5,0.5]],"o":[[-6,-4.5],[0,1.5],[0,5],[1.5,1.5],[2.5,3.5],[5,0],[1,-4],[2,-7],[-5,-3.5],[-5.5,-1],[-3.5,-0.5]],"v":[[435.551,140.566],[428,164],[429.5,172],[429.5,182.5],[445,200.5],[460.5,210],[474,206.5],[469.187,200.931],[467.088,189.586],[462.5,168],[447,159.5]],"c":true}]},{"t":148.7880859375,"s":[{"i":[[6,4.5],[0,-1.5],[0,-5],[-1.5,-1.5],[-2.5,-3.5],[-5,0],[-1,4],[-2,7],[5,3.5],[5.5,1],[3.5,0.5]],"o":[[-6,-4.5],[0,1.5],[0,5],[1.5,1.5],[2.5,3.5],[5,0],[1,-4],[2,-7],[-5,-3.5],[-5.5,-1],[-3.5,-0.5]],"v":[[429.5,158],[428,164],[429.5,172],[429.5,182.5],[445,200.5],[460.5,210],[474,206.5],[481.5,194],[480.5,177.5],[462.5,168],[447,159.5]],"c":true}]}]},"o":{"a":0,"k":100},"x":{"a":0,"k":-1},"nm":"Mask 1"}],"ip":44,"op":153,"st":20,"bm":0},{"ddd":0,"ind":12,"ty":2,"nm":"timg.jpg","cl":"jpg","refId":"image_0","sr":1,"ks":{"o":{"a":1,"k":[{"i":{"x":[0.833],"y":[0.833]},"o":{"x":[0.167],"y":[0.167]},"t":27,"s":[0]},{"i":{"x":[0.833],"y":[0.833]},"o":{"x":[0.167],"y":[0.167]},"t":38,"s":[100]},{"i":{"x":[0.833],"y":[0.833]},"o":{"x":[0.167],"y":[0.167]},"t":123,"s":[100]},{"t":130,"s":[0]}]},"r":{"a":1,"k":[{"i":{"x":[0.833],"y":[0.833]},"o":{"x":[0.167],"y":[0.167]},"t":30.606,"s":[0]},{"t":106.36328125,"s":[1080]}]},"p":{"a":1,"k":[{"i":{"x":0.833,"y":0.833},"o":{"x":0.167,"y":0.167},"t":30,"s":[126.451,86.742,0],"to":[6.095,5.195,0],"ti":[-98.063,-78.063,0]},{"i":{"x":0.833,"y":0.833},"o":{"x":0.167,"y":0.167},"t":34,"s":[195.937,249.923,0],"to":[101.318,80.654,0],"ti":[-173.89,-124.5,0]},{"i":{"x":0.833,"y":0.833},"o":{"x":0.167,"y":0.167},"t":91.212,"s":[959.062,358.116,0],"to":[173.593,124.287,0],"ti":[-209.889,-79.178,0]},{"t":130,"s":[1180.701,676.992,0]}]},"a":{"a":0,"k":[454.75,184,0]},"s":{"a":1,"k":[{"i":{"x":[0.833,0.833,0.833],"y":[0.833,0.833,0.833]},"o":{"x":[0.167,0.167,0.167],"y":[0.167,0.167,0.167]},"t":30.606,"s":[60,60,100]},{"i":{"x":[0.833,0.833,0.833],"y":[0.833,0.833,0.833]},"o":{"x":[0.167,0.167,0.167],"y":[0.167,0.167,0.167]},"t":76,"s":[31.427,82.812,100]},{"t":150,"s":[120,120,100]}]}},"ao":0,"hasMask":true,"masksProperties":[{"inv":false,"mode":"a","pt":{"a":1,"k":[{"i":{"x":0.833,"y":0.833},"o":{"x":0.167,"y":0.167},"t":45.758,"s":[{"i":[[6,4.5],[0,-1.5],[0,-5],[-1.5,-1.5],[-2.5,-3.5],[-5,0],[-1,4],[-2,7],[5,3.5],[5.5,1],[3.5,0.5]],"o":[[-6,-4.5],[0,1.5],[0,5],[1.5,1.5],[2.5,3.5],[5,0],[1,-4],[2,-7],[-5,-3.5],[-5.5,-1],[-3.5,-0.5]],"v":[[429.5,158],[428,164],[429.5,172],[429.5,182.5],[445,200.5],[460.5,210],[474,206.5],[481.5,194],[480.5,177.5],[462.5,168],[447,159.5]],"c":true}]},{"i":{"x":0.833,"y":0.833},"o":{"x":0.167,"y":0.167},"t":76,"s":[{"i":[[6,4.5],[0,-1.5],[0,-5],[-1.5,-1.5],[-2.5,-3.5],[-5,0],[-1,4],[-2,7],[5,3.5],[5.5,1],[3.5,0.5]],"o":[[-6,-4.5],[0,1.5],[0,5],[1.5,1.5],[2.5,3.5],[5,0],[1,-4],[2,-7],[-5,-3.5],[-5.5,-1],[-3.5,-0.5]],"v":[[433.526,146.4],[428,164],[429.5,172],[429.5,182.5],[445,200.5],[460.5,210],[484.962,203.12],[473.308,198.612],[462.427,176.358],[445.763,164.947],[447,159.5]],"c":true}]},{"i":{"x":0.833,"y":0.833},"o":{"x":0.167,"y":0.167},"t":91.212,"s":[{"i":[[6,4.5],[0,-1.5],[0,-5],[-1.5,-1.5],[-2.5,-3.5],[-5,0],[-1,4],[-2,7],[5,3.5],[5.5,1],[3.5,0.5]],"o":[[-6,-4.5],[0,1.5],[0,5],[1.5,1.5],[2.5,3.5],[5,0],[1,-4],[2,-7],[-5,-3.5],[-5.5,-1],[-3.5,-0.5]],"v":[[435.551,140.566],[428,164],[429.5,172],[429.5,182.5],[445,200.5],[460.5,210],[474,206.5],[469.187,200.931],[467.088,189.586],[462.5,168],[447,159.5]],"c":true}]},{"t":128.7880859375,"s":[{"i":[[6,4.5],[0,-1.5],[0,-5],[-1.5,-1.5],[-2.5,-3.5],[-5,0],[-1,4],[-2,7],[5,3.5],[5.5,1],[3.5,0.5]],"o":[[-6,-4.5],[0,1.5],[0,5],[1.5,1.5],[2.5,3.5],[5,0],[1,-4],[2,-7],[-5,-3.5],[-5.5,-1],[-3.5,-0.5]],"v":[[429.5,158],[428,164],[429.5,172],[429.5,182.5],[445,200.5],[460.5,210],[474,206.5],[481.5,194],[480.5,177.5],[462.5,168],[447,159.5]],"c":true}]}]},"o":{"a":0,"k":100},"x":{"a":0,"k":-1},"nm":"Mask 1"}],"ip":24,"op":133,"st":0,"bm":0}]},{"id":"comp_3","layers":[{"ddd":0,"ind":1,"ty":5,"nm":"re_txt_终相逢","sr":1,"ks":{"o":{"a":1,"k":[{"i":{"x":[0.667],"y":[1]},"o":{"x":[0.333],"y":[0]},"t":18,"s":[0]},{"t":35,"s":[100]}]},"p":{"a":1,"k":[{"i":{"x":0.667,"y":1},"o":{"x":0.333,"y":0},"t":18,"s":[1140.882,767.137,0],"to":[0,-2.508,0],"ti":[0,1.095,0]},{"t":35,"s":[1140.882,630.41,0]}]},"a":{"a":0,"k":[-0.051,-40.062,0]}},"ao":0,"t":{"d":{"k":[{"s":{"s":120,"f":"SourceHanSansCN-Medium","nm":"re_txt_终相逢 2","t":"终相逢","j":2,"tr":50,"lh":144,"ls":0,"fc":[0.369,0.098,0.18]},"t":0}]},"p":{},"m":{"g":1,"a":{"a":0,"k":[0,0]}},"a":[]},"ip":17,"op":91,"st":-10,"bm":0},{"ddd":0,"ind":2,"ty":5,"nm":"re_txt_四海八荒","sr":1,"ks":{"o":{"a":1,"k":[{"i":{"x":[0.667],"y":[1]},"o":{"x":[0.333],"y":[0]},"t":1,"s":[0]},{"t":18,"s":[100]}]},"p":{"a":1,"k":[{"i":{"x":0.667,"y":1},"o":{"x":0.333,"y":0},"t":1,"s":[952.882,615.137,0],"to":[0,-2.508,0],"ti":[0,1.095,0]},{"t":18,"s":[952.882,478.41,0]}]},"a":{"a":0,"k":[2.882,-39.59,0]}},"ao":0,"t":{"d":{"k":[{"s":{"s":120,"f":"SourceHanSansCN-Medium","nm":"re_txt_四海八荒 2","t":"四海八荒","j":2,"tr":50,"lh":144,"ls":0,"fc":[0.369,0.098,0.18]},"t":0}]},"p":{},"m":{"g":1,"a":{"a":0,"k":[0,0]}},"a":[]},"ip":0,"op":91,"st":-27,"bm":0}]},{"id":"comp_4","layers":[{"ddd":0,"ind":1,"ty":2,"nm":"桃花－下.png","cl":"png","refId":"image_2","sr":1,"ks":{"o":{"a":1,"k":[{"i":{"x":[0.667],"y":[0.583]},"o":{"x":[0.333],"y":[0]},"t":226,"s":[0]},{"i":{"x":[0.667],"y":[1]},"o":{"x":[0.333],"y":[10.738]},"t":231.839,"s":[60]},{"i":{"x":[0.833],"y":[1]},"o":{"x":[0.167],"y":[0]},"t":282,"s":[80]},{"t":290,"s":[0]}]},"r":{"a":0,"k":104.197},"p":{"a":0,"k":[360,680,0]},"a":{"a":0,"k":[202,380,0]},"s":{"a":0,"k":[200,200,100]}},"ao":0,"ip":147,"op":347.2002002002,"st":147,"bm":0},{"ddd":1,"ind":2,"ty":0,"nm":"re_img_3","refId":"comp_5","sr":1,"ks":{"o":{"a":1,"k":[{"i":{"x":[0.667],"y":[1]},"o":{"x":[0.333],"y":[0]},"t":359.964,"s":[0]},{"t":372.476315498352,"s":[95]}]},"rx":{"a":0,"k":0},"ry":{"a":0,"k":0},"rz":{"a":0,"k":0},"or":{"a":0,"k":[0,0,335]},"p":{"a":0,"k":[1320.006,362.493,-316.221]},"a":{"a":0,"k":[960,540,0]}},"ao":0,"w":1920,"h":1080,"ip":359.963630296964,"op":458,"st":359.963630296964,"bm":0},{"ddd":1,"ind":3,"ty":0,"nm":"re_img_2","refId":"comp_10","sr":1,"ks":{"o":{"a":1,"k":[{"i":{"x":[0.667],"y":[1]},"o":{"x":[0.333],"y":[0]},"t":282.234,"s":[0]},{"t":294.746595879734,"s":[95]}]},"rx":{"a":0,"k":0},"ry":{"a":0,"k":0},"rz":{"a":0,"k":0},"or":{"a":0,"k":[0,0,0]},"p":{"a":0,"k":[1205.828,405.894,485.621]},"a":{"a":0,"k":[960,540,0]}},"ao":0,"w":1920,"h":1080,"ip":282.233900567234,"op":372.323990657324,"st":282.233900567234,"bm":0},{"ddd":1,"ind":4,"ty":0,"nm":"中转","refId":"comp_13","sr":1,"ks":{"o":{"a":1,"k":[{"i":{"x":[0.667],"y":[1]},"o":{"x":[0.333],"y":[0]},"t":182.31,"s":[0]},{"t":194.82233828881,"s":[95]}]},"rx":{"a":0,"k":0},"ry":{"a":0,"k":0},"rz":{"a":0,"k":0},"or":{"a":0,"k":[0,0,355]},"p":{"a":0,"k":[1424.726,313.008,141.137]},"a":{"a":0,"k":[960,540,0]}},"ao":0,"w":1920,"h":1080,"ip":182.30964297631,"op":307.434768101435,"st":182.30964297631,"bm":0},{"ddd":0,"ind":5,"ty":0,"nm":"re_img_1","refId":"comp_17","sr":1,"ks":{"p":{"a":0,"k":[960,540,0]},"a":{"a":0,"k":[960,540,0]}},"ao":0,"w":1920,"h":1080,"ip":99,"op":199.1001001001,"st":99,"bm":0},{"ddd":0,"ind":6,"ty":0,"nm":"re_img_0","refId":"comp_20","sr":1,"ks":{"p":{"a":0,"k":[960,540,0]},"a":{"a":0,"k":[960,540,0]}},"ao":0,"w":1920,"h":1080,"ip":0,"op":99.1001001001001,"st":-1,"bm":0}]},{"id":"comp_5","layers":[{"ddd":0,"ind":1,"ty":0,"nm":"文字","refId":"comp_6","sr":1,"ks":{"p":{"a":0,"k":[960,540,0]},"a":{"a":0,"k":[960,540,0]}},"ao":0,"w":1920,"h":1080,"ip":21.6883550216884,"op":99.2659325992659,"st":21.6883550216884,"bm":0},{"ddd":0,"ind":2,"ty":0,"nm":"MC4_1","refId":"comp_7","sr":1,"ks":{"p":{"a":0,"k":[960,540,0]},"a":{"a":0,"k":[960,540,0]}},"ao":0,"w":1920,"h":1080,"ip":0,"op":99.2659325992659,"st":0,"bm":0}]},{"id":"comp_6","layers":[{"ddd":0,"ind":1,"ty":5,"nm":"re_txt_余春娇","sr":1,"ks":{"o":{"a":1,"k":[{"i":{"x":[0.833],"y":[0.833]},"o":{"x":[0.167],"y":[0.167]},"t":5.005,"s":[0]},{"i":{"x":[0.833],"y":[0.833]},"o":{"x":[0.167],"y":[0.167]},"t":10.844,"s":[100]},{"i":{"x":[0.833],"y":[0.833]},"o":{"x":[0.167],"y":[0.167]},"t":52.553,"s":[100]},{"t":58.3917250583917,"s":[0]}]},"p":{"a":0,"k":[191,344,0]}},"ao":0,"t":{"d":{"k":[{"s":{"s":120,"f":"SourceHanSansCN-Medium","nm":"re_txt_余春娇 2","t":"余春娇","j":0,"tr":0,"lh":144,"ls":0,"fc":[0.369,0.098,0.18]},"t":0}]},"p":{},"m":{"g":1,"a":{"a":0,"k":[0,0]}},"a":[]},"ip":5.00500500500501,"op":80.9142475809142,"st":5.00500500500501,"bm":0},{"ddd":0,"ind":2,"ty":5,"nm":"re_txt_张志明","sr":1,"ks":{"o":{"a":1,"k":[{"i":{"x":[0.833],"y":[0.833]},"o":{"x":[0.167],"y":[0.167]},"t":0,"s":[0]},{"i":{"x":[0.833],"y":[0.833]},"o":{"x":[0.167],"y":[0.167]},"t":5.839,"s":[100]},{"i":{"x":[0.833],"y":[0.833]},"o":{"x":[0.167],"y":[0.167]},"t":47.548,"s":[100]},{"t":53.3867200533867,"s":[0]}]},"p":{"a":0,"k":[63,206,0]}},"ao":0,"t":{"d":{"k":[{"s":{"s":120,"f":"SourceHanSansCN-Medium","nm":"re_txt_张志明 2","t":"张志明","j":0,"tr":0,"lh":144,"ls":0,"fc":[0.369,0.098,0.18]},"t":0}]},"p":{},"m":{"g":1,"a":{"a":0,"k":[0,0]}},"a":[]},"ip":0,"op":80.9142475809142,"st":0,"bm":0}]},{"id":"comp_7","layers":[{"ddd":0,"ind":1,"ty":0,"nm":"InkT4","td":1,"refId":"comp_8","sr":1,"ks":{"p":{"a":0,"k":[1050,566,0]},"a":{"a":0,"k":[960,540,0]},"s":{"a":0,"k":[90,90,100]}},"ao":0,"tm":{"a":1,"k":[{"i":{"x":[0.833],"y":[0.833]},"o":{"x":[0.167],"y":[0.167]},"t":0,"s":[0]},{"i":{"x":[0.833],"y":[0.833]},"o":{"x":[0.167],"y":[0.167]},"t":45.879,"s":[1.835]},{"i":{"x":[0.833],"y":[0.833]},"o":{"x":[0.167],"y":[0.167]},"t":75.075,"s":[1.869]},{"t":250.25025025025,"s":[10.01]}]},"w":1920,"h":1080,"ip":0,"op":100.1001001001,"st":0,"bm":0},{"ddd":0,"ind":2,"ty":0,"nm":"Media4","tt":1,"refId":"comp_9","sr":1,"ks":{"p":{"a":0,"k":[960,540,0]},"a":{"a":0,"k":[960,540,0]}},"ao":0,"w":1920,"h":1080,"ip":0,"op":100.1001001001,"st":0,"bm":0}]},{"id":"comp_8","layers":[{"ddd":0,"ind":1,"ty":2,"nm":"ink9.png","cl":"png","refId":"image_3","sr":1,"ks":{"p":{"a":0,"k":[960,540,0]},"a":{"a":0,"k":[960,540,0]},"s":{"a":1,"k":[{"i":{"x":[0.031,0.031,0.667],"y":[1,1,1]},"o":{"x":[0.153,0.153,0.333],"y":[0,0,0]},"t":0,"s":[0,0,100]},{"i":{"x":[0.031,0.031,0.667],"y":[1,1,1]},"o":{"x":[0.969,0.969,0.333],"y":[0,0,0]},"t":25.025,"s":[125,125,100]},{"i":{"x":[0.847,0.847,0.667],"y":[1,1,1]},"o":{"x":[0.969,0.969,0.333],"y":[0,0,0]},"t":37.538,"s":[125,125,100]},{"t":62.5625625625626,"s":[0,0,100]}]}},"ao":0,"ip":0,"op":250.25025025025,"st":0,"bm":0}]},{"id":"comp_9","layers":[{"ddd":0,"ind":1,"ty":2,"nm":"re_img_3","refId":"image_4","sr":1,"ks":{"p":{"a":0,"k":[960,540,0]},"a":{"a":0,"k":[960,540,0]}},"ao":0,"ip":0,"op":100.1001001001,"st":0,"bm":0}]},{"id":"comp_10","layers":[{"ddd":0,"ind":1,"ty":0,"nm":"InkT2","td":1,"refId":"comp_11","sr":1,"ks":{"p":{"a":0,"k":[1060,506,0]},"a":{"a":0,"k":[960,540,0]},"s":{"a":0,"k":[80,80,100]}},"ao":0,"w":1920,"h":1080,"ip":0,"op":90.0900900900901,"st":0,"bm":0},{"ddd":0,"ind":2,"ty":0,"nm":"Media7","tt":1,"refId":"comp_12","sr":1,"ks":{"p":{"a":0,"k":[968,604,0]},"a":{"a":0,"k":[960,540,0]},"s":{"a":0,"k":[95,95,100]}},"ao":0,"w":1920,"h":1080,"ip":0,"op":90.0900900900901,"st":0,"bm":0}]},{"id":"comp_11","layers":[{"ddd":0,"ind":1,"ty":2,"nm":"ink9.png","cl":"png","refId":"image_3","sr":1,"ks":{"p":{"a":0,"k":[960,540,0]},"a":{"a":0,"k":[960,540,0]},"s":{"a":1,"k":[{"i":{"x":[0.031,0.031,0.667],"y":[1,1,1]},"o":{"x":[0.153,0.153,0.333],"y":[0,0,0]},"t":28.362,"s":[0,0,100]},{"i":{"x":[0.031,0.031,0.667],"y":[1,1,1]},"o":{"x":[0.969,0.969,0.333],"y":[0,0,0]},"t":53.387,"s":[125,125,100]},{"i":{"x":[0.847,0.847,0.667],"y":[1,1,1]},"o":{"x":[0.969,0.969,0.333],"y":[0,0,0]},"t":65.899,"s":[125,125,100]},{"t":90.9242575909243,"s":[0,0,100]}]}},"ao":0,"ip":28.3616950283617,"op":278.611945278612,"st":28.3616950283617,"bm":0},{"ddd":0,"ind":2,"ty":2,"nm":"ink6.png","cl":"png","refId":"image_5","sr":1,"ks":{"p":{"a":0,"k":[960,540,0]},"a":{"a":0,"k":[960,540,0]},"s":{"a":1,"k":[{"i":{"x":[0.031,0.031,0.667],"y":[1,1,1]},"o":{"x":[0.153,0.153,0.333],"y":[0,0,0]},"t":0,"s":[0,0,100]},{"i":{"x":[0.031,0.031,0.667],"y":[1,1,1]},"o":{"x":[0.969,0.969,0.333],"y":[0,0,0]},"t":25.025,"s":[125,125,100]},{"i":{"x":[0.847,0.847,0.667],"y":[1,1,1]},"o":{"x":[0.969,0.969,0.333],"y":[0,0,0]},"t":37.538,"s":[125,125,100]},{"t":62.5625625625626,"s":[0,0,100]}]}},"ao":0,"ip":0,"op":250.25025025025,"st":0,"bm":0}]},{"id":"comp_12","layers":[{"ddd":0,"ind":1,"ty":2,"nm":"re_img_2","refId":"image_6","sr":1,"ks":{"p":{"a":0,"k":[960,540,0]},"a":{"a":0,"k":[960,540,0]}},"ao":0,"ip":0,"op":100.1001001001,"st":0,"bm":0}]},{"id":"comp_13","layers":[{"ddd":0,"ind":1,"ty":0,"nm":"InkT7","td":1,"refId":"comp_14","sr":1,"ks":{"p":{"a":0,"k":[1050,584,0]},"a":{"a":0,"k":[960,540,0]},"s":{"a":0,"k":[90,90,100]}},"ao":0,"tm":{"a":1,"k":[{"i":{"x":[0.833],"y":[0.833]},"o":{"x":[0.167],"y":[0.167]},"t":0,"s":[0]},{"i":{"x":[0.833],"y":[0.833]},"o":{"x":[0.167],"y":[0.167]},"t":45.879,"s":[1.835]},{"i":{"x":[0.833],"y":[0.833]},"o":{"x":[0.167],"y":[0.167]},"t":75.075,"s":[1.869]},{"t":250.25025025025,"s":[10.01]}]},"w":1920,"h":1080,"ip":0,"op":125.125125125125,"st":0,"bm":0},{"ddd":0,"ind":2,"ty":0,"nm":"中转","tt":1,"refId":"comp_15","sr":1,"ks":{"p":{"a":0,"k":[960,540,0]},"a":{"a":0,"k":[960,540,0]}},"ao":0,"w":1920,"h":1080,"ip":0,"op":115.949282615949,"st":0,"bm":0}]},{"id":"comp_14","layers":[{"ddd":0,"ind":1,"ty":2,"nm":"ink4.png","cl":"png","refId":"image_7","sr":1,"ks":{"p":{"a":0,"k":[960,540,0]},"a":{"a":0,"k":[960,540,0]},"s":{"a":1,"k":[{"i":{"x":[0.031,0.031,0.667],"y":[1,1,1]},"o":{"x":[0.153,0.153,0.333],"y":[0,0,0]},"t":20.02,"s":[0,0,100]},{"i":{"x":[0.031,0.031,0.667],"y":[1,1,1]},"o":{"x":[0.167,0.167,0.167],"y":[0,0,0]},"t":45.045,"s":[125,125,100]},{"i":{"x":[0.847,0.847,0.667],"y":[1,1,1]},"o":{"x":[0.969,0.969,0.333],"y":[0,0,0]},"t":57.558,"s":[125,125,100]},{"t":82.5825825825826,"s":[0,0,100]}]}},"ao":0,"ip":20.02002002002,"op":270.27027027027,"st":20.02002002002,"bm":0},{"ddd":0,"ind":2,"ty":2,"nm":"ink10.png","cl":"png","refId":"image_8","sr":1,"ks":{"p":{"a":0,"k":[960,540,0]},"a":{"a":0,"k":[960,540,0]},"s":{"a":1,"k":[{"i":{"x":[0.031,0.031,0.667],"y":[1,1,1]},"o":{"x":[0.153,0.153,0.333],"y":[0,0,0]},"t":11.678,"s":[0,0,100]},{"i":{"x":[0.031,0.031,0.667],"y":[1,1,1]},"o":{"x":[0.167,0.167,0.167],"y":[0,0,0]},"t":36.703,"s":[125,125,100]},{"i":{"x":[0.847,0.847,0.667],"y":[1,1,1]},"o":{"x":[0.969,0.969,0.333],"y":[0,0,0]},"t":49.216,"s":[125,125,100]},{"t":74.2409075742409,"s":[0,0,100]}]}},"ao":0,"ip":11.6783450116783,"op":261.928595261929,"st":11.6783450116783,"bm":0},{"ddd":0,"ind":3,"ty":2,"nm":"ink6.png","cl":"png","refId":"image_5","sr":1,"ks":{"p":{"a":0,"k":[960,540,0]},"a":{"a":0,"k":[960,540,0]},"s":{"a":1,"k":[{"i":{"x":[0.031,0.031,0.667],"y":[1,1,1]},"o":{"x":[0.153,0.153,0.333],"y":[0,0,0]},"t":5.005,"s":[0,0,100]},{"i":{"x":[0.031,0.031,0.667],"y":[1,1,1]},"o":{"x":[0.969,0.969,0.333],"y":[0,0,0]},"t":30.03,"s":[125,125,100]},{"i":{"x":[0.847,0.847,0.667],"y":[1,1,1]},"o":{"x":[0.969,0.969,0.333],"y":[0,0,0]},"t":42.543,"s":[125,125,100]},{"t":67.5675675675676,"s":[0,0,100]}]}},"ao":0,"ip":5.00500500500501,"op":255.255255255255,"st":5.00500500500501,"bm":0},{"ddd":0,"ind":4,"ty":2,"nm":"ink1.png","cl":"png","refId":"image_9","sr":1,"ks":{"p":{"a":0,"k":[960,540,0]},"a":{"a":0,"k":[960,540,0]},"s":{"a":1,"k":[{"i":{"x":[0.031,0.031,0.667],"y":[1,1,1]},"o":{"x":[0.153,0.153,0.333],"y":[0,0,0]},"t":0,"s":[0,0,100]},{"i":{"x":[0.031,0.031,0.667],"y":[1,1,1]},"o":{"x":[0.167,0.167,0.167],"y":[0,0,0]},"t":25.025,"s":[125,125,100]},{"i":{"x":[0.847,0.847,0.667],"y":[1,1,1]},"o":{"x":[0.969,0.969,0.333],"y":[0,0,0]},"t":37.538,"s":[125,125,100]},{"t":62.5625625625626,"s":[0,0,100]}]}},"ao":0,"ip":0,"op":250.25025025025,"st":0,"bm":0}]},{"id":"comp_15","layers":[{"ddd":0,"ind":1,"ty":0,"nm":"Pre-comp 5","td":1,"refId":"comp_16","sr":1,"ks":{"p":{"a":0,"k":[960,540,0]},"a":{"a":0,"k":[960,540,0]},"s":{"a":0,"k":[85,85,100]}},"ao":0,"w":1920,"h":1080,"ip":0,"op":115.949282615949,"st":0,"bm":0},{"ddd":0,"ind":2,"ty":2,"nm":"timg (2).jpg","cl":"jpg","tt":1,"refId":"image_10","sr":1,"ks":{"r":{"a":0,"k":-58.917},"p":{"a":0,"k":[924,580,0]},"a":{"a":0,"k":[500,258.5,0]},"s":{"a":1,"k":[{"i":{"x":[0.667,0.667,0.667],"y":[1,1,1]},"o":{"x":[0.333,0.333,0.333],"y":[0,0,0]},"t":24.191,"s":[0,0,100]},{"t":65.0650650650651,"s":[581.087,581.087,100]}]}},"ao":0,"ip":0,"op":115.949282615949,"st":0,"bm":0},{"ddd":0,"ind":3,"ty":2,"nm":"hua.png","cl":"png","refId":"image_11","sr":1,"ks":{"p":{"a":0,"k":[959,539,0]},"a":{"a":0,"k":[960,540,0]},"s":{"a":0,"k":[95,95,100]}},"ao":0,"ip":0,"op":115.949282615949,"st":0,"bm":0},{"ddd":0,"ind":4,"ty":2,"nm":"bg2.jpg","cl":"jpg","refId":"image_12","sr":1,"ks":{"p":{"a":0,"k":[960,540,0]},"a":{"a":0,"k":[960,540,0]},"s":{"a":0,"k":[90,90,100]}},"ao":0,"ip":0,"op":115.949282615949,"st":0,"bm":0},{"ddd":0,"ind":5,"ty":2,"nm":"BG.jpg","cl":"jpg","refId":"image_1","sr":1,"ks":{"p":{"a":0,"k":[960,540,0]},"a":{"a":0,"k":[960,540,0]},"s":{"a":0,"k":[95,95,100]}},"ao":0,"ip":0,"op":115.949282615949,"st":0,"bm":0}]},{"id":"comp_16","layers":[{"ddd":0,"ind":1,"ty":5,"nm":"re_txt_看生死契阔 有传说","sr":1,"ks":{"p":{"a":0,"k":[954,496,0]}},"ao":0,"t":{"d":{"k":[{"s":{"s":115,"f":"SourceHanSansCN-Medium","nm":"re_txt_看生死契阔 有传说 2","t":"看生死契阔 有传说","j":2,"tr":-116,"lh":138,"ls":0,"fc":[0.369,0.098,0.18]},"t":0}]},"p":{},"m":{"g":1,"a":{"a":0,"k":[0,0]}},"a":[]},"ip":0,"op":200.2002002002,"st":0,"bm":0},{"ddd":0,"ind":2,"ty":5,"nm":"re_txt_词句写在你眼底 你只有我","sr":1,"ks":{"p":{"a":0,"k":[963,666,0]}},"ao":0,"t":{"d":{"k":[{"s":{"s":115,"f":"SourceHanSansCN-Medium","nm":"re_txt_词句写在你眼底 你只有我 2","t":"词句写在你眼底 你只有我","j":2,"tr":-116,"lh":138,"ls":0,"fc":[0.369,0.098,0.18]},"t":0}]},"p":{},"m":{"g":1,"a":{"a":0,"k":[0,0]}},"a":[]},"ip":0,"op":200.2002002002,"st":0,"bm":0}]},{"id":"comp_17","layers":[{"ddd":0,"ind":1,"ty":0,"nm":"InkT1","td":1,"refId":"comp_18","sr":1,"ks":{"p":{"a":0,"k":[1054,588,0]},"a":{"a":0,"k":[960,540,0]},"s":{"a":0,"k":[90,90,100]}},"ao":0,"tm":{"a":1,"k":[{"i":{"x":[0.833],"y":[0.833]},"o":{"x":[0.167],"y":[0.167]},"t":0,"s":[0]},{"i":{"x":[0.833],"y":[0.833]},"o":{"x":[0.167],"y":[0.167]},"t":45.879,"s":[1.835]},{"i":{"x":[0.833],"y":[0.833]},"o":{"x":[0.167],"y":[0.167]},"t":86.753,"s":[1.869]},{"t":250.25025025025,"s":[10.01]}]},"w":1920,"h":1080,"ip":0,"op":100.1001001001,"st":0,"bm":0},{"ddd":0,"ind":2,"ty":0,"nm":"re_img_1","tt":1,"refId":"comp_19","sr":1,"ks":{"p":{"a":0,"k":[960,540,0]},"a":{"a":0,"k":[960,540,0]}},"ao":0,"w":1920,"h":1080,"ip":0,"op":100.1001001001,"st":0,"bm":0}]},{"id":"comp_18","layers":[{"ddd":0,"ind":1,"ty":2,"nm":"ink9.png","cl":"png","refId":"image_3","sr":1,"ks":{"p":{"a":0,"k":[960,540,0]},"a":{"a":0,"k":[960,540,0]},"s":{"a":1,"k":[{"i":{"x":[0.031,0.031,0.667],"y":[1,1,1]},"o":{"x":[0.153,0.153,0.333],"y":[0,0,0]},"t":25.025,"s":[0,0,100]},{"i":{"x":[0.031,0.031,0.667],"y":[1,1,1]},"o":{"x":[0.969,0.969,0.333],"y":[0,0,0]},"t":40.04,"s":[125,125,100]},{"i":{"x":[0.847,0.847,0.667],"y":[1,1,1]},"o":{"x":[0.969,0.969,0.333],"y":[0,0,0]},"t":47.548,"s":[125,125,100]},{"t":62.5625625625626,"s":[0,0,100]}]}},"ao":0,"ip":0,"op":250.25025025025,"st":0,"bm":0},{"ddd":0,"ind":2,"ty":2,"nm":"ink2.png","cl":"png","refId":"image_13","sr":1,"ks":{"p":{"a":0,"k":[960,540,0]},"a":{"a":0,"k":[960,540,0]},"s":{"a":1,"k":[{"i":{"x":[0.031,0.031,0.667],"y":[1,1,1]},"o":{"x":[0.153,0.153,0.333],"y":[0,0,0]},"t":12.513,"s":[0,0,100]},{"i":{"x":[0.031,0.031,0.667],"y":[1,1,1]},"o":{"x":[0.167,0.167,0.167],"y":[0,0,0]},"t":32.533,"s":[125,125,100]},{"i":{"x":[0.847,0.847,0.667],"y":[1,1,1]},"o":{"x":[0.969,0.969,0.333],"y":[0,0,0]},"t":42.543,"s":[125,125,100]},{"t":62.5625625625626,"s":[0,0,100]}]}},"ao":0,"ip":0,"op":250.25025025025,"st":0,"bm":0},{"ddd":0,"ind":3,"ty":2,"nm":"ink1.png","cl":"png","refId":"image_9","sr":1,"ks":{"p":{"a":0,"k":[960,540,0]},"a":{"a":0,"k":[960,540,0]},"s":{"a":1,"k":[{"i":{"x":[0.031,0.031,0.667],"y":[1,1,1]},"o":{"x":[0.153,0.153,0.333],"y":[0,0,0]},"t":0,"s":[0,0,100]},{"i":{"x":[0.031,0.031,0.667],"y":[1,1,1]},"o":{"x":[0.167,0.167,0.167],"y":[0,0,0]},"t":25.025,"s":[125,125,100]},{"i":{"x":[0.847,0.847,0.667],"y":[1,1,1]},"o":{"x":[0.969,0.969,0.333],"y":[0,0,0]},"t":37.538,"s":[125,125,100]},{"t":62.5625625625626,"s":[0,0,100]}]}},"ao":0,"ip":0,"op":250.25025025025,"st":0,"bm":0}]},{"id":"comp_19","layers":[{"ddd":0,"ind":1,"ty":2,"nm":"re_img_1","refId":"image_14","sr":1,"ks":{"p":{"a":0,"k":[960,540,0]},"a":{"a":0,"k":[960,540,0]}},"ao":0,"ip":0,"op":100.1001001001,"st":0,"bm":0}]},{"id":"comp_20","layers":[{"ddd":0,"ind":1,"ty":0,"nm":"InkT5","td":1,"refId":"comp_21","sr":1,"ks":{"p":{"a":0,"k":[1054,588,0]},"a":{"a":0,"k":[960,540,0]},"s":{"a":0,"k":[90,90,100]}},"ao":0,"tm":{"a":1,"k":[{"i":{"x":[0.833],"y":[0.833]},"o":{"x":[0.167],"y":[0.167]},"t":0,"s":[0]},{"i":{"x":[0.833],"y":[0.833]},"o":{"x":[0.167],"y":[0.167]},"t":45.879,"s":[1.835]},{"i":{"x":[0.833],"y":[0.833]},"o":{"x":[0.167],"y":[0.167]},"t":86.753,"s":[1.869]},{"t":250.25025025025,"s":[10.01]}]},"w":1920,"h":1080,"ip":0,"op":100.1001001001,"st":0,"bm":0},{"ddd":0,"ind":2,"ty":0,"nm":"re_img_0","tt":1,"refId":"comp_22","sr":1,"ks":{"p":{"a":0,"k":[960,540,0]},"a":{"a":0,"k":[960,540,0]}},"ao":0,"w":1920,"h":1080,"ip":0,"op":100.1001001001,"st":0,"bm":0}]},{"id":"comp_21","layers":[{"ddd":0,"ind":1,"ty":2,"nm":"ink6.png","cl":"png","refId":"image_5","sr":1,"ks":{"p":{"a":0,"k":[960,540,0]},"a":{"a":0,"k":[960,540,0]},"s":{"a":1,"k":[{"i":{"x":[0.031,0.031,0.667],"y":[1,1,1]},"o":{"x":[0.153,0.153,0.333],"y":[0,0,0]},"t":0,"s":[0,0,100]},{"i":{"x":[0.031,0.031,0.667],"y":[1,1,1]},"o":{"x":[0.969,0.969,0.333],"y":[0,0,0]},"t":25.025,"s":[100,100,100]},{"i":{"x":[0.847,0.847,0.667],"y":[1,1,1]},"o":{"x":[0.969,0.969,0.333],"y":[0,0,0]},"t":37.538,"s":[100,100,100]},{"t":62.5625625625626,"s":[0,0,100]}]}},"ao":0,"ip":0,"op":250.25025025025,"st":0,"bm":0}]},{"id":"comp_22","layers":[{"ddd":0,"ind":1,"ty":2,"nm":"re_img_0","refId":"image_15","sr":1,"ks":{"p":{"a":0,"k":[960,540,0]},"a":{"a":0,"k":[960,540,0]}},"ao":0,"ip":0,"op":100.1001001001,"st":0,"bm":0}]}],"fonts":{"list":[{"origin":0,"fPath":"C:\\Windows\\Fonts\\SOURCEHANSANSCN-MEDIUM.OTF","fClass":"","fFamily":"Source Han Sans CN","fWeight":"","fStyle":"Medium","fName":"SourceHanSansCN-Medium","ascent":79.69970703125,"u":"fonts/"}]},"layers":[{"ddd":0,"ind":1,"ty":0,"nm":"片尾","refId":"comp_0","sr":1,"ks":{"p":{"a":0,"k":[960,540,0]},"a":{"a":0,"k":[960,540,0]}},"ao":0,"w":1920,"h":1080,"ip":569,"op":667,"st":569,"bm":0},{"ddd":0,"ind":2,"ty":0,"nm":"花瓣","refId":"comp_2","sr":1,"ks":{"p":{"a":0,"k":[-272,88,0]},"s":{"a":0,"k":[120,120,100]}},"ao":0,"w":1280,"h":720,"ip":405,"op":601,"st":405,"bm":0},{"ddd":0,"ind":3,"ty":0,"nm":"花瓣","refId":"comp_2","sr":1,"ks":{"p":{"a":0,"k":[444,-140,0]},"s":{"a":0,"k":[120,120,100]}},"ao":0,"w":1280,"h":720,"ip":267,"op":463,"st":267,"bm":0},{"ddd":0,"ind":4,"ty":0,"nm":"花瓣","refId":"comp_2","sr":1,"ks":{"p":{"a":0,"k":[368,24,0]},"s":{"a":0,"k":[120,120,100]}},"ao":0,"w":1280,"h":720,"ip":132,"op":328,"st":132,"bm":0},{"ddd":0,"ind":5,"ty":0,"nm":"花瓣","refId":"comp_2","sr":1,"ks":{"s":{"a":0,"k":[120,120,100]}},"ao":0,"w":1280,"h":720,"ip":52,"op":141,"st":52,"bm":0},{"ddd":0,"ind":6,"ty":0,"nm":"花瓣","refId":"comp_2","sr":1,"ks":{"p":{"a":0,"k":[404,-44,0]},"s":{"a":0,"k":[120,120,100]}},"ao":0,"w":1280,"h":720,"ip":0,"op":141,"st":0,"bm":0},{"ddd":0,"ind":7,"ty":0,"nm":"片头字体","refId":"comp_3","sr":1,"ks":{"p":{"a":0,"k":[960,540,0]},"a":{"a":0,"k":[960,540,0]}},"ao":0,"w":1920,"h":1080,"ip":28,"op":119,"st":28,"bm":0},{"ddd":0,"ind":8,"ty":0,"nm":"main","refId":"comp_4","sr":1,"ks":{"p":{"a":0,"k":[960,540,0]},"a":{"a":0,"k":[960,540,0]}},"ao":0,"w":1920,"h":1080,"ip":120,"op":578,"st":120,"bm":0},{"ddd":0,"ind":9,"ty":2,"nm":"BG.jpg","cl":"jpg","refId":"image_1","sr":1,"ks":{},"ao":0,"ip":0,"op":667,"st":0,"bm":0},{"ddd":0,"ind":10,"ty":6,"nm":"re_aud_张杰 - 三生三世.mp3","cl":"mp3","refId":"audio_0","sr":1,"ks":{"p":{"a":0,"k":[960,540,0]},"a":{"a":0,"k":[0.5,0.5,0]}},"ao":0,"ip":0,"op":667,"st":-4133,"bm":0}],"markers":[]}