{"tv":"1.0.0","fix":"tutucloud.com","v":"5.5.5","fr":25,"ip":0,"op":256,"w":1920,"h":1080,"nm":"时尚潮流","ddd":0,"assets":[{"ty":2,"id":"audio_0","u":"audios/","p":"audio_0.mp3","e":0,"nm":"re_aud_时尚潮流.mp3","du":10.296},{"ty":1,"id":"image_0","w":1920,"h":1080,"u":"images/","p":"img_0.png","e":0,"nm":"圆点.png"},{"ty":1,"id":"image_1","w":1920,"h":1080,"u":"images/","p":"img_1.png","e":0,"nm":"re_img_3.jpg"},{"ty":1,"id":"image_2","w":1920,"h":1080,"u":"images/","p":"img_2.png","e":0,"nm":"re_img_5.jpg"},{"ty":1,"id":"image_3","w":1920,"h":1080,"u":"images/","p":"img_3.png","e":0,"nm":"re_img_0.jpg"},{"ty":1,"id":"image_4","w":1920,"h":1080,"u":"images/","p":"img_4.png","e":0,"nm":"re_img_7.jpg"},{"ty":1,"id":"image_5","w":1920,"h":1080,"u":"images/","p":"img_5.png","e":0,"nm":"re_img_6.jpg"},{"ty":1,"id":"image_6","w":1920,"h":1080,"u":"images/","p":"img_6.png","e":0,"nm":"re_img_4.jpg"},{"ty":1,"id":"image_7","w":1920,"h":1080,"u":"images/","p":"img_7.png","e":0,"nm":"re_img_2.jpg"},{"ty":1,"id":"image_8","w":1920,"h":1080,"u":"images/","p":"img_8.png","e":0,"nm":"re_img_1.jpg"},{"id":"comp_0","layers":[{"ddd":0,"ind":1,"ty":1,"nm":"浅色 黄色 纯色 2","td":1,"sr":1,"ks":{"p":{"a":0,"k":[960,540,0]},"a":{"a":0,"k":[960,540,0]}},"ao":0,"hasMask":true,"masksProperties":[{"inv":false,"mode":"a","pt":{"a":0,"k":{"i":[[0,0],[0,0],[0,0],[0,0]],"o":[[0,0],[0,0],[0,0],[0,0]],"v":[[612,112],[48,112],[48,272],[612,272]],"c":true}},"o":{"a":0,"k":100},"x":{"a":0,"k":0},"nm":"蒙版 1"}],"sw":1920,"sh":1080,"sc":"#fbfaec","ip":8,"op":23,"st":-236,"bm":0},{"ddd":0,"ind":2,"ty":5,"nm":"re_txt_New ","tt":1,"sr":1,"ks":{"p":{"a":1,"k":[{"i":{"x":0.833,"y":0.833},"o":{"x":0.167,"y":0.167},"t":9,"s":[315.641,392,0],"to":[0,-20.667,0],"ti":[0,20.667,0]},{"t":12,"s":[315.641,268,0]}]}},"ao":0,"t":{"d":{"k":[{"s":{"s":160,"f":"SourceHanSansCN-Bold","nm":"re_txt_New 2","t":"NEW ","j":2,"tr":0,"lh":192,"ls":0,"fc":[1,1,1]},"t":0}]},"p":{},"m":{"g":1,"a":{"a":0,"k":[0,0]}},"a":[]},"ip":8,"op":23,"st":-236,"bm":0},{"ddd":0,"ind":3,"ty":1,"nm":"浅色 黄色 纯色 2","td":1,"sr":1,"ks":{"p":{"a":0,"k":[960,540,0]},"a":{"a":0,"k":[960,540,0]}},"ao":0,"hasMask":true,"masksProperties":[{"inv":false,"mode":"a","pt":{"a":0,"k":{"i":[[0,0],[0,0],[0,0],[0,0]],"o":[[0,0],[0,0],[0,0],[0,0]],"v":[[688,298],[60,298],[60,422],[688,422]],"c":true}},"o":{"a":0,"k":100},"x":{"a":0,"k":0},"nm":"蒙版 1"}],"sw":1920,"sh":1080,"sc":"#fbfaec","ip":11,"op":23,"st":-233,"bm":0},{"ddd":0,"ind":4,"ty":5,"nm":"re_txt_fashion","tt":1,"sr":1,"ks":{"p":{"a":1,"k":[{"i":{"x":0.833,"y":0.833},"o":{"x":0.167,"y":0.167},"t":12,"s":[383.546,519,0],"to":[0,-17.167,0],"ti":[0,17.167,0]},{"t":15,"s":[383.546,416,0]}]}},"ao":0,"t":{"d":{"k":[{"s":{"s":120,"f":"SourceHanSansCN-Bold","nm":"re_txt_fashion 2","t":"FASHION","j":2,"tr":0,"lh":144,"ls":0,"fc":[1,1,1]},"t":0}]},"p":{},"m":{"g":1,"a":{"a":0,"k":[0,0]}},"a":[]},"ip":11,"op":23,"st":-233,"bm":0},{"ddd":0,"ind":5,"ty":2,"nm":"圆点.png","cl":"png","refId":"image_0","sr":1,"ks":{"o":{"a":1,"k":[{"i":{"x":[0.833],"y":[0.833]},"o":{"x":[0.167],"y":[0.167]},"t":15,"s":[100]},{"t":19,"s":[60]}]},"p":{"a":0,"k":[960,540,0]},"a":{"a":0,"k":[960,540,0]}},"ao":0,"ef":[{"ty":5,"nm":"线性擦除","np":5,"mn":"ADBE Linear Wipe","ix":1,"en":1,"ef":[{"ty":0,"nm":"过渡完成","mn":"ADBE Linear Wipe-0001","ix":1,"v":{"a":1,"k":[{"i":{"x":[0.833],"y":[0.833]},"o":{"x":[0.167],"y":[0.167]},"t":0,"s":[100]},{"t":14,"s":[0]}]}},{"ty":0,"nm":"擦除角度","mn":"ADBE Linear Wipe-0002","ix":2,"v":{"a":0,"k":45}},{"ty":0,"nm":"羽化","mn":"ADBE Linear Wipe-0003","ix":3,"v":{"a":0,"k":0}}]}],"ip":0,"op":23,"st":-233,"bm":0},{"ddd":0,"ind":6,"ty":0,"nm":"re_img_3","refId":"comp_1","sr":1,"ks":{"p":{"a":0,"k":[960,540,0]},"a":{"a":0,"k":[960,540,0]}},"ao":0,"w":1920,"h":1080,"ip":0,"op":23,"st":0,"bm":0}]},{"id":"comp_1","layers":[{"ddd":0,"ind":1,"ty":2,"nm":"re_img_3.jpg","cl":"jpg","refId":"image_1","sr":1,"ks":{"p":{"a":0,"k":[960,540,0]},"a":{"a":0,"k":[960,540,0]}},"ao":0,"ip":0,"op":23,"st":0,"bm":0}]},{"id":"comp_2","layers":[{"ddd":0,"ind":1,"ty":1,"nm":"白色 纯色 1","td":1,"sr":1,"ks":{"p":{"a":0,"k":[480,540,0]},"a":{"a":0,"k":[480,540,0]}},"ao":0,"sw":960,"sh":1080,"sc":"#ffffff","ip":0,"op":31,"st":0,"bm":0},{"ddd":0,"ind":2,"ty":0,"nm":"re_img_51","tt":1,"refId":"comp_3","sr":1,"ks":{"p":{"a":1,"k":[{"i":{"x":0.833,"y":0.833},"o":{"x":0.167,"y":0.167},"t":0,"s":[-338,540,0],"to":[216.333,0,0],"ti":[-216.333,0,0]},{"t":12,"s":[960,540,0]}]},"a":{"a":0,"k":[1300,540,0]}},"ao":0,"w":2600,"h":1080,"ip":0,"op":31,"st":0,"bm":0},{"ddd":0,"ind":3,"ty":1,"nm":"白色 纯色 1","td":1,"sr":1,"ks":{"p":{"a":0,"k":[1440,540,0]},"a":{"a":0,"k":[480,540,0]}},"ao":0,"sw":960,"sh":1080,"sc":"#ffffff","ip":0,"op":31,"st":0,"bm":0},{"ddd":0,"ind":4,"ty":0,"nm":"re_img_51","tt":1,"refId":"comp_3","sr":1,"ks":{"p":{"a":1,"k":[{"i":{"x":0.833,"y":0.833},"o":{"x":0.167,"y":0.167},"t":0,"s":[2265,540,0],"to":[-217.5,0,0],"ti":[217.5,0,0]},{"t":12,"s":[960,540,0]}]},"a":{"a":0,"k":[1300,540,0]}},"ao":0,"w":2600,"h":1080,"ip":0,"op":31,"st":0,"bm":0}]},{"id":"comp_3","layers":[{"ddd":0,"ind":1,"ty":5,"nm":"re_tet_时尚潮流","sr":1,"ks":{"p":{"a":0,"k":[1248,624,0]}},"ao":0,"t":{"d":{"k":[{"s":{"s":240,"f":"SourceHanSansCN-Bold","nm":"re_tet_时尚潮流 2","t":"时尚潮流","j":2,"tr":100,"lh":288,"ls":0,"fc":[0.988,0.345,0.738]},"t":0}]},"p":{},"m":{"g":1,"a":{"a":0,"k":[0,0]}},"a":[]},"ip":0,"op":31,"st":0,"bm":0},{"ddd":0,"ind":2,"ty":0,"nm":"re_img_5","refId":"comp_4","sr":1,"ks":{"p":{"a":0,"k":[1300,540,0]},"a":{"a":0,"k":[960,540,0]}},"ao":0,"w":1920,"h":1080,"ip":0,"op":31,"st":0,"bm":0},{"ddd":0,"ind":3,"ty":1,"nm":"青色 纯色 2","sr":1,"ks":{"o":{"a":0,"k":80},"p":{"a":0,"k":[1300,540,0]},"a":{"a":0,"k":[1200,540,0]},"s":{"a":0,"k":[95.333,100,100]}},"ao":0,"sw":2400,"sh":1080,"sc":"#07f9f0","ip":0,"op":31,"st":0,"bm":0},{"ddd":0,"ind":4,"ty":1,"nm":"青色 纯色 2","sr":1,"ks":{"o":{"a":0,"k":60},"p":{"a":0,"k":[1300,540,0]},"a":{"a":0,"k":[1200,540,0]},"s":{"a":0,"k":[102,100,100]}},"ao":0,"sw":2400,"sh":1080,"sc":"#07f9f0","ip":0,"op":31,"st":0,"bm":0},{"ddd":0,"ind":5,"ty":1,"nm":"青色 纯色 2","sr":1,"ks":{"o":{"a":0,"k":40},"p":{"a":0,"k":[1300,540,0]},"a":{"a":0,"k":[1200,540,0]},"s":{"a":0,"k":[109,100,100]}},"ao":0,"sw":2400,"sh":1080,"sc":"#07f9f0","ip":0,"op":31,"st":0,"bm":0}]},{"id":"comp_4","layers":[{"ddd":0,"ind":1,"ty":2,"nm":"re_img_5.jpg","cl":"jpg","refId":"image_2","sr":1,"ks":{"p":{"a":0,"k":[960,540,0]},"a":{"a":0,"k":[960,540,0]}},"ao":0,"ip":0,"op":31,"st":0,"bm":0}]},{"id":"comp_5","layers":[{"ddd":0,"ind":1,"ty":1,"nm":"白色 纯色 3","td":1,"sr":1,"ks":{"p":{"a":0,"k":[960,270,0]},"a":{"a":0,"k":[960,270,0]}},"ao":0,"sw":1920,"sh":540,"sc":"#ffffff","ip":0,"op":36,"st":0,"bm":0},{"ddd":0,"ind":2,"ty":0,"nm":"re_img_0","tt":1,"refId":"comp_6","sr":1,"ks":{"p":{"a":1,"k":[{"i":{"x":0.833,"y":0.833},"o":{"x":0.167,"y":0.167},"t":1,"s":[960,-478.617,0],"to":[0,-128.831,0],"ti":[0,79.674,0]},{"t":13,"s":[960,540,0]}]},"a":{"a":0,"k":[960,1000,0]}},"ao":0,"w":1920,"h":2000,"ip":0,"op":36,"st":0,"bm":0},{"ddd":0,"ind":3,"ty":1,"nm":"白色 纯色 2","td":1,"sr":1,"ks":{"p":{"a":0,"k":[960,810,0]},"a":{"a":0,"k":[960,270,0]}},"ao":0,"sw":1920,"sh":540,"sc":"#ffffff","ip":0,"op":36,"st":0,"bm":0},{"ddd":0,"ind":4,"ty":0,"nm":"re_img_0","tt":1,"refId":"comp_6","sr":1,"ks":{"p":{"a":1,"k":[{"i":{"x":0.833,"y":0.833},"o":{"x":0.167,"y":0.167},"t":1,"s":[960,1534.383,0],"to":[0,-128.831,0],"ti":[0,79.674,0]},{"t":13,"s":[960,540,0]}]},"a":{"a":0,"k":[960,1000,0]}},"ao":0,"w":1920,"h":2000,"ip":0,"op":36,"st":0,"bm":0}]},{"id":"comp_6","layers":[{"ddd":0,"ind":1,"ty":2,"nm":"re_img_0.jpg","cl":"jpg","refId":"image_3","sr":1,"ks":{"p":{"a":0,"k":[960,1000,0]},"a":{"a":0,"k":[960,540,0]}},"ao":0,"ip":0,"op":36,"st":-18,"bm":0},{"ddd":0,"ind":2,"ty":1,"nm":"红色 纯色 1","sr":1,"ks":{"p":{"a":0,"k":[960,1000,0]},"a":{"a":0,"k":[960,1000,0]},"s":{"a":0,"k":[100,73.6,100]}},"ao":0,"sw":1920,"sh":2000,"sc":"#fb0409","ip":0,"op":36,"st":0,"bm":0},{"ddd":0,"ind":3,"ty":1,"nm":"红色 纯色 1","sr":1,"ks":{"o":{"a":0,"k":60},"p":{"a":0,"k":[960,1000,0]},"a":{"a":0,"k":[960,1000,0]},"s":{"a":0,"k":[100,84,100]}},"ao":0,"sw":1920,"sh":2000,"sc":"#fb0409","ip":0,"op":36,"st":0,"bm":0},{"ddd":0,"ind":4,"ty":1,"nm":"红色 纯色 1","sr":1,"ks":{"o":{"a":0,"k":40},"p":{"a":0,"k":[960,1000,0]},"a":{"a":0,"k":[960,1000,0]},"s":{"a":0,"k":[100,93.2,100]}},"ao":0,"sw":1920,"sh":2000,"sc":"#fb0409","ip":0,"op":36,"st":0,"bm":0},{"ddd":0,"ind":5,"ty":1,"nm":"红色 纯色 1","sr":1,"ks":{"o":{"a":0,"k":20},"p":{"a":0,"k":[960,1000,0]},"a":{"a":0,"k":[960,1000,0]}},"ao":0,"sw":1920,"sh":2000,"sc":"#fb0409","ip":0,"op":36,"st":0,"bm":0}]},{"id":"comp_7","layers":[{"ddd":0,"ind":1,"ty":0,"nm":"re_img_7","refId":"comp_8","sr":1,"ks":{"p":{"a":0,"k":[1400,540,0]},"a":{"a":0,"k":[960,540,0]}},"ao":0,"w":1920,"h":1080,"ip":0,"op":38,"st":0,"bm":0},{"ddd":0,"ind":2,"ty":1,"nm":"青色 纯色 6","sr":1,"ks":{"p":{"a":0,"k":[1400,540,0]},"a":{"a":0,"k":[1400,540,0]},"s":{"a":0,"k":[80.857,100,100]}},"ao":0,"sw":2800,"sh":1080,"sc":"#03fbfe","ip":0,"op":38,"st":0,"bm":0},{"ddd":0,"ind":3,"ty":1,"nm":"青色 纯色 5","sr":1,"ks":{"o":{"a":0,"k":70},"p":{"a":0,"k":[1400,540,0]},"a":{"a":0,"k":[1400,540,0]},"s":{"a":0,"k":[86.571,100,100]}},"ao":0,"sw":2800,"sh":1080,"sc":"#03fbfe","ip":0,"op":38,"st":0,"bm":0},{"ddd":0,"ind":4,"ty":1,"nm":"青色 纯色 4","sr":1,"ks":{"o":{"a":0,"k":50},"p":{"a":0,"k":[1400,540,0]},"a":{"a":0,"k":[1400,540,0]},"s":{"a":0,"k":[93.429,100,100]}},"ao":0,"sw":2800,"sh":1080,"sc":"#03fbfe","ip":0,"op":38,"st":0,"bm":0},{"ddd":0,"ind":5,"ty":1,"nm":"青色 纯色 3","sr":1,"ks":{"o":{"a":0,"k":30},"p":{"a":0,"k":[1400,540,0]},"a":{"a":0,"k":[1400,540,0]}},"ao":0,"sw":2800,"sh":1080,"sc":"#03fbfe","ip":0,"op":38,"st":0,"bm":0}]},{"id":"comp_8","layers":[{"ddd":0,"ind":1,"ty":2,"nm":"re_img_7.jpg","cl":"jpg","refId":"image_4","sr":1,"ks":{"p":{"a":0,"k":[960,540,0]},"a":{"a":0,"k":[960,540,0]}},"ao":0,"ip":0,"op":38,"st":-158,"bm":0}]},{"id":"comp_9","layers":[{"ddd":0,"ind":1,"ty":2,"nm":"re_img_6.jpg","cl":"jpg","refId":"image_5","sr":1,"ks":{"p":{"a":0,"k":[960,540,0]},"a":{"a":0,"k":[960,540,0]}},"ao":0,"ip":0,"op":29,"st":-139,"bm":0}]},{"id":"comp_10","layers":[{"ddd":0,"ind":1,"ty":0,"nm":"re_img_5","refId":"comp_11","sr":1,"ks":{"p":{"a":0,"k":[960,540,0]},"a":{"a":0,"k":[960,540,0]}},"ao":0,"ef":[{"ty":5,"nm":"动态拼贴","np":10,"mn":"ADBE Tile","ix":1,"en":1,"ef":[{"ty":3,"nm":"拼贴中心","mn":"ADBE Tile-0001","ix":1,"v":{"a":1,"k":[{"i":{"x":0.833,"y":0.833},"o":{"x":0.167,"y":0.167},"t":28,"s":[952,540],"to":[1.333,64],"ti":[-1.333,-64]},{"t":31,"s":[960,924]}]}},{"ty":0,"nm":"拼贴宽度","mn":"ADBE Tile-0002","ix":2,"v":{"a":0,"k":100}},{"ty":0,"nm":"拼贴高度","mn":"ADBE Tile-0003","ix":3,"v":{"a":0,"k":100}},{"ty":0,"nm":"输出宽度","mn":"ADBE Tile-0004","ix":4,"v":{"a":0,"k":100}},{"ty":0,"nm":"输出高度","mn":"ADBE Tile-0005","ix":5,"v":{"a":0,"k":100}},{"ty":7,"nm":"镜像边缘","mn":"ADBE Tile-0006","ix":6,"v":{"a":0,"k":0}},{"ty":0,"nm":"相位","mn":"ADBE Tile-0007","ix":7,"v":{"a":0,"k":0}},{"ty":7,"nm":"水平位移","mn":"ADBE Tile-0008","ix":8,"v":{"a":0,"k":1}}]}],"w":1920,"h":1080,"ip":0,"op":31,"st":0,"bm":0}]},{"id":"comp_11","layers":[{"ddd":0,"ind":1,"ty":0,"nm":"re_img_5","refId":"comp_12","sr":1,"ks":{"p":{"a":1,"k":[{"i":{"x":0.667,"y":1},"o":{"x":0.167,"y":0.167},"t":0,"s":[-958,540,0],"to":[319.667,0,0],"ti":[-319.667,0,0]},{"t":20,"s":[960,540,0]}]},"a":{"a":0,"k":[1300,540,0]}},"ao":0,"hasMask":true,"masksProperties":[{"inv":false,"mode":"a","pt":{"a":0,"k":{"i":[[0,0],[0,0],[0,0],[0,0]],"o":[[0,0],[0,0],[0,0],[0,0]],"v":[[2919.583,1088],[-314.167,1088],[-314.167,540],[2919.583,540]],"c":true}},"o":{"a":0,"k":100},"x":{"a":0,"k":0},"nm":"蒙版 1"}],"ef":[{"ty":5,"nm":"百叶窗","np":6,"mn":"ADBE Venetian Blinds","ix":1,"en":1,"ef":[{"ty":0,"nm":"过渡完成","mn":"ADBE Venetian Blinds-0001","ix":1,"v":{"a":0,"k":0}},{"ty":0,"nm":"方向","mn":"ADBE Venetian Blinds-0002","ix":2,"v":{"a":0,"k":0}},{"ty":0,"nm":"宽度","mn":"ADBE Venetian Blinds-0003","ix":3,"v":{"a":0,"k":1000}},{"ty":0,"nm":"羽化","mn":"ADBE Venetian Blinds-0004","ix":4,"v":{"a":0,"k":0}}]}],"w":2600,"h":1080,"ip":0,"op":31,"st":0,"bm":0},{"ddd":0,"ind":2,"ty":0,"nm":"re_img_5","refId":"comp_12","sr":1,"ks":{"p":{"a":1,"k":[{"i":{"x":0.667,"y":1},"o":{"x":0.167,"y":0.167},"t":0,"s":[2880,540,0],"to":[-320,0,0],"ti":[320,0,0]},{"t":20,"s":[960,540,0]}]},"a":{"a":0,"k":[1300,540,0]}},"ao":0,"hasMask":true,"masksProperties":[{"inv":false,"mode":"a","pt":{"a":0,"k":{"i":[[0,0],[0,0],[0,0],[0,0]],"o":[[0,0],[0,0],[0,0],[0,0]],"v":[[2973.75,-4],[-352.083,-4],[-352.083,540],[2973.75,540]],"c":true}},"o":{"a":0,"k":100},"x":{"a":0,"k":0},"nm":"蒙版 1"}],"ef":[{"ty":5,"nm":"百叶窗","np":6,"mn":"ADBE Venetian Blinds","ix":1,"en":1,"ef":[{"ty":0,"nm":"过渡完成","mn":"ADBE Venetian Blinds-0001","ix":1,"v":{"a":0,"k":0}},{"ty":0,"nm":"方向","mn":"ADBE Venetian Blinds-0002","ix":2,"v":{"a":0,"k":0}},{"ty":0,"nm":"宽度","mn":"ADBE Venetian Blinds-0003","ix":3,"v":{"a":0,"k":1000}},{"ty":0,"nm":"羽化","mn":"ADBE Venetian Blinds-0004","ix":4,"v":{"a":0,"k":0}}]}],"w":2600,"h":1080,"ip":0,"op":31,"st":0,"bm":0}]},{"id":"comp_12","layers":[{"ddd":0,"ind":1,"ty":0,"nm":"re_img_51","refId":"comp_3","sr":1,"ks":{"p":{"a":0,"k":[1300,540,0]},"a":{"a":0,"k":[1300,540,0]}},"ao":0,"w":2600,"h":1080,"ip":0,"op":31,"st":0,"bm":0}]},{"id":"comp_13","layers":[{"ddd":0,"ind":1,"ty":0,"nm":"re_img_4","refId":"comp_14","sr":1,"ks":{"p":{"a":0,"k":[960,540,0]},"a":{"a":0,"k":[960,540,0]},"s":{"a":1,"k":[{"i":{"x":[0.833,0.833,0.833],"y":[0.833,0.833,0.833]},"o":{"x":[0.167,0.167,0.167],"y":[0.167,0.167,0.167]},"t":3,"s":[100,100,100]},{"i":{"x":[0.833,0.833,0.833],"y":[0.833,0.833,0.833]},"o":{"x":[0.167,0.167,0.167],"y":[0.167,0.167,0.167]},"t":4,"s":[120,120,100]},{"i":{"x":[0.833,0.833,0.833],"y":[0.833,0.833,0.833]},"o":{"x":[0.167,0.167,0.167],"y":[0.167,0.167,0.167]},"t":7,"s":[120,120,100]},{"t":8,"s":[140,140,100]}]}},"ao":0,"ef":[{"ty":5,"nm":"色阶","np":12,"mn":"ADBE Easy Levels2","ix":1,"en":1,"ef":[{"ty":7,"nm":"通道:","mn":"ADBE Easy Levels2-0001","ix":1,"v":{"a":0,"k":1}},{},{"ty":0,"nm":"输入黑色","mn":"ADBE Easy Levels2-0003","ix":3,"v":{"a":0,"k":0}},{"ty":0,"nm":"输入白色","mn":"ADBE Easy Levels2-0004","ix":4,"v":{"a":0,"k":1}},{"ty":0,"nm":"灰度系数","mn":"ADBE Easy Levels2-0005","ix":5,"v":{"a":0,"k":1}},{"ty":0,"nm":"输出黑色","mn":"ADBE Easy Levels2-0006","ix":6,"v":{"a":0,"k":0}},{"ty":0,"nm":"输出白色","mn":"ADBE Easy Levels2-0007","ix":7,"v":{"a":0,"k":1}},{"ty":7,"nm":"剪切以输出黑色","mn":"ADBE Easy Levels2-0008","ix":8,"v":{"a":0,"k":3}},{"ty":7,"nm":"剪切以输出白色","mn":"ADBE Easy Levels2-0009","ix":9,"v":{"a":0,"k":3}},{"ty":7,"nm":"GPU 渲染","mn":"ADBE Force CPU GPU","ix":10,"v":{"a":0,"k":1}}]}],"w":1920,"h":1080,"ip":0,"op":24,"st":0,"bm":0}]},{"id":"comp_14","layers":[{"ddd":0,"ind":1,"ty":2,"nm":"re_img_4.jpg","cl":"jpg","refId":"image_6","sr":1,"ks":{"p":{"a":0,"k":[960,540,0]},"a":{"a":0,"k":[960,540,0]}},"ao":0,"ip":0,"op":24,"st":0,"bm":0}]},{"id":"comp_15","layers":[{"ddd":0,"ind":1,"ty":5,"nm":"re_txt_新风尚","sr":1,"ks":{"p":{"a":0,"k":[956.05,722,0]}},"ao":0,"t":{"d":{"k":[{"s":{"s":72,"f":"SourceHanSansCN-Medium","nm":"re_txt_新风尚 2","t":"新风尚","j":2,"tr":100,"lh":86.4,"ls":0,"fc":[1,1,1]},"t":0}]},"p":{},"m":{"g":1,"a":{"a":0,"k":[0,0]}},"a":[]},"ip":0,"op":23,"st":0,"bm":0},{"ddd":0,"ind":2,"ty":5,"nm":"re_txt_时尚潮流","sr":1,"ks":{"p":{"a":0,"k":[958.788,604.087,0]}},"ao":0,"t":{"d":{"k":[{"s":{"s":240,"f":"SourceHanSansCN-Bold","nm":"re_txt_时尚潮流 2","t":"时尚潮流","j":2,"tr":200,"lh":288,"ls":0,"fc":[1,1,1]},"t":0}]},"p":{},"m":{"g":1,"a":{"a":0,"k":[0,0]}},"a":[]},"ip":0,"op":23,"st":0,"bm":0},{"ddd":0,"ind":3,"ty":0,"nm":"re_img_3","refId":"comp_1","sr":1,"ks":{"p":{"a":0,"k":[960,540,0]},"a":{"a":0,"k":[960,540,0]}},"ao":0,"w":1920,"h":1080,"ip":0,"op":23,"st":0,"bm":0}]},{"id":"comp_16","layers":[{"ddd":0,"ind":1,"ty":2,"nm":"re_img_2.jpg","cl":"jpg","refId":"image_7","sr":1,"ks":{"p":{"a":0,"k":[960,540,0]},"a":{"a":0,"k":[960,540,0]}},"ao":0,"ef":[{"ty":5,"nm":"梯度渐变","np":11,"mn":"ADBE Ramp","ix":1,"en":1,"ef":[{"ty":3,"nm":"渐变起点","mn":"ADBE Ramp-0001","ix":1,"v":{"a":1,"k":[{"i":{"x":0.833,"y":0.833},"o":{"x":0.167,"y":0.167},"t":20,"s":[1920,540],"to":[-320.167,0],"ti":[320.167,0]},{"t":30,"s":[-1,540]}]}},{"ty":2,"nm":"起始颜色","mn":"ADBE Ramp-0002","ix":2,"v":{"a":0,"k":[1,1,1,1]}},{"ty":3,"nm":"渐变终点","mn":"ADBE Ramp-0003","ix":3,"v":{"a":1,"k":[{"i":{"x":0.833,"y":0.833},"o":{"x":0.167,"y":0.167},"t":20,"s":[1921,540],"to":[-320.167,0],"ti":[320.167,0]},{"t":30,"s":[0,540]}]}},{"ty":2,"nm":"结束颜色","mn":"ADBE Ramp-0004","ix":4,"v":{"a":0,"k":[0,0,0,1]}},{"ty":7,"nm":"渐变形状","mn":"ADBE Ramp-0005","ix":5,"v":{"a":0,"k":1}},{"ty":0,"nm":"渐变散射","mn":"ADBE Ramp-0006","ix":6,"v":{"a":0,"k":0}},{"ty":0,"nm":"与原始图像混合","mn":"ADBE Ramp-0007","ix":7,"v":{"a":0,"k":0.8}},{"ty":6,"nm":"","mn":"ADBE Ramp-0008","ix":8,"v":0},{"ty":7,"nm":"GPU 渲染","mn":"ADBE Force CPU GPU","ix":9,"v":{"a":0,"k":1}}]}],"ip":0,"op":40,"st":0,"bm":0}]},{"id":"comp_17","layers":[{"ddd":0,"ind":1,"ty":2,"nm":"re_img_1.jpg","cl":"jpg","refId":"image_8","sr":1,"ks":{"p":{"a":0,"k":[960,540,0]},"a":{"a":0,"k":[960,540,0]}},"ao":0,"ef":[{"ty":23,"nm":"三色调","np":6,"mn":"ADBE Tritone","ix":1,"en":1,"ef":[{"ty":2,"nm":"高光","mn":"ADBE Tritone-0001","ix":1,"v":{"a":0,"k":[0.259149610996,0.96862745285,0.011395616457,1]}},{"ty":2,"nm":"中间调","mn":"ADBE Tritone-0002","ix":2,"v":{"a":0,"k":[0.992156863213,0.007781622,0.679472744465,1]}},{"ty":2,"nm":"阴影","mn":"ADBE Tritone-0003","ix":3,"v":{"a":0,"k":[0.007689349819,0.236560568213,0.980392158031,1]}},{"ty":0,"nm":"与原始图像混合","mn":"ADBE Tritone-0004","ix":4,"v":{"a":1,"k":[{"i":{"x":[0.833],"y":[0.833]},"o":{"x":[0.167],"y":[0.167]},"t":10,"s":[100]},{"t":12,"s":[80]}]}}]}],"ip":0,"op":22,"st":0,"bm":0}]},{"id":"comp_18","layers":[{"ddd":0,"ind":1,"ty":0,"nm":"re_img_0","refId":"comp_19","sr":1,"ks":{"p":{"a":0,"k":[960,540,0]},"a":{"a":0,"k":[960,540,0]},"s":{"a":1,"k":[{"i":{"x":[0.833,0.833,0.833],"y":[0.833,0.833,0.833]},"o":{"x":[0.167,0.167,0.167],"y":[0.167,0.167,0.167]},"t":1,"s":[36,36,100]},{"t":9,"s":[100,100,100]}]}},"ao":0,"w":1920,"h":1080,"ip":0,"op":36,"st":0,"bm":0},{"ddd":0,"ind":2,"ty":0,"nm":"re_img_0","refId":"comp_19","sr":1,"ks":{"o":{"a":0,"k":80},"p":{"a":0,"k":[960,540,0]},"a":{"a":0,"k":[960,540,0]},"s":{"a":1,"k":[{"i":{"x":[0.833,0.833,0.833],"y":[0.833,0.833,0.833]},"o":{"x":[0.167,0.167,0.167],"y":[0.167,0.167,0.167]},"t":1,"s":[44,44,100]},{"t":8,"s":[100,100,100]}]}},"ao":0,"w":1920,"h":1080,"ip":0,"op":36,"st":0,"bm":0},{"ddd":0,"ind":3,"ty":0,"nm":"re_img_0","refId":"comp_19","sr":1,"ks":{"o":{"a":0,"k":60},"p":{"a":0,"k":[960,540,0]},"a":{"a":0,"k":[960,540,0]},"s":{"a":1,"k":[{"i":{"x":[0.833,0.833,0.833],"y":[0.833,0.833,0.833]},"o":{"x":[0.167,0.167,0.167],"y":[0.167,0.167,0.167]},"t":1,"s":[52,52,100]},{"t":7,"s":[100,100,100]}]}},"ao":0,"w":1920,"h":1080,"ip":0,"op":36,"st":0,"bm":0},{"ddd":0,"ind":4,"ty":0,"nm":"re_img_0","refId":"comp_19","sr":1,"ks":{"o":{"a":0,"k":40},"p":{"a":0,"k":[960,540,0]},"a":{"a":0,"k":[960,540,0]},"s":{"a":1,"k":[{"i":{"x":[0.833,0.833,0.833],"y":[0.833,0.833,0.833]},"o":{"x":[0.167,0.167,0.167],"y":[0.167,0.167,0.167]},"t":1,"s":[60,60,100]},{"t":6,"s":[100,100,100]}]}},"ao":0,"w":1920,"h":1080,"ip":0,"op":36,"st":0,"bm":0},{"ddd":0,"ind":5,"ty":0,"nm":"re_img_0","refId":"comp_19","sr":1,"ks":{"o":{"a":0,"k":20},"p":{"a":0,"k":[960,540,0]},"a":{"a":0,"k":[960,540,0]},"s":{"a":1,"k":[{"i":{"x":[0.833,0.833,0.833],"y":[0.833,0.833,0.833]},"o":{"x":[0.167,0.167,0.167],"y":[0.167,0.167,0.167]},"t":1,"s":[76,76,100]},{"t":4,"s":[100,100,100]}]}},"ao":0,"w":1920,"h":1080,"ip":0,"op":36,"st":0,"bm":0},{"ddd":0,"ind":6,"ty":0,"nm":"re_img_0","refId":"comp_19","sr":1,"ks":{"o":{"a":0,"k":20},"p":{"a":0,"k":[960,540,0]},"a":{"a":0,"k":[960,540,0]},"s":{"a":1,"k":[{"i":{"x":[0.833,0.833,0.833],"y":[0.833,0.833,0.833]},"o":{"x":[0.167,0.167,0.167],"y":[0.167,0.167,0.167]},"t":1,"s":[92,92,100]},{"t":2,"s":[100,100,100]}]}},"ao":0,"w":1920,"h":1080,"ip":0,"op":36,"st":0,"bm":0}]},{"id":"comp_19","layers":[{"ddd":0,"ind":1,"ty":0,"nm":"re_img_0","refId":"comp_6","sr":1,"ks":{"p":{"a":0,"k":[960,540,0]},"a":{"a":0,"k":[960,1000,0]}},"ao":0,"w":1920,"h":2000,"ip":0,"op":36,"st":0,"bm":0}]}],"fonts":{"list":[{"origin":0,"fPath":"E:\\hecc\\ae\\lulu\\10时尚前沿\\09-shishangchaoliu\\fonts\\SourceHanSansCN-Bold.ttf","fClass":"","fFamily":"Source Han Sans CN","fWeight":"","fStyle":"Bold","fName":"SourceHanSansCN-Bold","ascent":79.7988891601563,"u":"fonts/"},{"origin":0,"fPath":"E:\\hecc\\ae\\lulu\\10时尚前沿\\09-shishangchaoliu\\fonts\\SourceHanSansCN-Medium.ttf","fClass":"","fFamily":"SourceHanSansCN","fWeight":"","fStyle":"Medium","fName":"SourceHanSansCN-Medium","ascent":69.9371337890625,"u":"fonts/"}]},"layers":[{"ddd":0,"ind":1,"ty":0,"nm":"re_img_31","refId":"comp_0","sr":1,"ks":{"p":{"a":0,"k":[960,540,0]},"a":{"a":0,"k":[960,540,0]}},"ao":0,"w":1920,"h":1080,"ip":233,"op":256,"st":233,"bm":0},{"ddd":0,"ind":2,"ty":0,"nm":"re_img_51","refId":"comp_2","sr":1,"ks":{"p":{"a":0,"k":[960,540,0]},"a":{"a":0,"k":[960,540,0]}},"ao":0,"w":1920,"h":1080,"ip":210,"op":241,"st":210,"bm":0},{"ddd":0,"ind":3,"ty":0,"nm":"re_img_01","refId":"comp_5","sr":1,"ks":{"p":{"a":0,"k":[960,540,0]},"a":{"a":0,"k":[960,540,0]}},"ao":0,"w":1920,"h":1080,"ip":183,"op":219,"st":183,"bm":0},{"ddd":0,"ind":4,"ty":0,"nm":"re_img_7","refId":"comp_7","sr":1,"ks":{"p":{"a":1,"k":[{"i":{"x":0.833,"y":0.833},"o":{"x":0.167,"y":0.167},"t":158,"s":[3314,540,0],"to":[-392.333,0,0],"ti":[392.333,0,0]},{"t":166,"s":[960,540,0]}]},"a":{"a":0,"k":[1400,540,0]},"s":{"a":1,"k":[{"i":{"x":[0.667,0.667,0.667],"y":[1,1,1]},"o":{"x":[0.333,0.333,0.333],"y":[0,0,0]},"t":166,"s":[100,100,100]},{"i":{"x":[0.667,0.667,0.667],"y":[1,1,1]},"o":{"x":[0.333,0.333,0.333],"y":[0,0,0]},"t":176,"s":[140,140,100]},{"t":177,"s":[100,100,100]}]}},"ao":0,"w":2800,"h":1080,"ip":158,"op":196,"st":158,"bm":0},{"ddd":0,"ind":5,"ty":0,"nm":"re_img_6","refId":"comp_9","sr":1,"ks":{"p":{"a":0,"k":[960,540,0]},"a":{"a":0,"k":[960,540,0]},"s":{"a":1,"k":[{"i":{"x":[0.833,0.833,0.833],"y":[0.833,0.833,0.833]},"o":{"x":[0.167,0.167,0.167],"y":[0.167,0.167,0.167]},"t":148,"s":[160,160,100]},{"t":152,"s":[100,100,100]}]}},"ao":0,"ef":[{"ty":5,"nm":"动态拼贴","np":10,"mn":"ADBE Tile","ix":1,"en":1,"ef":[{"ty":3,"nm":"拼贴中心","mn":"ADBE Tile-0001","ix":1,"v":{"a":1,"k":[{"i":{"x":0.833,"y":0.833},"o":{"x":0.167,"y":0.167},"t":141,"s":[957.5,57.5],"to":[0.417,80.417],"ti":[-0.417,-80.417]},{"t":148,"s":[960,540]}]}},{"ty":0,"nm":"拼贴宽度","mn":"ADBE Tile-0002","ix":2,"v":{"a":0,"k":100}},{"ty":0,"nm":"拼贴高度","mn":"ADBE Tile-0003","ix":3,"v":{"a":0,"k":100}},{"ty":0,"nm":"输出宽度","mn":"ADBE Tile-0004","ix":4,"v":{"a":0,"k":100}},{"ty":0,"nm":"输出高度","mn":"ADBE Tile-0005","ix":5,"v":{"a":0,"k":100}},{"ty":7,"nm":"镜像边缘","mn":"ADBE Tile-0006","ix":6,"v":{"a":0,"k":0}},{"ty":0,"nm":"相位","mn":"ADBE Tile-0007","ix":7,"v":{"a":0,"k":0}},{"ty":7,"nm":"水平位移","mn":"ADBE Tile-0008","ix":8,"v":{"a":0,"k":0}}]},{"ty":29,"nm":"高斯模糊","np":6,"mn":"ADBE Gaussian Blur 2","ix":2,"en":1,"ef":[{"ty":0,"nm":"模糊度","mn":"ADBE Gaussian Blur 2-0001","ix":1,"v":{"a":1,"k":[{"i":{"x":[0.833],"y":[0.833]},"o":{"x":[0.167],"y":[0.167]},"t":142,"s":[80]},{"t":143,"s":[0]}]}},{"ty":7,"nm":"模糊方向","mn":"ADBE Gaussian Blur 2-0002","ix":2,"v":{"a":0,"k":1}},{"ty":7,"nm":"重复边缘像素","mn":"ADBE Gaussian Blur 2-0003","ix":3,"v":{"a":0,"k":0}},{"ty":7,"nm":"GPU 渲染","mn":"ADBE Force CPU GPU","ix":4,"v":{"a":0,"k":1}}]}],"w":1920,"h":1080,"ip":139,"op":168,"st":139,"bm":0},{"ddd":0,"ind":6,"ty":0,"nm":"re_img_5","refId":"comp_10","sr":1,"ks":{"p":{"a":0,"k":[960,540,0]},"a":{"a":0,"k":[960,540,0]}},"ao":0,"ef":[{"ty":29,"nm":"高斯模糊","np":6,"mn":"ADBE Gaussian Blur 2","ix":1,"en":1,"ef":[{"ty":0,"nm":"模糊度","mn":"ADBE Gaussian Blur 2-0001","ix":1,"v":{"a":1,"k":[{"i":{"x":[0.833],"y":[0.833]},"o":{"x":[0.167],"y":[0.167]},"t":137,"s":[0]},{"t":139,"s":[60]}]}},{"ty":7,"nm":"模糊方向","mn":"ADBE Gaussian Blur 2-0002","ix":2,"v":{"a":0,"k":1}},{"ty":7,"nm":"重复边缘像素","mn":"ADBE Gaussian Blur 2-0003","ix":3,"v":{"a":0,"k":0}},{"ty":7,"nm":"GPU 渲染","mn":"ADBE Force CPU GPU","ix":4,"v":{"a":0,"k":1}}]}],"w":1920,"h":1080,"ip":109,"op":140,"st":109,"bm":0},{"ddd":0,"ind":7,"ty":0,"nm":"re_img_4","refId":"comp_13","sr":1,"ks":{"p":{"a":0,"k":[960,540,0]},"a":{"a":0,"k":[960,540,0]}},"ao":0,"ef":[{"ty":5,"nm":"动态拼贴","np":10,"mn":"ADBE Tile","ix":1,"en":1,"ef":[{"ty":3,"nm":"拼贴中心","mn":"ADBE Tile-0001","ix":1,"v":{"a":1,"k":[{"i":{"x":0.833,"y":0.833},"o":{"x":0.167,"y":0.167},"t":102,"s":[960,540],"to":[110,0],"ti":[-110,0]},{"t":103,"s":[1620,540]}]}},{"ty":0,"nm":"拼贴宽度","mn":"ADBE Tile-0002","ix":2,"v":{"a":0,"k":100}},{"ty":0,"nm":"拼贴高度","mn":"ADBE Tile-0003","ix":3,"v":{"a":0,"k":100}},{"ty":0,"nm":"输出宽度","mn":"ADBE Tile-0004","ix":4,"v":{"a":0,"k":100}},{"ty":0,"nm":"输出高度","mn":"ADBE Tile-0005","ix":5,"v":{"a":0,"k":100}},{"ty":7,"nm":"镜像边缘","mn":"ADBE Tile-0006","ix":6,"v":{"a":0,"k":0}},{"ty":0,"nm":"相位","mn":"ADBE Tile-0007","ix":7,"v":{"a":0,"k":0}},{"ty":7,"nm":"水平位移","mn":"ADBE Tile-0008","ix":8,"v":{"a":0,"k":0}}]}],"w":1920,"h":1080,"ip":100,"op":124,"st":100,"bm":0},{"ddd":0,"ind":8,"ty":0,"nm":"re_img_3","refId":"comp_15","sr":1,"ks":{"p":{"a":1,"k":[{"i":{"x":0.833,"y":0.833},"o":{"x":0.167,"y":0.167},"t":77,"s":[960,1620,0],"to":[0,-180,0],"ti":[0,180,0]},{"t":82,"s":[960,540,0]}]},"a":{"a":0,"k":[960,540,0]}},"ao":0,"w":1920,"h":1080,"ip":77,"op":100,"st":77,"bm":0},{"ddd":0,"ind":9,"ty":0,"nm":"re_img_2","refId":"comp_16","sr":1,"ks":{"p":{"a":1,"k":[{"i":{"x":0.833,"y":0.833},"o":{"x":0.167,"y":0.167},"t":46,"s":[960,-544,0],"to":[0,180.667,0],"ti":[0,-180.667,0]},{"i":{"x":0.833,"y":0.833},"o":{"x":0.167,"y":0.167},"t":52,"s":[960,540,0],"to":[0,0,0],"ti":[0,0,0]},{"i":{"x":0.833,"y":0.833},"o":{"x":0.167,"y":0.167},"t":77,"s":[960,540,0],"to":[0,-180.167,0],"ti":[0,180.167,0]},{"t":82,"s":[960,-541,0]}]},"a":{"a":0,"k":[960,540,0]}},"ao":0,"w":1920,"h":1080,"ip":43,"op":83,"st":43,"bm":0},{"ddd":0,"ind":10,"ty":0,"nm":"re_img_1","refId":"comp_17","sr":1,"ks":{"p":{"a":1,"k":[{"i":{"x":0.833,"y":0.833},"o":{"x":0.167,"y":0.167},"t":30,"s":[-959,540,0],"to":[319.833,0,0],"ti":[-319.833,0,0]},{"i":{"x":0.833,"y":0.833},"o":{"x":0.167,"y":0.167},"t":35,"s":[960,540,0],"to":[0,0,0],"ti":[0,0,0]},{"i":{"x":0.833,"y":0.833},"o":{"x":0.167,"y":0.167},"t":46,"s":[960,540,0],"to":[0,179.5,0],"ti":[0,-179.5,0]},{"t":52,"s":[960,1617,0]}]},"a":{"a":0,"k":[960,540,0]}},"ao":0,"w":1920,"h":1080,"ip":30,"op":52,"st":30,"bm":0},{"ddd":0,"ind":11,"ty":0,"nm":"re_img_0","refId":"comp_18","sr":1,"ks":{"p":{"a":1,"k":[{"i":{"x":0.833,"y":0.833},"o":{"x":0.167,"y":0.167},"t":30,"s":[960,540,0],"to":[320,0,0],"ti":[-320,0,0]},{"t":35,"s":[2880,540,0]}]},"a":{"a":0,"k":[960,540,0]}},"ao":0,"w":1920,"h":1080,"ip":0,"op":37,"st":0,"bm":0},{"ddd":0,"ind":12,"ty":1,"nm":"中间色品蓝色 纯色 1","sr":1,"ks":{"p":{"a":0,"k":[960,540,0]},"a":{"a":0,"k":[960,540,0]}},"ao":0,"sw":1920,"sh":1080,"sc":"#7db7d2","ip":0,"op":256,"st":0,"bm":0},{"ddd":0,"ind":13,"ty":6,"nm":"re_aud_时尚潮流.mp3","cl":"mp3","refId":"audio_0","sr":1,"ks":{"p":{"a":0,"k":[960,540,0]},"a":{"a":0,"k":[0.5,0.5,0]}},"ao":0,"ip":0,"op":257,"st":0,"bm":0}],"markers":[{"tm":158,"cm":"1","dr":0},{"tm":217,"cm":"2","dr":0}]}