{"tv":"1.0.0","fix":"tutucloud.com","v":"5.5.5","fr":30,"ip":0,"op":1111,"w":1920,"h":1080,"nm":"main","ddd":0,"assets":[{"ty":2,"id":"audio_0","u":"audios/","p":"audio_0.mp3","e":0,"nm":"audio.mp3","du":148.819591836735},{"ty":1,"id":"image_0","w":1194,"h":904,"u":"images/","p":"img_0.png","e":0,"nm":"5accff25c5c29.png"},{"ty":1,"id":"image_1","w":1920,"h":1080,"u":"images/","p":"img_1.png","e":0,"nm":"re_img_0"},{"ty":1,"id":"image_2","w":4724,"h":948,"u":"images/","p":"img_2.png","e":0,"nm":"5ae9e10113902.png"},{"ty":1,"id":"image_3","w":1500,"h":1080,"u":"images/","p":"img_3.png","e":0,"nm":"re_img_1"},{"ty":1,"id":"image_4","w":4370,"h":1242,"u":"images/","p":"img_4.png","e":0,"nm":"5ad4a77d2e26d.png"},{"ty":1,"id":"image_5","w":1500,"h":1080,"u":"images/","p":"img_5.png","e":0,"nm":"re_img_2"},{"ty":1,"id":"image_6","w":1250,"h":1080,"u":"images/","p":"img_6.png","e":0,"nm":"re_img_3"},{"ty":1,"id":"image_7","w":1920,"h":1080,"u":"images/","p":"img_7.png","e":0,"nm":"背景视频.png"},{"id":"comp_0","layers":[{"ddd":0,"ind":1,"ty":5,"nm":"re_txt鸳鸯比翼","mb":true,"sr":1,"ks":{"o":{"a":1,"k":[{"i":{"x":[0.833],"y":[0.833]},"o":{"x":[0.167],"y":[0.167]},"t":652.8,"s":[0]},{"i":{"x":[0.667],"y":[1]},"o":{"x":[0.167],"y":[0.167]},"t":673.2,"s":[80]},{"i":{"x":[0.667],"y":[1]},"o":{"x":[0.333],"y":[0]},"t":694.8,"s":[100]},{"t":710.4,"s":[0]}]},"p":{"a":0,"k":[1330.38,523.484,0]},"s":{"a":1,"k":[{"i":{"x":[0.44,0.44,0.667],"y":[1,1,1]},"o":{"x":[0.503,0.503,0.333],"y":[0,0,0]},"t":651.6,"s":[1000,1000,100]},{"t":694.8,"s":[100,100,100]}]}},"ao":0,"t":{"d":{"k":[{"s":{"s":152,"f":"SourceHanSansCN-Medium","nm":"re_txt鸳鸯比翼 2","t":"鸳鸯比翼","j":2,"tr":-147,"lh":182.4,"ls":0,"fc":[0.169,0.239,0.294]},"t":0}]},"p":{},"m":{"g":1,"a":{"a":0,"k":[0,0]}},"a":[]},"ip":651.6,"op":711.6,"st":456,"bm":0},{"ddd":0,"ind":2,"ty":5,"nm":"re_txt_珠联璧合","mb":true,"sr":1,"ks":{"o":{"a":1,"k":[{"i":{"x":[0.833],"y":[0.833]},"o":{"x":[0.167],"y":[0.167]},"t":460.8,"s":[0]},{"i":{"x":[0.667],"y":[1]},"o":{"x":[0.167],"y":[0.167]},"t":481.2,"s":[80]},{"i":{"x":[0.667],"y":[1]},"o":{"x":[0.333],"y":[0]},"t":502.8,"s":[100]},{"t":518.4,"s":[0]}]},"p":{"a":0,"k":[824.38,523.484,0]},"s":{"a":1,"k":[{"i":{"x":[0.44,0.44,0.667],"y":[1,1,1]},"o":{"x":[0.503,0.503,0.333],"y":[0,0,0]},"t":459.6,"s":[1000,1000,100]},{"t":502.8,"s":[100,100,100]}]}},"ao":0,"t":{"d":{"k":[{"s":{"s":152,"f":"SourceHanSansCN-Medium","nm":"re_txt_珠联璧合 2","t":"珠联璧合","j":2,"tr":-147,"lh":182.4,"ls":0,"fc":[0.169,0.239,0.294]},"t":0}]},"p":{},"m":{"g":1,"a":{"a":0,"k":[0,0]}},"a":[]},"ip":459.6,"op":519.6,"st":264,"bm":0},{"ddd":0,"ind":3,"ty":5,"nm":"re_txt_佳偶天成","mb":true,"sr":1,"ks":{"o":{"a":1,"k":[{"i":{"x":[0.833],"y":[0.833]},"o":{"x":[0.167],"y":[0.167]},"t":320.4,"s":[0]},{"i":{"x":[0.667],"y":[1]},"o":{"x":[0.167],"y":[0.167]},"t":340.8,"s":[80]},{"i":{"x":[0.667],"y":[1]},"o":{"x":[0.333],"y":[0]},"t":362.4,"s":[100]},{"t":378,"s":[0]}]},"p":{"a":0,"k":[1078.38,441.484,0]},"s":{"a":1,"k":[{"i":{"x":[0.44,0.44,0.667],"y":[1,1,1]},"o":{"x":[0.503,0.503,0.333],"y":[0,0,0]},"t":319.2,"s":[1000,1000,100]},{"t":362.4,"s":[100,100,100]}]}},"ao":0,"t":{"d":{"k":[{"s":{"s":152,"f":"SourceHanSansCN-Medium","nm":"re_txt_佳偶天成 2","t":"佳偶天成","j":2,"tr":-147,"lh":182.4,"ls":0,"fc":[0.169,0.239,0.294]},"t":0}]},"p":{},"m":{"g":1,"a":{"a":0,"k":[0,0]}},"a":[]},"ip":319.2,"op":379.2,"st":123.6,"bm":0},{"ddd":0,"ind":4,"ty":5,"nm":"re_txt_琴瑟和鸣","sr":1,"ks":{"o":{"a":1,"k":[{"i":{"x":[0.833],"y":[0.833]},"o":{"x":[0.167],"y":[0.167]},"t":163.2,"s":[0]},{"i":{"x":[0.667],"y":[1]},"o":{"x":[0.167],"y":[0.167]},"t":183.6,"s":[80]},{"i":{"x":[0.667],"y":[1]},"o":{"x":[0.333],"y":[0]},"t":204,"s":[100]},{"t":214.8,"s":[0]}]},"p":{"a":0,"k":[703.141,546.428,0]},"s":{"a":1,"k":[{"i":{"x":[0.416,0.416,0.667],"y":[0.967,0.967,105.363]},"o":{"x":[0.668,0.668,0.333],"y":[0,0,0]},"t":164.4,"s":[1000,1000,100]},{"t":204,"s":[100,100,100]}]}},"ao":0,"t":{"d":{"k":[{"s":{"s":114,"f":"SourceHanSansCN-Medium","nm":"re_txt_琴瑟和鸣 2","t":"琴瑟和鸣","j":2,"tr":0,"lh":136.8,"ls":0,"fc":[0.273,0.319,0.412]},"t":0}]},"p":{},"m":{"g":1,"a":{"a":0,"k":[0,0]}},"a":[]},"ip":163.2,"op":216,"st":-26.4,"bm":0},{"ddd":0,"ind":5,"ty":0,"nm":"01","refId":"comp_1","sr":1,"ks":{"o":{"a":1,"k":[{"i":{"x":[0.833],"y":[0.833]},"o":{"x":[0.167],"y":[0.167]},"t":235.2,"s":[100]},{"t":273.6,"s":[0]}]},"p":{"a":0,"k":[1445.46,566.301,0]},"a":{"a":0,"k":[960,540,0]}},"ao":0,"w":1920,"h":1080,"ip":92.4,"op":392.4,"st":92.4,"bm":0},{"ddd":0,"ind":6,"ty":0,"nm":"02","mb":true,"refId":"comp_4","sr":1,"ks":{"o":{"a":1,"k":[{"i":{"x":[0.667],"y":[1]},"o":{"x":[0.333],"y":[0]},"t":486,"s":[100]},{"t":531.6,"s":[0]}]},"p":{"a":0,"k":[580.716,536.918,0]},"a":{"a":0,"k":[960,540,0]}},"ao":0,"w":1920,"h":1080,"ip":256.8,"op":557.1003003003,"st":256.8,"bm":0},{"ddd":0,"ind":7,"ty":0,"nm":"03","mb":true,"refId":"comp_10","sr":1,"ks":{"p":{"a":0,"k":[1532.472,489.148,0]},"a":{"a":0,"k":[960,540,0]}},"ao":0,"w":1920,"h":1080,"ip":408,"op":708.3003003003,"st":408,"bm":0},{"ddd":0,"ind":8,"ty":0,"nm":"05","mb":true,"refId":"comp_14","sr":1,"ks":{"p":{"a":0,"k":[656.584,534.358,0]},"a":{"a":0,"k":[960,540,0]}},"ao":0,"w":1920,"h":1080,"ip":590.4,"op":890.7003003003,"st":590.4,"bm":0},{"ddd":0,"ind":9,"ty":0,"nm":"张大华&王晓芳 合成 1","refId":"comp_17","sr":1,"ks":{"o":{"a":1,"k":[{"i":{"x":[0.833],"y":[0.833]},"o":{"x":[0.167],"y":[0.167]},"t":934.8,"s":[0]},{"t":968.4,"s":[100]}]},"p":{"a":0,"k":[978,540,0]},"a":{"a":0,"k":[960,540,0]}},"ao":0,"w":1920,"h":1080,"ip":933.6,"op":1297.2,"st":848.4,"bm":0},{"ddd":0,"ind":10,"ty":0,"nm":"背景视频","refId":"comp_18","sr":1,"ks":{"p":{"a":0,"k":[960,540,0]},"a":{"a":0,"k":[960,540,0]}},"ao":0,"w":1920,"h":1080,"ip":0,"op":1111.2,"st":0,"bm":0}]},{"id":"comp_1","layers":[{"ddd":0,"ind":1,"ty":0,"nm":"水墨","td":1,"refId":"comp_2","sr":1,"ks":{"p":{"a":0,"k":[960,540,0]},"a":{"a":0,"k":[960,540,0]}},"ao":0,"w":1920,"h":1080,"ip":0,"op":1800,"st":0,"bm":0},{"ddd":0,"ind":2,"ty":0,"nm":"Image_01","tt":1,"refId":"comp_3","sr":1,"ks":{"p":{"a":0,"k":[960,540,0]},"a":{"a":0,"k":[960,540,0]}},"ao":0,"w":1920,"h":1080,"ip":0,"op":300.3003003003,"st":0,"bm":0}]},{"id":"comp_2","layers":[{"ddd":0,"ind":1,"ty":2,"nm":"5accff25c5c29.png","cl":"png","refId":"image_0","sr":1,"ks":{"r":{"a":0,"k":1.291},"p":{"a":0,"k":[942,412,0]},"a":{"a":0,"k":[597,452,0]},"s":{"a":1,"k":[{"i":{"x":[0.667,0.667,0.667],"y":[1,1,1]},"o":{"x":[0.167,0.167,0.167],"y":[0.167,0.167,12.5]},"t":48,"s":[0,0,100]},{"t":130.8,"s":[120,120,100]}]}},"ao":0,"ip":48,"op":1848,"st":48,"bm":0},{"ddd":0,"ind":2,"ty":2,"nm":"5accff25c5c29.png","cl":"png","refId":"image_0","sr":1,"ks":{"o":{"a":0,"k":80},"r":{"a":0,"k":180.953},"p":{"a":0,"k":[914,618,0]},"a":{"a":0,"k":[597,452,0]},"s":{"a":1,"k":[{"i":{"x":[0.667,0.667,0.667],"y":[1,1,1]},"o":{"x":[0.167,0.167,0.167],"y":[0.167,0.167,26.667]},"t":25.2,"s":[0,0,100]},{"t":108,"s":[160,160,100]}]}},"ao":0,"ip":25.2,"op":1825.2,"st":25.2,"bm":0},{"ddd":0,"ind":3,"ty":2,"nm":"5accff25c5c29.png","cl":"png","refId":"image_0","sr":1,"ks":{"o":{"a":0,"k":60},"p":{"a":0,"k":[960,490,0]},"a":{"a":0,"k":[597,452,0]},"s":{"a":1,"k":[{"i":{"x":[0.667,0.667,0.667],"y":[1,1,1]},"o":{"x":[0.167,0.167,0.167],"y":[0.167,0.167,26.667]},"t":0,"s":[0,0,100]},{"t":82.8,"s":[160,160,100]}]}},"ao":0,"ip":0,"op":1800,"st":0,"bm":0}]},{"id":"comp_3","layers":[{"ddd":0,"ind":1,"ty":2,"nm":"re_img_0","refId":"image_1","sr":1,"ks":{"p":{"a":0,"k":[960,540,0]},"a":{"a":0,"k":[960,540,0]}},"ao":0,"ip":0,"op":300.3003003003,"st":0,"bm":0}]},{"id":"comp_4","layers":[{"ddd":0,"ind":1,"ty":0,"nm":"Transition 02","td":1,"refId":"comp_5","sr":1,"ks":{"p":{"a":0,"k":[962,538,0]},"a":{"a":0,"k":[960,540,0]}},"ao":0,"w":1920,"h":1080,"ip":0,"op":300.3003003003,"st":0,"bm":0},{"ddd":0,"ind":2,"ty":0,"nm":"Image_02","tt":1,"refId":"comp_9","sr":1,"ks":{"p":{"a":0,"k":[963,578,0]},"a":{"a":0,"k":[750,540,0]},"s":{"a":0,"k":[126,126,100]}},"ao":0,"w":1500,"h":1080,"ip":0,"op":262.262262262262,"st":-38.038038038038,"bm":0}]},{"id":"comp_5","layers":[{"ddd":0,"ind":1,"ty":0,"nm":"放大","refId":"comp_6","sr":1,"ks":{"p":{"a":0,"k":[960,540,0]},"a":{"a":0,"k":[960,540,0]}},"ao":0,"w":1920,"h":1080,"ip":0,"op":180.18018018018,"st":0,"bm":0},{"ddd":0,"ind":2,"ty":0,"nm":"缩小","refId":"comp_8","sr":1,"ks":{"p":{"a":0,"k":[960,540,0]},"a":{"a":0,"k":[960,540,0]}},"ao":0,"w":1920,"h":1080,"ip":179.179179179179,"op":359.359359359359,"st":179.179179179179,"bm":0}]},{"id":"comp_6","layers":[{"ddd":0,"ind":1,"ty":0,"nm":"笔触2","refId":"comp_7","sr":1,"ks":{"p":{"a":0,"k":[960,540,0]},"a":{"a":0,"k":[960,540,0]},"s":{"a":1,"k":[{"i":{"x":[0.833,0.833,0.833],"y":[0.833,0.833,0.833]},"o":{"x":[0.167,0.167,0.167],"y":[0.167,0.167,0.167]},"t":79.079,"s":[0,0,100]},{"t":178.178178178178,"s":[70,70,100]}]}},"ao":0,"w":1920,"h":1080,"ip":79.0790790790791,"op":180.18018018018,"st":79.0790790790791,"bm":0},{"ddd":0,"ind":2,"ty":0,"nm":"笔触2","refId":"comp_7","sr":1,"ks":{"o":{"a":0,"k":80},"p":{"a":0,"k":[960,540,0]},"a":{"a":0,"k":[960,540,0]},"s":{"a":1,"k":[{"i":{"x":[0.833,0.833,0.833],"y":[0.833,0.833,0.833]},"o":{"x":[0.167,0.167,0.167],"y":[0.167,0.167,0.167]},"t":36.036,"s":[0,0,100]},{"t":135.135135135135,"s":[90,90,100]}]}},"ao":0,"w":1920,"h":1080,"ip":36.036036036036,"op":180.18018018018,"st":36.036036036036,"bm":0},{"ddd":0,"ind":3,"ty":0,"nm":"笔触2","refId":"comp_7","sr":1,"ks":{"o":{"a":0,"k":60},"p":{"a":0,"k":[960,540,0]},"a":{"a":0,"k":[960,540,0]},"s":{"a":1,"k":[{"i":{"x":[0.833,0.833,0.833],"y":[0.833,0.833,0.833]},"o":{"x":[0.167,0.167,0.167],"y":[0.167,0.167,0.167]},"t":0,"s":[0,0,100]},{"t":99.0990990990991,"s":[100,100,100]}]}},"ao":0,"w":1920,"h":1080,"ip":0,"op":180.18018018018,"st":0,"bm":0}]},{"id":"comp_7","layers":[{"ddd":0,"ind":1,"ty":2,"nm":"5ae9e10113902.png","cl":"png","refId":"image_2","sr":1,"ks":{"r":{"a":0,"k":180},"p":{"a":0,"k":[1065.981,794.43,0]},"a":{"a":0,"k":[2362,474,0]},"s":{"a":0,"k":[30,30,100]}},"ao":0,"ip":0,"op":300.3003003003,"st":0,"bm":0},{"ddd":0,"ind":2,"ty":2,"nm":"5ae9e10113902.png","cl":"png","refId":"image_2","sr":1,"ks":{"p":{"a":0,"k":[1000,271.159,0]},"a":{"a":0,"k":[2362,474,0]},"s":{"a":0,"k":[24,24,100]}},"ao":0,"ip":0,"op":300.3003003003,"st":0,"bm":0},{"ddd":0,"ind":3,"ty":2,"nm":"5ae9e10113902.png","cl":"png","refId":"image_2","sr":1,"ks":{"p":{"a":0,"k":[960,532,0]},"a":{"a":0,"k":[2362,474,0]},"s":{"a":0,"k":[40,40,100]}},"ao":0,"ip":0,"op":300.3003003003,"st":0,"bm":0}]},{"id":"comp_8","layers":[{"ddd":0,"ind":1,"ty":0,"nm":"笔触2","refId":"comp_7","sr":1,"ks":{"p":{"a":0,"k":[960,540,0]},"a":{"a":0,"k":[960,540,0]},"s":{"a":1,"k":[{"i":{"x":[0.833,0.833,0.833],"y":[0.833,0.833,0.833]},"o":{"x":[0.167,0.167,0.167],"y":[0.167,0.167,0.167]},"t":0,"s":[70,70,100]},{"t":99.0990990990991,"s":[0,0,100]}]}},"ao":0,"w":1920,"h":1080,"ip":0,"op":101.101101101101,"st":0,"bm":0},{"ddd":0,"ind":2,"ty":0,"nm":"笔触2","refId":"comp_7","sr":1,"ks":{"o":{"a":0,"k":80},"p":{"a":0,"k":[960,540,0]},"a":{"a":0,"k":[960,540,0]},"s":{"a":1,"k":[{"i":{"x":[0.833,0.833,0.833],"y":[0.833,0.833,0.833]},"o":{"x":[0.167,0.167,0.167],"y":[0.167,0.167,0.167]},"t":0,"s":[90,90,100]},{"t":83.0830830830831,"s":[0,0,100]}]}},"ao":0,"w":1920,"h":1080,"ip":0,"op":144.144144144144,"st":0,"bm":0},{"ddd":0,"ind":3,"ty":0,"nm":"笔触2","refId":"comp_7","sr":1,"ks":{"o":{"a":0,"k":60},"p":{"a":0,"k":[960,540,0]},"a":{"a":0,"k":[960,540,0]},"s":{"a":1,"k":[{"i":{"x":[0.833,0.833,0.833],"y":[0.833,0.833,0.833]},"o":{"x":[0.167,0.167,0.167],"y":[0.167,0.167,0.167]},"t":0,"s":[100,100,100]},{"t":63.0630630630631,"s":[0,0,100]}]}},"ao":0,"w":1920,"h":1080,"ip":0,"op":180.18018018018,"st":0,"bm":0}]},{"id":"comp_9","layers":[{"ddd":0,"ind":1,"ty":2,"nm":"re_img_1","refId":"image_3","sr":1,"ks":{"p":{"a":0,"k":[750,540,0]},"a":{"a":0,"k":[750,540,0]}},"ao":0,"ip":0,"op":300.3003003003,"st":0,"bm":0}]},{"id":"comp_10","layers":[{"ddd":0,"ind":1,"ty":0,"nm":"Transition 03","td":1,"refId":"comp_11","sr":1,"ks":{"p":{"a":0,"k":[962,528,0]},"a":{"a":0,"k":[960,540,0]}},"ao":0,"w":1920,"h":1080,"ip":0,"op":300.3003003003,"st":0,"bm":0},{"ddd":0,"ind":2,"ty":0,"nm":"Image_03","tt":1,"refId":"comp_13","sr":1,"ks":{"p":{"a":0,"k":[956,623,0]},"a":{"a":0,"k":[750,540,0]},"s":{"a":1,"k":[{"i":{"x":[0.833,0.833,0.833],"y":[0.833,0.833,0.833]},"o":{"x":[0.167,0.167,0.167],"y":[0.167,0.167,0.167]},"t":108.108,"s":[100,100,100]},{"t":165.165165165165,"s":[130,130,100]}]}},"ao":0,"w":1500,"h":1080,"ip":0,"op":300.3003003003,"st":0,"bm":0}]},{"id":"comp_11","layers":[{"ddd":0,"ind":1,"ty":0,"nm":"笔触3","refId":"comp_12","sr":1,"ks":{"p":{"a":0,"k":[960,540,0]},"a":{"a":0,"k":[960,540,0]}},"ao":0,"w":1920,"h":1080,"ip":0,"op":300.3003003003,"st":0,"bm":0}]},{"id":"comp_12","layers":[{"ddd":0,"ind":1,"ty":2,"nm":"5accff25c5c29.png","cl":"png","refId":"image_0","sr":1,"ks":{"p":{"a":0,"k":[960,540,0]},"a":{"a":0,"k":[597,452,0]},"s":{"a":1,"k":[{"i":{"x":[0.667,0.667,0.667],"y":[1,1,1]},"o":{"x":[0.333,0.333,0.333],"y":[0,0,0]},"t":50.05,"s":[0,0,100]},{"i":{"x":[0.833,0.833,0.833],"y":[1,1,1]},"o":{"x":[0.167,0.167,0.167],"y":[0,0,0]},"t":179.179,"s":[100,100,100]},{"t":260.26026026026,"s":[0,0,100]}]}},"ao":0,"ip":0,"op":300.3003003003,"st":0,"bm":0},{"ddd":0,"ind":2,"ty":2,"nm":"5accff25c5c29.png","cl":"png","refId":"image_0","sr":1,"ks":{"o":{"a":0,"k":80},"p":{"a":0,"k":[960,540,0]},"a":{"a":0,"k":[597,452,0]},"s":{"a":1,"k":[{"i":{"x":[0.667,0.667,0.667],"y":[1,1,1]},"o":{"x":[0.333,0.333,0.333],"y":[0,0,0]},"t":29.029,"s":[0,0,100]},{"i":{"x":[0.833,0.833,0.833],"y":[1,1,1]},"o":{"x":[0.167,0.167,0.167],"y":[0,0,0]},"t":158.158,"s":[140,140,100]},{"t":277.277277277277,"s":[0,0,100]}]}},"ao":0,"ip":0,"op":300.3003003003,"st":0,"bm":0},{"ddd":0,"ind":3,"ty":2,"nm":"5ad4a77d2e26d.png","cl":"png","refId":"image_4","sr":1,"ks":{"o":{"a":0,"k":80},"p":{"a":0,"k":[960,540,0]},"a":{"a":0,"k":[2185,621,0]},"s":{"a":1,"k":[{"i":{"x":[0.667,0.667,0.667],"y":[1,1,1]},"o":{"x":[0.333,0.333,0.333],"y":[0,0,0]},"t":6.006,"s":[0,0,100]},{"i":{"x":[0.667,0.667,0.667],"y":[1,1,1]},"o":{"x":[0.333,0.333,0.333],"y":[0,0,0]},"t":135.135,"s":[40,40,100]},{"t":291.291291291291,"s":[0,0,100]}]}},"ao":0,"ip":0,"op":300.3003003003,"st":0,"bm":0}]},{"id":"comp_13","layers":[{"ddd":0,"ind":1,"ty":2,"nm":"re_img_2","refId":"image_5","sr":1,"ks":{"p":{"a":0,"k":[750,540,0]},"a":{"a":0,"k":[750,540,0]}},"ao":0,"ip":0,"op":300.3003003003,"st":0,"bm":0}]},{"id":"comp_14","layers":[{"ddd":0,"ind":1,"ty":0,"nm":"笔触4","td":1,"refId":"comp_15","sr":1,"ks":{"p":{"a":0,"k":[960,540,0]},"a":{"a":0,"k":[960,540,0]},"s":{"a":1,"k":[{"i":{"x":[0.667,0.667,0.667],"y":[1,1,1]},"o":{"x":[0.333,0.333,0.333],"y":[0,0,0]},"t":225.225,"s":[100,100,100]},{"t":270.27027027027,"s":[0,0,100]}]}},"ao":0,"w":1920,"h":1080,"ip":0,"op":300.3003003003,"st":0,"bm":0},{"ddd":0,"ind":2,"ty":0,"nm":"image_5","tt":1,"refId":"comp_16","sr":1,"ks":{"p":{"a":0,"k":[946,540,0]},"a":{"a":0,"k":[625,540,0]}},"ao":0,"w":1250,"h":1080,"ip":0,"op":300.3003003003,"st":0,"bm":0}]},{"id":"comp_15","layers":[{"ddd":0,"ind":1,"ty":2,"nm":"5accff25c5c29.png","cl":"png","refId":"image_0","sr":1,"ks":{"p":{"a":0,"k":[962,298,0]},"a":{"a":0,"k":[597,452,0]},"s":{"a":1,"k":[{"i":{"x":[0.667,0.667,0.667],"y":[1,1,1]},"o":{"x":[0.333,0.333,0.333],"y":[0,0,0]},"t":50.05,"s":[0,0,100]},{"t":179.179179179179,"s":[100,100,100]}]}},"ao":0,"ip":0,"op":300.3003003003,"st":0,"bm":0},{"ddd":0,"ind":2,"ty":2,"nm":"5accff25c5c29.png","cl":"png","refId":"image_0","sr":1,"ks":{"o":{"a":0,"k":80},"p":{"a":0,"k":[962,446,0]},"a":{"a":0,"k":[597,452,0]},"s":{"a":1,"k":[{"i":{"x":[0.667,0.667,0.667],"y":[1,1,1]},"o":{"x":[0.333,0.333,0.333],"y":[0,0,0]},"t":29.029,"s":[0,0,100]},{"t":158.158158158158,"s":[140,140,100]}]}},"ao":0,"ip":0,"op":300.3003003003,"st":0,"bm":0},{"ddd":0,"ind":3,"ty":2,"nm":"5ad4a77d2e26d.png","cl":"png","refId":"image_4","sr":1,"ks":{"o":{"a":0,"k":80},"p":{"a":0,"k":[960,708,0]},"a":{"a":0,"k":[2185,621,0]},"s":{"a":1,"k":[{"i":{"x":[0.667,0.667,0.667],"y":[1,1,1]},"o":{"x":[0.333,0.333,0.333],"y":[0,0,0]},"t":6.006,"s":[0,0,100]},{"t":135.135135135135,"s":[40,40,100]}]}},"ao":0,"ip":0,"op":300.3003003003,"st":0,"bm":0}]},{"id":"comp_16","layers":[{"ddd":0,"ind":1,"ty":2,"nm":"re_img_3","refId":"image_6","sr":1,"ks":{"p":{"a":0,"k":[625,540,0]},"a":{"a":0,"k":[625,540,0]}},"ao":0,"ip":0,"op":300.3003003003,"st":0,"bm":0}]},{"id":"comp_17","layers":[{"ddd":0,"ind":1,"ty":5,"nm":"re_txt_张大华","sr":1,"ks":{"p":{"a":0,"k":[920.5,920,0]}},"ao":0,"t":{"d":{"k":[{"s":{"s":50,"f":"SourceHanSansCN-Medium","nm":"re_txt_张大华 2","t":"   张大华","j":1,"tr":145,"lh":60,"ls":0,"fc":[0.169,0.239,0.294]},"t":0}]},"p":{},"m":{"g":1,"a":{"a":0,"k":[0,0]}},"a":[]},"ip":82.8,"op":453.6,"st":0,"bm":0},{"ddd":0,"ind":2,"ty":5,"nm":"re_txt_&","sr":1,"ks":{"p":{"a":0,"k":[946,920,0]}},"ao":0,"t":{"d":{"k":[{"s":{"s":50,"f":"SourceHanSansCN-Medium","nm":"re_txt_& 2","t":"&","j":2,"tr":-147,"lh":60,"ls":0,"fc":[0.169,0.239,0.294]},"t":0}]},"p":{},"m":{"g":1,"a":{"a":0,"k":[0,0]}},"a":[]},"ip":82.8,"op":450,"st":0,"bm":0},{"ddd":0,"ind":3,"ty":5,"nm":"re_txt_王晓芳","sr":1,"ks":{"p":{"a":0,"k":[970.5,921,0]}},"ao":0,"t":{"d":{"k":[{"s":{"s":50,"f":"SourceHanSansCN-Medium","nm":"re_txt_王晓芳 2","t":"王晓芳   ","j":0,"tr":145,"lh":60,"ls":0,"fc":[0.169,0.239,0.294]},"t":0}]},"p":{},"m":{"g":1,"a":{"a":0,"k":[0,0]}},"a":[]},"ip":82.8,"op":450,"st":0,"bm":0}]},{"id":"comp_18","layers":[{"ddd":0,"ind":1,"ty":2,"nm":"背景视频.png","cl":"png","refId":"image_7","sr":1,"ks":{"p":{"a":0,"k":[960,540,0]},"a":{"a":0,"k":[960,540,0]}},"ao":0,"ip":0,"op":1111.2,"st":0,"bm":0}]}],"fonts":{"list":[{"origin":0,"fPath":"E:\\hecc\\ae\\lulu\\fonts\\SourceHanSansCN-Medium.ttf","fClass":"","fFamily":"SourceHanSansCN","fWeight":"","fStyle":"Medium","fName":"SourceHanSansCN-Medium","ascent":69.9371337890625,"u":"fonts/"}]},"layers":[{"ddd":0,"ind":1,"ty":0,"nm":"01","refId":"comp_0","sr":1,"ks":{"p":{"a":0,"k":[960,540,0]},"a":{"a":0,"k":[960,540,0]}},"ao":0,"w":1920,"h":1080,"ip":0,"op":1111.2,"st":0,"bm":0},{"ddd":0,"ind":2,"ty":6,"nm":"audio.mp3","cl":"mp3","refId":"audio_0","sr":1,"ks":{"p":{"a":0,"k":[960,540,0]},"a":{"a":0,"k":[0.5,0.5,0]}},"ao":0,"ip":0,"op":4464.58775510204,"st":0,"bm":0}],"markers":[]}