{"tv":"1.0.0","fix":"tutucloud.com","v":"5.5.5","fr":25,"ip":0,"op":437,"w":1080,"h":1920,"nm":"趣味夏天旅程","ddd":0,"assets":[{"ty":2,"id":"audio_0","u":"audios/","p":"audio_0.mp3","e":0,"nm":"5a2e37472749c.mp3","du":36.8587755102041},{"ty":1,"id":"image_0","w":1080,"h":708,"u":"images/","p":"img_0.png","e":0,"nm":"re_img_vid_0.jpg"},{"ty":1,"id":"image_1","w":1080,"h":708,"u":"images/","p":"img_1.png","e":0,"nm":"re_img_vid_1.jpg"},{"ty":1,"id":"image_2","w":1080,"h":708,"u":"images/","p":"img_2.png","e":0,"nm":"re_img_vid_2.jpg"},{"id":"comp_0","layers":[{"ddd":0,"ind":1,"ty":1,"nm":"爱心","sr":1,"ks":{"o":{"a":1,"k":[{"i":{"x":[0.833],"y":[0.833]},"o":{"x":[0.167],"y":[0.167]},"t":3,"s":[0]},{"i":{"x":[0.833],"y":[0.833]},"o":{"x":[0.167],"y":[0.167]},"t":37,"s":[100]},{"t":47,"s":[0]}],"ix":11},"r":{"a":0,"k":0,"ix":10},"p":{"a":1,"k":[{"i":{"x":0.833,"y":0.833},"o":{"x":0.167,"y":0.167},"t":3,"s":[117.75,1229.75,0],"to":[-3.417,-4.583,0],"ti":[3.417,4.583,0]},{"t":37,"s":[97.25,1202.25,0]}],"ix":2},"a":{"a":0,"k":[97.25,1202.25,0],"ix":1},"s":{"a":1,"k":[{"i":{"x":[0.833,0.833,0.833],"y":[0.833,0.833,0.833]},"o":{"x":[0.167,0.167,0.167],"y":[0.167,0.167,0.167]},"t":3,"s":[30,30,100]},{"t":37,"s":[100,100,100]}],"ix":6}},"ao":0,"hasMask":true,"masksProperties":[{"inv":false,"mode":"a","pt":{"a":0,"k":{"i":[[7,3.5],[2.5,0],[-2,-14.5],[0,0],[-0.5,7]],"o":[[-7,-3.5],[-2.5,0],[2,14.5],[0,0],[0.5,-7]],"v":[[112.5,1185],[99,1192],[79.5,1199.5],[115,1219.5],[114,1207]],"c":true},"ix":1},"o":{"a":0,"k":100,"ix":3},"x":{"a":0,"k":0,"ix":4},"nm":"蒙版 1"}],"sw":1080,"sh":1920,"sc":"#ffffff","ip":0,"op":440,"st":-60,"bm":0}]},{"id":"comp_1","layers":[{"ddd":0,"ind":1,"ty":1,"nm":"白色 纯色 9","sr":1,"ks":{"o":{"a":0,"k":100,"ix":11},"r":{"a":0,"k":0,"ix":10},"p":{"a":0,"k":[540,960,0],"ix":2},"a":{"a":0,"k":[540,960,0],"ix":1},"s":{"a":0,"k":[100,100,100],"ix":6}},"ao":0,"hasMask":true,"masksProperties":[{"inv":false,"mode":"a","pt":{"a":0,"k":{"i":[[-30.964,8.629],[-7,-39],[0,0],[38,63],[-11,-55],[0,0],[11,43]],"o":[[30.5,-8.5],[9.323,51.943],[0,0],[-46.254,-76.685],[11,55],[0,0],[-11,-43]],"v":[[203.5,1214],[286,1262.5],[200,1346],[286,1245],[126.5,1284],[214,1319],[131,1287.5]],"c":true},"ix":1},"o":{"a":0,"k":100,"ix":3},"x":{"a":0,"k":0,"ix":4},"nm":"蒙版 1"},{"inv":false,"mode":"i","pt":{"a":1,"k":[{"i":{"x":0.667,"y":1},"o":{"x":0.333,"y":0},"t":19,"s":[{"i":[[0,0],[0,0],[0,0],[0,0],[0,0],[0,0],[0,0],[0,0],[0,0],[0,0],[0,0],[0,0]],"o":[[0,0],[0,0],[0,0],[0,0],[0,0],[0,0],[0,0],[0,0],[0,0],[0,0],[0,0],[0,0]],"v":[[218.5,1307.5],[217.5,1307.5],[217.5,1314.262],[217.5,1314.296],[217.5,1314.335],[217.5,1317.862],[217.5,1318.354],[217.5,1318.978],[217.5,1320.234],[217.5,1320.942],[217.5,1327.5],[218.5,1327.5]],"c":true}]},{"i":{"x":0.667,"y":1},"o":{"x":0.333,"y":0},"t":24.667,"s":[{"i":[[0,0],[0,0],[0,0],[0,0],[0,0],[0,0],[0,0],[0,0],[0,0],[0,0],[0,0],[0,0]],"o":[[0,0],[0,0],[0,0],[0,0],[0,0],[0,0],[0,0],[0,0],[0,0],[0,0],[0,0],[0,0]],"v":[[218.5,1307],[145,1294],[138.393,1303.134],[138.359,1303.18],[138.321,1303.232],[135.559,1307.05],[135.174,1307.583],[134.686,1308.258],[133.702,1309.618],[133.148,1310.384],[128,1317.5],[215,1333.5]],"c":true}]},{"i":{"x":0.667,"y":1},"o":{"x":0.333,"y":0},"t":28.667,"s":[{"i":[[0,0],[0,0],[0,0],[0,0],[0,0],[0,0],[0,0],[0,0],[0,0],[0,0],[0,0],[0,0]],"o":[[0,0],[0,0],[0,0],[0,0],[0,0],[0,0],[0,0],[0,0],[0,0],[0,0],[0,0],[0,0]],"v":[[218.5,1307],[145,1294],[138.393,1267.024],[138.359,1266.887],[138.321,1266.732],[127.552,1263.343],[126.05,1262.87],[124.144,1262.271],[120.308,1261.063],[118.148,1260.384],[128,1317.5],[215,1333.5]],"c":true}]},{"i":{"x":0.667,"y":1},"o":{"x":0.333,"y":0},"t":30.833,"s":[{"i":[[0,0],[0,0],[0,0],[0,0],[0,0],[0,0],[0,0],[0,0],[0,0],[0,0],[0,0],[0,0]],"o":[[0,0],[0,0],[0,0],[0,0],[0,0],[0,0],[0,0],[0,0],[0,0],[0,0],[0,0],[0,0]],"v":[[218.5,1307],[145,1294],[221.989,1222.01],[222.379,1221.646],[222.821,1221.232],[219.034,1205.222],[218.506,1202.99],[217.836,1200.157],[215.724,1191.228],[115.148,1250.384],[128,1317.5],[215,1333.5]],"c":true}]},{"i":{"x":0.667,"y":1},"o":{"x":0.333,"y":0},"t":32.333,"s":[{"i":[[0,0],[0,0],[0,0],[0,0],[0,0],[0,0],[0,0],[0,0],[0,0],[0,0],[0,0],[0,0]],"o":[[0,0],[0,0],[0,0],[0,0],[0,0],[0,0],[0,0],[0,0],[0,0],[0,0],[0,0],[0,0]],"v":[[218.5,1307],[145,1294],[270.465,1245.259],[271.1,1245.013],[271.821,1244.732],[289.305,1236.699],[291.742,1235.579],[294.836,1234.157],[215.724,1191.228],[115.148,1250.384],[128,1317.5],[215,1333.5]],"c":true}]},{"i":{"x":0.667,"y":1},"o":{"x":0.333,"y":0},"t":34.167,"s":[{"i":[[0,0],[0,0],[0,0],[0,0],[0,0],[0,0],[0,0],[0,0],[0,0],[0,0],[0,0],[0,0]],"o":[[0,0],[0,0],[0,0],[0,0],[0,0],[0,0],[0,0],[0,0],[0,0],[0,0],[0,0],[0,0]],"v":[[218.5,1307],[145,1294],[264.091,1247.735],[255.538,1279.1],[245.821,1314.732],[296.917,1294.861],[304.041,1292.09],[294.836,1234.157],[215.724,1191.228],[115.148,1250.384],[128,1317.5],[215,1333.5]],"c":true}]},{"t":35,"s":[{"i":[[0,0],[0,0],[0,0],[0,0],[0,0],[0,0],[0,0],[0,0],[0,0],[0,0],[0,0],[0,0]],"o":[[0,0],[0,0],[0,0],[0,0],[0,0],[0,0],[0,0],[0,0],[0,0],[0,0],[0,0],[0,0]],"v":[[218.5,1307],[145,1294],[264.091,1247.735],[221.949,1334.695],[193.821,1343.732],[196.82,1355.037],[304.041,1292.09],[294.836,1234.157],[215.724,1191.228],[115.148,1250.384],[128,1317.5],[215,1333.5]],"c":true}]}],"ix":1},"o":{"a":0,"k":100,"ix":3},"x":{"a":0,"k":0,"ix":4},"nm":"蒙版 2"}],"sw":1080,"sh":1920,"sc":"#ffffff","ip":0,"op":450,"st":-50,"bm":0},{"ddd":0,"ind":2,"ty":5,"nm":"re_txt_拍拍照片，写下旅游笔记","sr":1,"ks":{"o":{"a":1,"k":[{"i":{"x":[0.833],"y":[0.833]},"o":{"x":[0.167],"y":[0.167]},"t":2,"s":[0]},{"t":25,"s":[100]}],"ix":11},"r":{"a":0,"k":0,"ix":10},"p":{"a":1,"k":[{"i":{"x":0.833,"y":0.833},"o":{"x":0.167,"y":0.167},"t":2,"s":[996.81,1291,0],"to":[-132.545,0,0],"ti":[65.099,0,0]},{"t":25,"s":[637.115,1291,0]}],"ix":2},"a":{"a":0,"k":[0,0,0],"ix":1},"s":{"a":0,"k":[100,100,100],"ix":6}},"ao":0,"t":{"d":{"k":[{"s":{"s":56,"f":"SourceHanSansCN-Regular","nm":"re_txt_拍拍照片，写下旅游笔记 2","t":"拍拍照片，写下旅游笔记","j":2,"tr":0,"lh":67.2,"ls":0,"fc":[1,1,1]},"t":0}]},"p":{},"m":{"g":1,"a":{"a":0,"k":[0,0],"ix":2}},"a":[]},"ip":0,"op":450,"st":-50,"bm":0},{"ddd":0,"ind":3,"ty":5,"nm":"re_txt_Day3","sr":1,"ks":{"o":{"a":1,"k":[{"i":{"x":[0.833],"y":[0.833]},"o":{"x":[0.167],"y":[0.167]},"t":2,"s":[0]},{"t":25,"s":[100]}],"ix":11},"r":{"a":0,"k":0,"ix":10},"p":{"a":1,"k":[{"i":{"x":0.833,"y":0.833},"o":{"x":0.167,"y":0.167},"t":2,"s":[85.23,1291,0],"to":[56.504,0,0],"ti":[-27.749,0,0]},{"t":25,"s":[217,1291,0]}],"ix":2},"a":{"a":0,"k":[0,0,0],"ix":1},"s":{"a":0,"k":[100,100,100],"ix":6}},"ao":0,"t":{"d":{"k":[{"s":{"s":48,"f":"SourceHanSansCN-Regular","nm":"re_txt_Day4","t":"Day3","j":2,"tr":0,"lh":57.6,"ls":0,"fc":[1,1,1]},"t":0}]},"p":{},"m":{"g":1,"a":{"a":0,"k":[0,0],"ix":2}},"a":[]},"ip":0,"op":450,"st":-50,"bm":0}]},{"id":"comp_2","layers":[{"ddd":0,"ind":1,"ty":1,"nm":"白色 纯色 9","sr":1,"ks":{"o":{"a":0,"k":100,"ix":11},"r":{"a":0,"k":0,"ix":10},"p":{"a":0,"k":[540,960,0],"ix":2},"a":{"a":0,"k":[540,960,0],"ix":1},"s":{"a":0,"k":[100,100,100],"ix":6}},"ao":0,"hasMask":true,"masksProperties":[{"inv":false,"mode":"a","pt":{"a":0,"k":{"i":[[-30.964,8.629],[-7,-39],[0,0],[38,63],[-11,-55],[0,0],[11,43]],"o":[[30.5,-8.5],[9.323,51.943],[0,0],[-46.254,-76.685],[11,55],[0,0],[-11,-43]],"v":[[203.5,1214],[286,1262.5],[200,1346],[286,1245],[126.5,1284],[214,1319],[131,1287.5]],"c":true},"ix":1},"o":{"a":0,"k":100,"ix":3},"x":{"a":0,"k":0,"ix":4},"nm":"蒙版 1"},{"inv":false,"mode":"i","pt":{"a":1,"k":[{"i":{"x":0.667,"y":1},"o":{"x":0.333,"y":0},"t":19,"s":[{"i":[[0,0],[0,0],[0,0],[0,0],[0,0],[0,0],[0,0],[0,0],[0,0],[0,0],[0,0],[0,0]],"o":[[0,0],[0,0],[0,0],[0,0],[0,0],[0,0],[0,0],[0,0],[0,0],[0,0],[0,0],[0,0]],"v":[[218.5,1307.5],[217.5,1307.5],[217.5,1314.262],[217.5,1314.296],[217.5,1314.335],[217.5,1317.862],[217.5,1318.354],[217.5,1318.978],[217.5,1320.234],[217.5,1320.942],[217.5,1327.5],[218.5,1327.5]],"c":true}]},{"i":{"x":0.667,"y":1},"o":{"x":0.333,"y":0},"t":24.667,"s":[{"i":[[0,0],[0,0],[0,0],[0,0],[0,0],[0,0],[0,0],[0,0],[0,0],[0,0],[0,0],[0,0]],"o":[[0,0],[0,0],[0,0],[0,0],[0,0],[0,0],[0,0],[0,0],[0,0],[0,0],[0,0],[0,0]],"v":[[218.5,1307],[145,1294],[138.393,1303.134],[138.359,1303.18],[138.321,1303.232],[135.559,1307.05],[135.174,1307.583],[134.686,1308.258],[133.702,1309.618],[133.148,1310.384],[128,1317.5],[215,1333.5]],"c":true}]},{"i":{"x":0.667,"y":1},"o":{"x":0.333,"y":0},"t":28.667,"s":[{"i":[[0,0],[0,0],[0,0],[0,0],[0,0],[0,0],[0,0],[0,0],[0,0],[0,0],[0,0],[0,0]],"o":[[0,0],[0,0],[0,0],[0,0],[0,0],[0,0],[0,0],[0,0],[0,0],[0,0],[0,0],[0,0]],"v":[[218.5,1307],[145,1294],[138.393,1267.024],[138.359,1266.887],[138.321,1266.732],[127.552,1263.343],[126.05,1262.87],[124.144,1262.271],[120.308,1261.063],[118.148,1260.384],[128,1317.5],[215,1333.5]],"c":true}]},{"i":{"x":0.667,"y":1},"o":{"x":0.333,"y":0},"t":30.833,"s":[{"i":[[0,0],[0,0],[0,0],[0,0],[0,0],[0,0],[0,0],[0,0],[0,0],[0,0],[0,0],[0,0]],"o":[[0,0],[0,0],[0,0],[0,0],[0,0],[0,0],[0,0],[0,0],[0,0],[0,0],[0,0],[0,0]],"v":[[218.5,1307],[145,1294],[221.989,1222.01],[222.379,1221.646],[222.821,1221.232],[219.034,1205.222],[218.506,1202.99],[217.836,1200.157],[215.724,1191.228],[115.148,1250.384],[128,1317.5],[215,1333.5]],"c":true}]},{"i":{"x":0.667,"y":1},"o":{"x":0.333,"y":0},"t":32.333,"s":[{"i":[[0,0],[0,0],[0,0],[0,0],[0,0],[0,0],[0,0],[0,0],[0,0],[0,0],[0,0],[0,0]],"o":[[0,0],[0,0],[0,0],[0,0],[0,0],[0,0],[0,0],[0,0],[0,0],[0,0],[0,0],[0,0]],"v":[[218.5,1307],[145,1294],[270.465,1245.259],[271.1,1245.013],[271.821,1244.732],[289.305,1236.699],[291.742,1235.579],[294.836,1234.157],[215.724,1191.228],[115.148,1250.384],[128,1317.5],[215,1333.5]],"c":true}]},{"i":{"x":0.667,"y":1},"o":{"x":0.333,"y":0},"t":34.167,"s":[{"i":[[0,0],[0,0],[0,0],[0,0],[0,0],[0,0],[0,0],[0,0],[0,0],[0,0],[0,0],[0,0]],"o":[[0,0],[0,0],[0,0],[0,0],[0,0],[0,0],[0,0],[0,0],[0,0],[0,0],[0,0],[0,0]],"v":[[218.5,1307],[145,1294],[264.091,1247.735],[255.538,1279.1],[245.821,1314.732],[296.917,1294.861],[304.041,1292.09],[294.836,1234.157],[215.724,1191.228],[115.148,1250.384],[128,1317.5],[215,1333.5]],"c":true}]},{"t":35,"s":[{"i":[[0,0],[0,0],[0,0],[0,0],[0,0],[0,0],[0,0],[0,0],[0,0],[0,0],[0,0],[0,0]],"o":[[0,0],[0,0],[0,0],[0,0],[0,0],[0,0],[0,0],[0,0],[0,0],[0,0],[0,0],[0,0]],"v":[[218.5,1307],[145,1294],[264.091,1247.735],[221.949,1334.695],[193.821,1343.732],[196.82,1355.037],[304.041,1292.09],[294.836,1234.157],[215.724,1191.228],[115.148,1250.384],[128,1317.5],[215,1333.5]],"c":true}]}],"ix":1},"o":{"a":0,"k":100,"ix":3},"x":{"a":0,"k":0,"ix":4},"nm":"蒙版 2"}],"sw":1080,"sh":1920,"sc":"#ffffff","ip":0,"op":450,"st":-50,"bm":0},{"ddd":0,"ind":2,"ty":5,"nm":"re_txt_走走停停，吃吃喝喝","sr":1,"ks":{"o":{"a":1,"k":[{"i":{"x":[0.833],"y":[0.833]},"o":{"x":[0.167],"y":[0.167]},"t":2,"s":[0]},{"t":25,"s":[100]}],"ix":11},"r":{"a":0,"k":0,"ix":10},"p":{"a":1,"k":[{"i":{"x":0.833,"y":0.833},"o":{"x":0.167,"y":0.167},"t":2,"s":[996.81,1291,0],"to":[-132.545,0,0],"ti":[65.099,0,0]},{"t":25,"s":[582.115,1291,0]}],"ix":2},"a":{"a":0,"k":[0,0,0],"ix":1},"s":{"a":0,"k":[100,100,100],"ix":6}},"ao":0,"t":{"d":{"k":[{"s":{"s":56,"f":"SourceHanSansCN-Regular","nm":"re_txt_走走停停，吃吃喝喝 2","t":"走走停停，吃吃喝喝","j":2,"tr":0,"lh":67.2,"ls":0,"fc":[1,1,1]},"t":0}]},"p":{},"m":{"g":1,"a":{"a":0,"k":[0,0],"ix":2}},"a":[]},"ip":0,"op":450,"st":-50,"bm":0},{"ddd":0,"ind":3,"ty":5,"nm":"re_txt_Day2","sr":1,"ks":{"o":{"a":1,"k":[{"i":{"x":[0.833],"y":[0.833]},"o":{"x":[0.167],"y":[0.167]},"t":2,"s":[0]},{"t":25,"s":[100]}],"ix":11},"r":{"a":0,"k":0,"ix":10},"p":{"a":1,"k":[{"i":{"x":0.833,"y":0.833},"o":{"x":0.167,"y":0.167},"t":2,"s":[85.23,1291,0],"to":[56.504,0,0],"ti":[-27.749,0,0]},{"t":25,"s":[217,1291,0]}],"ix":2},"a":{"a":0,"k":[0,0,0],"ix":1},"s":{"a":0,"k":[100,100,100],"ix":6}},"ao":0,"t":{"d":{"k":[{"s":{"s":48,"f":"SourceHanSansCN-Regular","nm":"re_txt_Day3","t":"Day2","j":2,"tr":0,"lh":57.6,"ls":0,"fc":[1,1,1]},"t":0}]},"p":{},"m":{"g":1,"a":{"a":0,"k":[0,0],"ix":2}},"a":[]},"ip":0,"op":450,"st":-50,"bm":0}]},{"id":"comp_3","layers":[{"ddd":0,"ind":1,"ty":1,"nm":"白色 纯色 9","sr":1,"ks":{"o":{"a":0,"k":100,"ix":11},"r":{"a":0,"k":0,"ix":10},"p":{"a":0,"k":[540,960,0],"ix":2},"a":{"a":0,"k":[540,960,0],"ix":1},"s":{"a":0,"k":[100,100,100],"ix":6}},"ao":0,"hasMask":true,"masksProperties":[{"inv":false,"mode":"a","pt":{"a":0,"k":{"i":[[-30.964,8.629],[-7,-39],[0,0],[38,63],[-11,-55],[0,0],[11,43]],"o":[[30.5,-8.5],[9.323,51.943],[0,0],[-46.254,-76.685],[11,55],[0,0],[-11,-43]],"v":[[203.5,1214],[286,1262.5],[200,1346],[286,1245],[126.5,1284],[214,1319],[131,1287.5]],"c":true},"ix":1},"o":{"a":0,"k":100,"ix":3},"x":{"a":0,"k":0,"ix":4},"nm":"蒙版 1"},{"inv":false,"mode":"i","pt":{"a":1,"k":[{"i":{"x":0.667,"y":1},"o":{"x":0.333,"y":0},"t":19,"s":[{"i":[[0,0],[0,0],[0,0],[0,0],[0,0],[0,0],[0,0],[0,0],[0,0],[0,0],[0,0],[0,0]],"o":[[0,0],[0,0],[0,0],[0,0],[0,0],[0,0],[0,0],[0,0],[0,0],[0,0],[0,0],[0,0]],"v":[[218.5,1307.5],[217.5,1307.5],[217.5,1314.262],[217.5,1314.296],[217.5,1314.335],[217.5,1317.862],[217.5,1318.354],[217.5,1318.978],[217.5,1320.234],[217.5,1320.942],[217.5,1327.5],[218.5,1327.5]],"c":true}]},{"i":{"x":0.667,"y":1},"o":{"x":0.333,"y":0},"t":24.667,"s":[{"i":[[0,0],[0,0],[0,0],[0,0],[0,0],[0,0],[0,0],[0,0],[0,0],[0,0],[0,0],[0,0]],"o":[[0,0],[0,0],[0,0],[0,0],[0,0],[0,0],[0,0],[0,0],[0,0],[0,0],[0,0],[0,0]],"v":[[218.5,1307],[145,1294],[138.393,1303.134],[138.359,1303.18],[138.321,1303.232],[135.559,1307.05],[135.174,1307.583],[134.686,1308.258],[133.702,1309.618],[133.148,1310.384],[128,1317.5],[215,1333.5]],"c":true}]},{"i":{"x":0.667,"y":1},"o":{"x":0.333,"y":0},"t":28.667,"s":[{"i":[[0,0],[0,0],[0,0],[0,0],[0,0],[0,0],[0,0],[0,0],[0,0],[0,0],[0,0],[0,0]],"o":[[0,0],[0,0],[0,0],[0,0],[0,0],[0,0],[0,0],[0,0],[0,0],[0,0],[0,0],[0,0]],"v":[[218.5,1307],[145,1294],[138.393,1267.024],[138.359,1266.887],[138.321,1266.732],[127.552,1263.343],[126.05,1262.87],[124.144,1262.271],[120.308,1261.063],[118.148,1260.384],[128,1317.5],[215,1333.5]],"c":true}]},{"i":{"x":0.667,"y":1},"o":{"x":0.333,"y":0},"t":30.833,"s":[{"i":[[0,0],[0,0],[0,0],[0,0],[0,0],[0,0],[0,0],[0,0],[0,0],[0,0],[0,0],[0,0]],"o":[[0,0],[0,0],[0,0],[0,0],[0,0],[0,0],[0,0],[0,0],[0,0],[0,0],[0,0],[0,0]],"v":[[218.5,1307],[145,1294],[221.989,1222.01],[222.379,1221.646],[222.821,1221.232],[219.034,1205.222],[218.506,1202.99],[217.836,1200.157],[215.724,1191.228],[115.148,1250.384],[128,1317.5],[215,1333.5]],"c":true}]},{"i":{"x":0.667,"y":1},"o":{"x":0.333,"y":0},"t":32.333,"s":[{"i":[[0,0],[0,0],[0,0],[0,0],[0,0],[0,0],[0,0],[0,0],[0,0],[0,0],[0,0],[0,0]],"o":[[0,0],[0,0],[0,0],[0,0],[0,0],[0,0],[0,0],[0,0],[0,0],[0,0],[0,0],[0,0]],"v":[[218.5,1307],[145,1294],[270.465,1245.259],[271.1,1245.013],[271.821,1244.732],[289.305,1236.699],[291.742,1235.579],[294.836,1234.157],[215.724,1191.228],[115.148,1250.384],[128,1317.5],[215,1333.5]],"c":true}]},{"i":{"x":0.667,"y":1},"o":{"x":0.333,"y":0},"t":34.167,"s":[{"i":[[0,0],[0,0],[0,0],[0,0],[0,0],[0,0],[0,0],[0,0],[0,0],[0,0],[0,0],[0,0]],"o":[[0,0],[0,0],[0,0],[0,0],[0,0],[0,0],[0,0],[0,0],[0,0],[0,0],[0,0],[0,0]],"v":[[218.5,1307],[145,1294],[264.091,1247.735],[255.538,1279.1],[245.821,1314.732],[296.917,1294.861],[304.041,1292.09],[294.836,1234.157],[215.724,1191.228],[115.148,1250.384],[128,1317.5],[215,1333.5]],"c":true}]},{"t":35,"s":[{"i":[[0,0],[0,0],[0,0],[0,0],[0,0],[0,0],[0,0],[0,0],[0,0],[0,0],[0,0],[0,0]],"o":[[0,0],[0,0],[0,0],[0,0],[0,0],[0,0],[0,0],[0,0],[0,0],[0,0],[0,0],[0,0]],"v":[[218.5,1307],[145,1294],[264.091,1247.735],[221.949,1334.695],[193.821,1343.732],[196.82,1355.037],[304.041,1292.09],[294.836,1234.157],[215.724,1191.228],[115.148,1250.384],[128,1317.5],[215,1333.5]],"c":true}]}],"ix":1},"o":{"a":0,"k":100,"ix":3},"x":{"a":0,"k":0,"ix":4},"nm":"蒙版 2"}],"sw":1080,"sh":1920,"sc":"#ffffff","ip":0,"op":450,"st":-50,"bm":0},{"ddd":0,"ind":2,"ty":5,"nm":"re_txt_来一场说走就走的旅行","sr":1,"ks":{"o":{"a":1,"k":[{"i":{"x":[0.833],"y":[0.833]},"o":{"x":[0.167],"y":[0.167]},"t":2,"s":[0]},{"t":25,"s":[100]}],"ix":11},"r":{"a":0,"k":0,"ix":10},"p":{"a":1,"k":[{"i":{"x":0.833,"y":0.833},"o":{"x":0.167,"y":0.167},"t":2,"s":[996.81,1291,0],"to":[-132.545,0,0],"ti":[65.099,0,0]},{"t":25,"s":[623.115,1291,0]}],"ix":2},"a":{"a":0,"k":[0,0,0],"ix":1},"s":{"a":0,"k":[100,100,100],"ix":6}},"ao":0,"t":{"d":{"k":[{"s":{"s":56,"f":"SourceHanSansCN-Regular","nm":"re_txt_来一场说走就走的旅行 2","t":"来一场说走就走的旅行","j":2,"tr":0,"lh":67.2,"ls":0,"fc":[1,1,1]},"t":0}]},"p":{},"m":{"g":1,"a":{"a":0,"k":[0,0],"ix":2}},"a":[]},"ip":0,"op":450,"st":-50,"bm":0},{"ddd":0,"ind":3,"ty":5,"nm":"re_txt_Day1","sr":1,"ks":{"o":{"a":1,"k":[{"i":{"x":[0.833],"y":[0.833]},"o":{"x":[0.167],"y":[0.167]},"t":2,"s":[0]},{"t":25,"s":[100]}],"ix":11},"r":{"a":0,"k":0,"ix":10},"p":{"a":1,"k":[{"i":{"x":0.833,"y":0.833},"o":{"x":0.167,"y":0.167},"t":2,"s":[85.23,1291,0],"to":[56.504,0,0],"ti":[-27.749,0,0]},{"t":25,"s":[217,1291,0]}],"ix":2},"a":{"a":0,"k":[0,0,0],"ix":1},"s":{"a":0,"k":[100,100,100],"ix":6}},"ao":0,"t":{"d":{"k":[{"s":{"s":48,"f":"SourceHanSansCN-Regular","nm":"re_txt_Day2","t":"Day1","j":2,"tr":0,"lh":57.6,"ls":0,"fc":[1,1,1]},"t":0}]},"p":{},"m":{"g":1,"a":{"a":0,"k":[0,0],"ix":2}},"a":[]},"ip":0,"op":450,"st":-50,"bm":0}]},{"id":"comp_4","layers":[{"ddd":0,"ind":1,"ty":2,"nm":"re_img_vid_0.jpg","cl":"jpg","refId":"image_0","sr":1,"ks":{"o":{"a":1,"k":[{"i":{"x":[0.833],"y":[0.833]},"o":{"x":[0.167],"y":[0.167]},"t":198,"s":[100]},{"t":205,"s":[0]}],"ix":11},"r":{"a":0,"k":0,"ix":10},"p":{"a":0,"k":[540,960,0],"ix":2},"a":{"a":0,"k":[540,354,0],"ix":1},"s":{"a":0,"k":[100,100,100],"ix":6}},"ao":0,"ip":0,"op":206,"st":55,"bm":0},{"ddd":0,"ind":2,"ty":2,"nm":"re_img_vid_1.jpg","cl":"jpg","refId":"image_1","sr":1,"ks":{"o":{"a":1,"k":[{"i":{"x":[0.833],"y":[0.833]},"o":{"x":[0.167],"y":[0.167]},"t":299,"s":[100]},{"t":306,"s":[0]}],"ix":11},"r":{"a":0,"k":0,"ix":10},"p":{"a":0,"k":[540,960,0],"ix":2},"a":{"a":0,"k":[540,354,0],"ix":1},"s":{"a":0,"k":[100,100,100],"ix":6}},"ao":0,"ip":197,"op":307,"st":156,"bm":0},{"ddd":0,"ind":3,"ty":2,"nm":"re_img_vid_2.jpg","cl":"jpg","refId":"image_2","sr":1,"ks":{"o":{"a":0,"k":100,"ix":11},"r":{"a":0,"k":0,"ix":10},"p":{"a":0,"k":[540,960,0],"ix":2},"a":{"a":0,"k":[540,354,0],"ix":1},"s":{"a":0,"k":[100,100,100],"ix":6}},"ao":0,"ip":299,"op":439,"st":287,"bm":0}]}],"fonts":{"list":[{"origin":0,"fPath":"C:\\Windows\\Fonts\\SOURCEHANSANSCN-REGULAR.OTF","fClass":"","fFamily":"Source Han Sans CN","fWeight":"","fStyle":"Regular","fName":"SourceHanSansCN-Regular","ascent":79.5989990234375,"u":"fonts/"},{"origin":0,"fPath":"C:\\Windows\\Fonts\\SOURCEHANSANSCN-EXTRALIGHT.OTF","fClass":"","fFamily":"Source Han Sans CN","fWeight":"","fStyle":"ExtraLight","fName":"SourceHanSansCN-ExtraLight","ascent":79.3991088867188,"u":"fonts/"},{"origin":0,"fPath":"C:\\Windows\\Fonts\\SOURCEHANSANSCN-MEDIUM.OTF","fClass":"","fFamily":"Source Han Sans CN","fWeight":"","fStyle":"Medium","fName":"SourceHanSansCN-Normal","ascent":79.5989990234375,"u":"fonts/"},{"origin":0,"fPath":"C:\\Windows\\Fonts\\SOURCEHANSANSCN-HEAVY.OTF","fClass":"","fFamily":"Source Han Sans CN","fWeight":"","fStyle":"Heavy","fName":"SourceHanSansCN-Heavy","ascent":79.8995971679688,"u":"fonts/"}]},"layers":[{"ddd":0,"ind":1,"ty":0,"nm":"爱心","refId":"comp_0","sr":1,"ks":{"o":{"a":0,"k":100,"ix":11},"r":{"a":0,"k":0,"ix":10},"p":{"a":0,"k":[540,1312,0],"ix":2},"a":{"a":0,"k":[540,960,0],"ix":1},"s":{"a":0,"k":[100,100,100],"ix":6}},"ao":0,"w":1080,"h":1920,"ip":108,"op":437,"st":108,"bm":0},{"ddd":0,"ind":2,"ty":0,"nm":"爱心","refId":"comp_0","sr":1,"ks":{"o":{"a":0,"k":100,"ix":11},"r":{"a":0,"k":0,"ix":10},"p":{"a":0,"k":[540,1116,0],"ix":2},"a":{"a":0,"k":[540,960,0],"ix":1},"s":{"a":0,"k":[100,100,100],"ix":6}},"ao":0,"w":1080,"h":1920,"ip":83,"op":437,"st":83,"bm":0},{"ddd":0,"ind":3,"ty":0,"nm":"爱心","refId":"comp_0","sr":1,"ks":{"o":{"a":0,"k":100,"ix":11},"r":{"a":0,"k":0,"ix":10},"p":{"a":0,"k":[540,960,0],"ix":2},"a":{"a":0,"k":[540,960,0],"ix":1},"s":{"a":0,"k":[100,100,100],"ix":6}},"ao":0,"w":1080,"h":1920,"ip":62,"op":437,"st":62,"bm":0},{"ddd":0,"ind":4,"ty":5,"nm":"tutuvideo","sr":1,"ks":{"o":{"a":0,"k":100,"ix":11},"r":{"a":0,"k":0,"ix":10},"p":{"a":0,"k":[538,1894,0],"ix":2},"a":{"a":0,"k":[0,0,0],"ix":1},"s":{"a":0,"k":[100,100,100],"ix":6}},"ao":0,"t":{"d":{"k":[{"s":{"s":36,"f":"SourceHanSansCN-Heavy","nm":"tutuvideo 2","t":"tutuvideo","j":2,"tr":1000,"lh":43.2,"ls":0,"fc":[1,1,1]},"t":0}]},"p":{},"m":{"g":1,"a":{"a":0,"k":[0,0],"ix":2}},"a":[]},"ip":0,"op":437,"st":0,"bm":0},{"ddd":0,"ind":5,"ty":0,"nm":"步骤3","refId":"comp_1","sr":1,"ks":{"o":{"a":0,"k":100,"ix":11},"r":{"a":0,"k":0,"ix":10},"p":{"a":0,"k":[540,1311,0],"ix":2},"a":{"a":0,"k":[540,960,0],"ix":1},"s":{"a":0,"k":[100,100,100],"ix":6}},"ao":0,"w":1080,"h":1920,"ip":99,"op":437,"st":99,"bm":0},{"ddd":0,"ind":6,"ty":0,"nm":"步骤2","refId":"comp_2","sr":1,"ks":{"o":{"a":0,"k":100,"ix":11},"r":{"a":0,"k":0,"ix":10},"p":{"a":0,"k":[540,1133,0],"ix":2},"a":{"a":0,"k":[540,960,0],"ix":1},"s":{"a":0,"k":[100,100,100],"ix":6}},"ao":0,"w":1080,"h":1920,"ip":75,"op":437,"st":75,"bm":0},{"ddd":0,"ind":7,"ty":0,"nm":"步骤1","refId":"comp_3","sr":1,"ks":{"o":{"a":0,"k":100,"ix":11},"r":{"a":0,"k":0,"ix":10},"p":{"a":0,"k":[540,960,0],"ix":2},"a":{"a":0,"k":[540,960,0],"ix":1},"s":{"a":0,"k":[100,100,100],"ix":6}},"ao":0,"w":1080,"h":1920,"ip":50,"op":437,"st":50,"bm":0},{"ddd":0,"ind":8,"ty":1,"nm":"白色 纯色 8","sr":1,"ks":{"o":{"a":0,"k":100,"ix":11},"r":{"a":0,"k":90,"ix":10},"p":{"a":0,"k":[43,463.5,0],"ix":2},"a":{"a":0,"k":[13,524.5,0],"ix":1},"s":{"a":0,"k":[100,100,100],"ix":6}},"ao":0,"hasMask":true,"masksProperties":[{"inv":false,"mode":"a","pt":{"a":1,"k":[{"i":{"x":0.833,"y":0.833},"o":{"x":0.167,"y":0.167},"t":55,"s":[{"i":[[0,0],[0,0],[0,0],[0,0]],"o":[[0,0],[0,0],[0,0],[0,0]],"v":[[13,519],[14,519],[14,530],[13,530]],"c":true}]},{"t":68,"s":[{"i":[[0,0],[0,0],[0,0],[0,0]],"o":[[0,0],[0,0],[0,0],[0,0]],"v":[[248,519.5],[14,519],[14,530],[248,530.5]],"c":true}]}],"ix":1},"o":{"a":0,"k":100,"ix":3},"x":{"a":0,"k":0,"ix":4},"nm":"蒙版 1"}],"sw":1080,"sh":1920,"sc":"#ffffff","ip":52,"op":437,"st":0,"bm":0},{"ddd":0,"ind":9,"ty":1,"nm":"白色 纯色 8","sr":1,"ks":{"o":{"a":0,"k":100,"ix":11},"r":{"a":0,"k":0,"ix":10},"p":{"a":0,"k":[536,934,0],"ix":2},"a":{"a":0,"k":[540,960,0],"ix":1},"s":{"a":0,"k":[100,100,100],"ix":6}},"ao":0,"hasMask":true,"masksProperties":[{"inv":false,"mode":"a","pt":{"a":1,"k":[{"i":{"x":0.833,"y":0.833},"o":{"x":0.167,"y":0.167},"t":55,"s":[{"i":[[0,0],[0,0],[0,0],[0,0]],"o":[[0,0],[0,0],[0,0],[0,0]],"v":[[13,519],[14,519],[14,530],[13,530]],"c":true}]},{"t":68,"s":[{"i":[[0,0],[0,0],[0,0],[0,0]],"o":[[0,0],[0,0],[0,0],[0,0]],"v":[[792,519],[14,519],[14,530],[792,530]],"c":true}]}],"ix":1},"o":{"a":0,"k":100,"ix":3},"x":{"a":0,"k":0,"ix":4},"nm":"蒙版 1"}],"sw":1080,"sh":1920,"sc":"#ffffff","ip":52,"op":437,"st":0,"bm":0},{"ddd":0,"ind":10,"ty":5,"nm":" re_txt_趣味.夏天","sr":1,"ks":{"o":{"a":1,"k":[{"i":{"x":[0.667],"y":[1]},"o":{"x":[0.333],"y":[0]},"t":57,"s":[0]},{"t":76,"s":[100]}],"ix":11},"r":{"a":0,"k":0,"ix":10},"p":{"a":1,"k":[{"i":{"x":0.667,"y":1},"o":{"x":0.333,"y":0},"t":57,"s":[534.937,269.446,0],"to":[0,-6.833,0],"ti":[0,6.833,0]},{"t":76,"s":[534.937,228.446,0]}],"ix":2},"a":{"a":0,"k":[7.956,-27.554,0],"ix":1},"s":{"a":0,"k":[100,100,100],"ix":6}},"ao":0,"t":{"d":{"k":[{"s":{"s":72,"f":"SourceHanSansCN-Normal","nm":" re_txt_趣味.夏天 2","t":" 趣味.夏天","j":2,"tr":0,"lh":86.4,"ls":0,"fc":[1,1,1]},"t":0}]},"p":{},"m":{"g":1,"a":{"a":0,"k":[0,0],"ix":2}},"a":[]},"ip":50,"op":437,"st":0,"bm":0},{"ddd":0,"ind":11,"ty":5,"nm":"re_txt_Happy summer","sr":1,"ks":{"o":{"a":1,"k":[{"i":{"x":[0.833],"y":[0.833]},"o":{"x":[0.167],"y":[0.167]},"t":9,"s":[0]},{"i":{"x":[0.833],"y":[0.833]},"o":{"x":[0.167],"y":[0.167]},"t":27,"s":[100]},{"i":{"x":[0.833],"y":[0.833]},"o":{"x":[0.167],"y":[0.167]},"t":43,"s":[100]},{"i":{"x":[0.833],"y":[0.833]},"o":{"x":[0.167],"y":[0.167]},"t":50,"s":[0]},{"i":{"x":[0.833],"y":[0.833]},"o":{"x":[0.167],"y":[0.167]},"t":53,"s":[0]},{"t":63,"s":[100]}],"ix":11},"r":{"a":0,"k":0,"ix":10},"p":{"a":1,"k":[{"i":{"x":0.833,"y":0.833},"o":{"x":0.167,"y":0.167},"t":43,"s":[536,1004,0],"to":[0,0,0],"ti":[0,0,0]},{"i":{"x":0.833,"y":0.833},"o":{"x":0.167,"y":0.167},"t":50,"s":[536,1046,0],"to":[0,0,0],"ti":[0,113.167,0]},{"t":51,"s":[536,367,0]}],"ix":2},"a":{"a":0,"k":[0,0,0],"ix":1},"s":{"a":1,"k":[{"i":{"x":[0.833,0.833,0.833],"y":[0.833,0.833,0.833]},"o":{"x":[0.167,0.167,0.167],"y":[0.167,0.167,0.167]},"t":9,"s":[80,80,100]},{"i":{"x":[0.833,0.833,0.833],"y":[0.833,0.833,0.833]},"o":{"x":[0.167,0.167,0.167],"y":[0.167,0.167,0.167]},"t":27,"s":[100,100,100]},{"i":{"x":[0.667,0.667,0.667],"y":[1,1,1]},"o":{"x":[0.167,0.167,0.167],"y":[0.167,0.167,-4.167]},"t":47,"s":[100,100,100]},{"i":{"x":[0.667,0.667,0.667],"y":[1,1,1]},"o":{"x":[0.333,0.333,0.333],"y":[0,0,0]},"t":53,"s":[60,60,100]},{"i":{"x":[0.667,0.667,0.667],"y":[1,1,1]},"o":{"x":[0.333,0.333,0.333],"y":[0,0,0]},"t":63,"s":[100,100,100]},{"t":73,"s":[90,90,100]}],"ix":6}},"ao":0,"t":{"d":{"k":[{"s":{"s":120,"f":"SourceHanSansCN-ExtraLight","nm":"re_txt_Happy summer 2","t":"Happy summer","j":2,"tr":0,"lh":144,"ls":0,"fc":[1,1,1]},"t":0}]},"p":{},"m":{"g":1,"a":{"a":0,"k":[0,0],"ix":2}},"a":[]},"ip":0,"op":437,"st":0,"bm":0},{"ddd":0,"ind":12,"ty":1,"nm":"下蓝","sr":1,"ks":{"o":{"a":0,"k":100,"ix":11},"r":{"a":0,"k":0,"ix":10},"p":{"a":0,"k":[540,960,0],"ix":2},"a":{"a":0,"k":[540,960,0],"ix":1},"s":{"a":0,"k":[100,-100,100],"ix":6}},"ao":0,"hasMask":true,"masksProperties":[{"inv":false,"mode":"a","pt":{"a":1,"k":[{"i":{"x":0.833,"y":0.833},"o":{"x":0.167,"y":0.167},"t":0,"s":[{"i":[[0,0],[0,0],[0,0],[0,0]],"o":[[0,0],[0,0],[0,0],[0,0]],"v":[[1088,-8],[-8,-8],[-8,964],[1088,964]],"c":true}]},{"t":50,"s":[{"i":[[0,0],[0,0],[0,0],[0,0]],"o":[[0,0],[0,0],[0,0],[0,0]],"v":[[1088,-8],[-8,-8],[-8,640],[1088,640]],"c":true}]}],"ix":1},"o":{"a":0,"k":100,"ix":3},"x":{"a":0,"k":0,"ix":4},"nm":"蒙版 1"}],"sw":1080,"sh":1920,"sc":"#b2cedc","ip":0,"op":437,"st":0,"bm":0},{"ddd":0,"ind":13,"ty":1,"nm":"上蓝","sr":1,"ks":{"o":{"a":1,"k":[{"i":{"x":[0.833],"y":[0.833]},"o":{"x":[0.167],"y":[0.167]},"t":49,"s":[100]},{"t":50,"s":[0]}],"ix":11},"r":{"a":0,"k":0,"ix":10},"p":{"a":0,"k":[540,960,0],"ix":2},"a":{"a":0,"k":[540,960,0],"ix":1},"s":{"a":0,"k":[100,100,100],"ix":6}},"ao":0,"hasMask":true,"masksProperties":[{"inv":false,"mode":"a","pt":{"a":1,"k":[{"i":{"x":0.833,"y":0.833},"o":{"x":0.167,"y":0.167},"t":0,"s":[{"i":[[0,0],[0,0],[0,0],[0,0]],"o":[[0,0],[0,0],[0,0],[0,0]],"v":[[1088,-8],[-8,-8],[-8,964],[1088,964]],"c":true}]},{"t":50,"s":[{"i":[[0,0],[0,0],[0,0],[0,0]],"o":[[0,0],[0,0],[0,0],[0,0]],"v":[[1088,-8],[-8,-8],[-8,640],[1088,640]],"c":true}]}],"ix":1},"o":{"a":0,"k":100,"ix":3},"x":{"a":0,"k":0,"ix":4},"nm":"蒙版 1"}],"sw":1080,"sh":1920,"sc":"#b2cedc","ip":0,"op":437,"st":0,"bm":0},{"ddd":0,"ind":14,"ty":1,"nm":"图片遮罩","td":1,"sr":1,"ks":{"o":{"a":0,"k":100,"ix":11},"r":{"a":0,"k":0,"ix":10},"p":{"a":1,"k":[{"i":{"x":0.833,"y":0.833},"o":{"x":0.167,"y":0.167},"t":50,"s":[540,960,0],"to":[0,-25.5,0],"ti":[0,25.5,0]},{"t":59,"s":[540,807,0]}],"ix":2},"a":{"a":0,"k":[540,960,0],"ix":1},"s":{"a":1,"k":[{"i":{"x":[0.833,0.833,0.833],"y":[0.833,0.833,0.833]},"o":{"x":[0.167,0.167,0.167],"y":[0.167,0.167,0.167]},"t":50,"s":[100,100,100]},{"t":59,"s":[85,85,100]}],"ix":6}},"ao":0,"hasMask":true,"masksProperties":[{"inv":false,"mode":"a","pt":{"a":0,"k":{"i":[[0,0],[0,0],[0,0],[0,0]],"o":[[0,0],[0,0],[0,0],[0,0]],"v":[[1092,636],[-8,636],[-8,1284],[1092,1284]],"c":true},"ix":1},"o":{"a":0,"k":100,"ix":3},"x":{"a":0,"k":0,"ix":4},"nm":"蒙版 1"}],"sw":1080,"sh":1920,"sc":"#000000","ip":0,"op":437,"st":0,"bm":0},{"ddd":0,"ind":15,"ty":0,"nm":"图片展示","parent":14,"tt":1,"refId":"comp_4","sr":1,"ks":{"o":{"a":0,"k":100,"ix":11},"r":{"a":0,"k":0,"ix":10},"p":{"a":0,"k":[540,960,0],"ix":2},"a":{"a":0,"k":[540,960,0],"ix":1},"s":{"a":0,"k":[100,100,100],"ix":6}},"ao":0,"w":1080,"h":1920,"ip":0,"op":437,"st":0,"bm":0},{"ddd":0,"ind":16,"ty":1,"nm":"浅色 品蓝色 纯色 2","sr":1,"ks":{"o":{"a":0,"k":100,"ix":11},"r":{"a":0,"k":0,"ix":10},"p":{"a":0,"k":[540,960,0],"ix":2},"a":{"a":0,"k":[540,960,0],"ix":1},"s":{"a":0,"k":[100,100,100],"ix":6}},"ao":0,"sw":1080,"sh":1920,"sc":"#b2cedc","ip":0,"op":437,"st":0,"bm":0},{"ddd":0,"ind":17,"ty":6,"nm":"5a2e37472749c.mp3","cl":"mp3","refId":"audio_0","sr":1,"ks":{"o":{"a":0,"k":100,"ix":11},"r":{"a":0,"k":0,"ix":10},"p":{"a":0,"k":[540,960,0],"ix":2},"a":{"a":0,"k":[0.5,0.5,0],"ix":1},"s":{"a":0,"k":[100,100,100],"ix":6}},"ao":0,"ip":0,"op":921,"st":0,"bm":0}],"markers":[]}