{"tv":"1.0.0","fix":"tutucloud.com","v":"5.5.5","fr":25,"ip":0,"op":521,"w":1080,"h":1920,"nm":"wedding day","ddd":0,"assets":[{"ty":2,"id":"audio_0","u":"audios/","p":"audio_0.mp3","e":0,"nm":"cello song.mp3","du":60.0816326530612},{"ty":1,"id":"image_0","w":300,"h":37,"u":"images/","p":"img_0.png","e":0,"nm":"诚邀您的到来"},{"ty":1,"id":"image_1","w":298,"h":62,"u":"images/","p":"img_1.png","e":0,"nm":"weeding绿色.png"},{"ty":1,"id":"image_2","w":1080,"h":1920,"u":"images/","p":"img_2.png","e":0,"nm":"re_img_9"},{"ty":1,"id":"image_3","w":1080,"h":1350,"u":"images/","p":"img_3.png","e":0,"nm":"re_img_2"},{"ty":1,"id":"image_4","w":1000,"h":630,"u":"images/","p":"img_4.png","e":0,"nm":"re_img_6"},{"ty":1,"id":"image_5","w":1080,"h":1920,"u":"images/","p":"img_5.png","e":0,"nm":"re_img_5"},{"ty":1,"id":"image_6","w":940,"h":1620,"u":"images/","p":"img_6.png","e":0,"nm":"re_img_1"},{"ty":1,"id":"image_7","w":970,"h":1130,"u":"images/","p":"img_7.png","e":0,"nm":"re_img_7"},{"ty":1,"id":"image_8","w":970,"h":1400,"u":"images/","p":"img_8.png","e":0,"nm":"re_img_8"},{"ty":1,"id":"image_9","w":860,"h":1920,"u":"images/","p":"img_9.png","e":0,"nm":"re_img_4"},{"ty":1,"id":"image_10","w":1080,"h":1350,"u":"images/","p":"img_10.png","e":0,"nm":"re_img_3"},{"ty":1,"id":"image_11","w":298,"h":62,"u":"images/","p":"img_11.png","e":0,"nm":"weeding.png"},{"ty":1,"id":"image_12","w":391,"h":48,"u":"images/","p":"img_12.png","e":0,"nm":"诚邀您的到来"},{"ty":1,"id":"image_13","w":1080,"h":1350,"u":"images/","p":"img_13.png","e":0,"nm":"re_img_1"},{"ty":1,"id":"image_14","w":54,"h":56,"u":"images/","p":"img_14.png","e":0,"nm":"X.png"},{"ty":1,"id":"image_15","w":181,"h":92,"u":"images/","p":"img_15.png","e":0,"nm":"条形码.png"},{"ty":1,"id":"image_16","w":116,"h":27,"u":"images/","p":"img_16.png","e":0,"nm":"vol.520.png"},{"ty":1,"id":"image_17","w":1000,"h":1250,"u":"images/","p":"img_17.png","e":0,"nm":"re-img_0"},{"id":"comp_0","layers":[{"ddd":0,"ind":1,"ty":5,"nm":"re_txt_张大华","sr":1,"ks":{"o":{"a":0,"k":100,"ix":11},"r":{"a":0,"k":0,"ix":10},"p":{"a":1,"k":[{"i":{"x":0.667,"y":1},"o":{"x":0.333,"y":0},"t":44,"s":[962.688,-30.792,0],"to":[0,21.578,0],"ti":[0,-21.577,0]},{"t":59,"s":[962.688,324.208,0]}],"ix":2},"a":{"a":0,"k":[0,0,0],"ix":1},"s":{"a":0,"k":[76.024,76.024,100],"ix":6}},"ao":0,"t":{"d":{"k":[{"s":{"s":150,"f":"SourceHanSansCN-Regular","nm":"re_txt_张大华 2","t":"张大华","j":1,"tr":0,"lh":180,"ls":0,"fc":[1,1,1]},"t":0}]},"p":{},"m":{"g":1,"a":{"a":0,"k":[0,0],"ix":2}},"a":[]},"ip":44,"op":75,"st":44,"bm":0},{"ddd":0,"ind":2,"ty":1,"nm":"白色 纯色 4","sr":1,"ks":{"o":{"a":0,"k":100,"ix":11},"r":{"a":0,"k":0,"ix":10},"p":{"a":0,"k":[540,960,0],"ix":2},"a":{"a":0,"k":[540,960,0],"ix":1},"s":{"a":0,"k":[100,100,100],"ix":6}},"ao":0,"hasMask":true,"masksProperties":[{"inv":false,"mode":"a","pt":{"a":0,"k":{"i":[[0,0],[0,0],[0,0],[0,0]],"o":[[0,0],[0,0],[0,0],[0,0]],"v":[[946,420.5],[935,420.5],[935,636.5],[946,636.5]],"c":true},"ix":1},"o":{"a":0,"k":100,"ix":3},"x":{"a":0,"k":0,"ix":4},"nm":"蒙版 1"}],"sw":1080,"sh":1920,"sc":"#ffffff","ip":66,"op":75,"st":66,"bm":0},{"ddd":0,"ind":3,"ty":5,"nm":"re_txt_bridegroom","sr":1,"ks":{"o":{"a":0,"k":100,"ix":11},"r":{"a":0,"k":0,"ix":10},"p":{"a":0,"k":[693.5,204.562,0],"ix":2},"a":{"a":0,"k":[0,0,0],"ix":1},"s":{"a":0,"k":[100,100,100],"ix":6}},"ao":0,"t":{"d":{"k":[{"s":{"s":87,"f":"SourceHanSansCN-Bold","nm":"re_txt_bridegroom 2","t":"BRIDEGROOM","j":2,"tr":-50,"lh":104.4,"ls":0,"fc":[1,1,1]},"t":0}]},"p":{},"m":{"g":1,"a":{"a":0,"k":[0,0],"ix":2}},"a":[]},"ip":44,"op":75,"st":44,"bm":0},{"ddd":0,"ind":4,"ty":5,"nm":"re_txt_brioe","sr":1,"ks":{"o":{"a":0,"k":100,"ix":11},"r":{"a":0,"k":0,"ix":10},"p":{"a":0,"k":[847.5,812.5,0],"ix":2},"a":{"a":0,"k":[0,0,0],"ix":1},"s":{"a":0,"k":[100,100,100],"ix":6}},"ao":0,"t":{"d":{"k":[{"s":{"s":87,"f":"SourceHanSansCN-Bold","nm":"re_txt_brioe 2","t":"BRIOE","j":2,"tr":-50,"lh":104.4,"ls":0,"fc":[1,1,1]},"t":0}]},"p":{},"m":{"g":1,"a":{"a":0,"k":[0,0],"ix":2}},"a":[]},"ip":44,"op":75,"st":44,"bm":0},{"ddd":0,"ind":5,"ty":5,"nm":"re_txt_王晓芳","sr":1,"ks":{"o":{"a":0,"k":100,"ix":11},"r":{"a":0,"k":0,"ix":10},"p":{"a":1,"k":[{"i":{"x":0.667,"y":1},"o":{"x":0.333,"y":0},"t":56,"s":[1669.688,925.233,0],"to":[-30.209,0,0],"ti":[30.207,0,0]},{"t":71,"s":[962.688,925.233,0]}],"ix":2},"a":{"a":0,"k":[0,0,0],"ix":1},"s":{"a":0,"k":[76.024,76.024,100],"ix":6}},"ao":0,"t":{"d":{"k":[{"s":{"s":150,"f":"SourceHanSansCN-Regular","nm":"re_txt_王晓芳 2","t":"王晓芳","j":1,"tr":0,"lh":180,"ls":0,"fc":[1,1,1]},"t":0}]},"p":{},"m":{"g":1,"a":{"a":0,"k":[0,0],"ix":2}},"a":[]},"ip":44,"op":75,"st":44,"bm":0},{"ddd":0,"ind":6,"ty":0,"nm":"诚邀到来","refId":"comp_1","sr":1,"ks":{"o":{"a":0,"k":100,"ix":11},"r":{"a":0,"k":0,"ix":10},"p":{"a":0,"k":[540,960,0],"ix":2},"a":{"a":0,"k":[540,960,0],"ix":1},"s":{"a":0,"k":[100,100,100],"ix":6}},"ao":0,"w":1080,"h":1920,"ip":0,"op":75,"st":0,"bm":0},{"ddd":0,"ind":7,"ty":1,"nm":"深 青绿色 纯色 1","sr":1,"ks":{"o":{"a":0,"k":70,"ix":11},"r":{"a":0,"k":0,"ix":10},"p":{"a":0,"k":[540,960,0],"ix":2},"a":{"a":0,"k":[540,960,0],"ix":1},"s":{"a":0,"k":[100,100,100],"ix":6}},"ao":0,"hasMask":true,"masksProperties":[{"inv":false,"mode":"a","pt":{"a":1,"k":[{"i":{"x":0.833,"y":0.833},"o":{"x":0.167,"y":0.167},"t":18,"s":[{"i":[[0,0],[0,0],[0,0],[0,0]],"o":[[0,0],[0,0],[0,0],[0,0]],"v":[[1304,1953.333],[-148,1953.333],[-144,2164],[1308,2164]],"c":true}]},{"t":30,"s":[{"i":[[0,0],[0,0],[0,0],[0,0]],"o":[[0,0],[0,0],[0,0],[0,0]],"v":[[1304,-86.666],[-148,-86.666],[-144,2164],[1308,2164]],"c":true}]}],"ix":1},"o":{"a":0,"k":100,"ix":3},"x":{"a":0,"k":0,"ix":4},"nm":"Mask 2"}],"sw":1080,"sh":1920,"sc":"#1a986d","ip":0,"op":75,"st":0,"bm":0},{"ddd":0,"ind":8,"ty":0,"nm":"P26","refId":"comp_3","sr":1,"ks":{"o":{"a":0,"k":100,"ix":11},"r":{"a":0,"k":0,"ix":10},"p":{"a":1,"k":[{"i":{"x":0.667,"y":1},"o":{"x":0.333,"y":0},"t":0,"s":[540,1346,0],"to":[0,-25.681,0],"ti":[0,22.333,0]},{"t":16,"s":[540,960,0]}],"ix":2},"a":{"a":0,"k":[540,960,0],"ix":1},"s":{"a":0,"k":[100,100,100],"ix":6}},"ao":0,"w":1080,"h":1920,"ip":0,"op":75,"st":0,"bm":0}]},{"id":"comp_1","layers":[{"ddd":0,"ind":1,"ty":0,"nm":"组 2","refId":"comp_2","sr":1,"ks":{"o":{"a":0,"k":100,"ix":11},"r":{"a":0,"k":0,"ix":10},"p":{"a":0,"k":[188,1904,0],"ix":2},"a":{"a":0,"k":[540,960,0],"ix":1},"s":{"a":0,"k":[100,100,100],"ix":6}},"ao":0,"ef":[{"ty":21,"nm":"填充","np":9,"mn":"ADBE Fill","ix":1,"en":1,"ef":[{"ty":10,"nm":"填充蒙版","mn":"ADBE Fill-0001","ix":1,"v":{"a":0,"k":0,"ix":1}},{"ty":7,"nm":"所有蒙版","mn":"ADBE Fill-0007","ix":2,"v":{"a":0,"k":0,"ix":2}},{"ty":2,"nm":"颜色","mn":"ADBE Fill-0002","ix":3,"v":{"a":0,"k":[0.309803932905,0.600000023842,0.501960813999,1],"ix":3}},{"ty":7,"nm":"反转","mn":"ADBE Fill-0006","ix":4,"v":{"a":0,"k":0,"ix":4}},{"ty":0,"nm":"水平羽化","mn":"ADBE Fill-0003","ix":5,"v":{"a":0,"k":0,"ix":5}},{"ty":0,"nm":"垂直羽化","mn":"ADBE Fill-0004","ix":6,"v":{"a":0,"k":0,"ix":6}},{"ty":0,"nm":"不透明度","mn":"ADBE Fill-0005","ix":7,"v":{"a":0,"k":1,"ix":7}}]}],"w":1080,"h":1920,"ip":35,"op":161,"st":35,"bm":0},{"ddd":0,"ind":2,"ty":1,"nm":"白色 纯色 2","sr":1,"ks":{"o":{"a":0,"k":100,"ix":11},"r":{"a":0,"k":0,"ix":10},"p":{"a":0,"k":[540,960,0],"ix":2},"a":{"a":0,"k":[540,960,0],"ix":1},"s":{"a":0,"k":[100,100,100],"ix":6}},"ao":0,"hasMask":true,"masksProperties":[{"inv":false,"mode":"a","pt":{"a":0,"k":{"i":[[0,0],[0,0],[0,0],[0,0]],"o":[[0,0],[0,0],[0,0],[0,0]],"v":[[358,1130],[29,1130],[28,1350],[357,1350]],"c":true},"ix":1},"o":{"a":0,"k":100,"ix":3},"x":{"a":0,"k":0,"ix":4},"nm":"蒙版 1"}],"sw":1080,"sh":1920,"sc":"#ffffff","ip":35,"op":1286,"st":35,"bm":0}]},{"id":"comp_2","layers":[{"ddd":0,"ind":1,"ty":2,"nm":"诚邀您的到来","refId":"image_0","sr":1,"ks":{"o":{"a":0,"k":100,"ix":11},"r":{"a":0,"k":0,"ix":10},"p":{"a":1,"k":[{"i":{"x":0.667,"y":1},"o":{"x":0.333,"y":0},"t":5,"s":[-185,332,0],"to":[60.417,0,0],"ti":[-151.042,0,0]},{"i":{"x":0.667,"y":1},"o":{"x":0.333,"y":0},"t":10,"s":[177.501,332,0],"to":[151.041,0,0],"ti":[-60.417,0,0]},{"t":15,"s":[540,332,0]}],"ix":2},"a":{"a":0,"k":[150,18.5,0],"ix":1},"s":{"a":0,"k":[100,100,100],"ix":6}},"ao":0,"ip":5,"op":131,"st":5,"bm":0},{"ddd":0,"ind":2,"ty":2,"nm":"weeding绿色.png","cl":"png","refId":"image_1","sr":1,"ks":{"o":{"a":0,"k":100,"ix":11},"r":{"a":0,"k":0,"ix":10},"p":{"a":1,"k":[{"i":{"x":0.667,"y":1},"o":{"x":0.333,"y":0},"t":5,"s":[1235,265,0],"to":[-57.917,0,0],"ti":[144.792,0,0]},{"i":{"x":0.667,"y":1},"o":{"x":0.333,"y":0},"t":10,"s":[887.499,265,0],"to":[-144.791,0,0],"ti":[57.917,0,0]},{"t":15,"s":[540,265,0]}],"ix":2},"a":{"a":0,"k":[149,31,0],"ix":1},"s":{"a":0,"k":[77,77,100],"ix":6}},"ao":0,"ip":5,"op":126,"st":0,"bm":0},{"ddd":0,"ind":3,"ty":1,"nm":"中等灰色-青绿色 纯色 5","sr":1,"ks":{"o":{"a":0,"k":100,"ix":11},"r":{"a":0,"k":0,"ix":10},"p":{"a":0,"k":[540,960,0],"ix":2},"a":{"a":0,"k":[540,960,0],"ix":1},"s":{"a":0,"k":[100,100,100],"ix":6}},"ao":0,"hasMask":true,"masksProperties":[{"inv":false,"mode":"a","pt":{"a":0,"k":{"i":[[0,0],[0,0],[0,0],[0,0]],"o":[[0,0],[0,0],[0,0],[0,0]],"v":[[689,371],[392,371],[392,383.5],[689,383.5]],"c":true},"ix":1},"o":{"a":0,"k":100,"ix":3},"x":{"a":0,"k":0,"ix":4},"nm":"蒙版 1"}],"sw":1080,"sh":1920,"sc":"#4f9980","ip":0,"op":126,"st":0,"bm":0},{"ddd":0,"ind":4,"ty":1,"nm":"中等灰色-青绿色 纯色 4","sr":1,"ks":{"o":{"a":0,"k":100,"ix":11},"r":{"a":0,"k":0,"ix":10},"p":{"a":0,"k":[540,960,0],"ix":2},"a":{"a":0,"k":[540,960,0],"ix":1},"s":{"a":0,"k":[100,100,100],"ix":6}},"ao":0,"hasMask":true,"masksProperties":[{"inv":false,"mode":"a","pt":{"a":0,"k":{"i":[[0,0],[0,0],[0,0],[0,0]],"o":[[0,0],[0,0],[0,0],[0,0]],"v":[[689,206],[391.5,206],[391.5,216.75],[689,216.75]],"c":true},"ix":1},"o":{"a":0,"k":100,"ix":3},"x":{"a":0,"k":0,"ix":4},"nm":"蒙版 1"}],"sw":1080,"sh":1920,"sc":"#4f9980","ip":2,"op":128,"st":2,"bm":0}]},{"id":"comp_3","layers":[{"ddd":0,"ind":1,"ty":2,"nm":"re_img_9","refId":"image_2","sr":1,"ks":{"o":{"a":0,"k":100,"ix":11},"r":{"a":0,"k":0,"ix":10},"p":{"a":0,"k":[540,960,0],"ix":2},"a":{"a":0,"k":[540,960,0],"ix":1},"s":{"a":0,"k":[100,100,100],"ix":6}},"ao":0,"ip":0,"op":75,"st":0,"bm":0}]},{"id":"comp_4","layers":[{"ddd":0,"ind":1,"ty":0,"nm":"Pre-comp 2","refId":"comp_5","sr":1,"ks":{"o":{"a":0,"k":100,"ix":11},"r":{"a":0,"k":0,"ix":10},"p":{"a":0,"k":[2115.5,1302.5,0],"ix":2},"a":{"a":0,"k":[1500,960,0],"ix":1},"s":{"a":0,"k":[140,140,100],"ix":6}},"ao":0,"w":3000,"h":1920,"ip":0,"op":116,"st":0,"bm":0}]},{"id":"comp_5","layers":[{"ddd":0,"ind":1,"ty":0,"nm":"P08","refId":"comp_6","sr":1,"ks":{"o":{"a":0,"k":100,"ix":11},"r":{"a":0,"k":0,"ix":10},"p":{"a":1,"k":[{"i":{"x":0.667,"y":1},"o":{"x":0.333,"y":0},"t":3,"s":[118.328,-568.392,0],"to":[0,46.865,0],"ti":[0,-46.863,0]},{"t":20,"s":[118.328,169.608,0]}],"ix":2},"a":{"a":0,"k":[116.56,180.167,0],"ix":1},"s":{"a":0,"k":[72,72,100],"ix":6}},"ao":0,"w":940,"h":940,"ip":3,"op":136,"st":3,"bm":0},{"ddd":0,"ind":2,"ty":0,"nm":"P09","refId":"comp_7","sr":1,"ks":{"o":{"a":0,"k":100,"ix":11},"r":{"a":0,"k":0,"ix":10},"p":{"a":1,"k":[{"i":{"x":0.667,"y":1},"o":{"x":0.333,"y":0},"t":3,"s":[83,1556.703,0],"to":[0,-31.544,0],"ti":[0,36.26,0]},{"t":20,"s":[83,985.703,0]}],"ix":2},"a":{"a":0,"k":[113.333,318.938,0],"ix":1},"s":{"a":0,"k":[71,71,100],"ix":6}},"ao":0,"w":1000,"h":630,"ip":3,"op":136,"st":3,"bm":0},{"ddd":0,"ind":3,"ty":0,"nm":"P10","refId":"comp_8","sr":1,"ks":{"o":{"a":0,"k":100,"ix":11},"r":{"a":0,"k":0,"ix":10},"p":{"a":0,"k":[1097,622.2,0],"ix":2},"a":{"a":0,"k":[475,810,0],"ix":1},"s":{"a":0,"k":[72,72,100],"ix":6}},"ao":0,"w":950,"h":1620,"ip":0,"op":136,"st":0,"bm":0},{"ddd":0,"ind":4,"ty":0,"nm":"P11","refId":"comp_9","sr":1,"ks":{"o":{"a":0,"k":100,"ix":11},"r":{"a":0,"k":0,"ix":10},"p":{"a":0,"k":[1824,622.2,0],"ix":2},"a":{"a":0,"k":[470,810,0],"ix":1},"s":{"a":0,"k":[72,72,100],"ix":6}},"ao":0,"w":940,"h":1620,"ip":0,"op":136,"st":0,"bm":0},{"ddd":0,"ind":5,"ty":0,"nm":"P12","refId":"comp_10","sr":1,"ks":{"o":{"a":0,"k":100,"ix":11},"r":{"a":0,"k":0,"ix":10},"p":{"a":0,"k":[2556.6,445.8,0],"ix":2},"a":{"a":0,"k":[485,565,0],"ix":1},"s":{"a":0,"k":[71,71,100],"ix":6}},"ao":0,"w":970,"h":1130,"ip":0,"op":136,"st":0,"bm":0},{"ddd":0,"ind":6,"ty":0,"nm":"P13","refId":"comp_11","sr":1,"ks":{"o":{"a":0,"k":100,"ix":11},"r":{"a":0,"k":0,"ix":10},"p":{"a":0,"k":[2555.7,1388,0],"ix":2},"a":{"a":0,"k":[485,700,0],"ix":1},"s":{"a":0,"k":[71,71,100],"ix":6}},"ao":0,"w":970,"h":1400,"ip":0,"op":136,"st":0,"bm":0},{"ddd":0,"ind":7,"ty":1,"nm":"中等灰色-青绿色 纯色 6","sr":1,"ks":{"o":{"a":0,"k":100,"ix":11},"r":{"a":0,"k":0,"ix":10},"p":{"a":0,"k":[1500,960,0],"ix":2},"a":{"a":0,"k":[1500,960,0],"ix":1},"s":{"a":0,"k":[100,100,100],"ix":6}},"ao":0,"hasMask":true,"masksProperties":[{"inv":false,"mode":"a","pt":{"a":0,"k":{"i":[[0,0],[0,0],[0,0],[0,0]],"o":[[0,0],[0,0],[0,0],[0,0]],"v":[[198.094,382],[1436.094,382],[1436.094,1022],[198.094,1022]],"c":true},"ix":1},"o":{"a":0,"k":100,"ix":3},"x":{"a":0,"k":0,"ix":4},"nm":"Mask 1"},{"inv":false,"mode":"a","pt":{"a":0,"k":{"i":[[0,0],[0,0],[0,0],[0,0]],"o":[[0,0],[0,0],[0,0],[0,0]],"v":[[1949,-94],[2457,-94],[2457,1577],[1949,1577]],"c":true},"ix":1},"o":{"a":0,"k":100,"ix":3},"x":{"a":0,"k":0,"ix":4},"nm":"Mask 2"}],"sw":3000,"sh":1920,"sc":"#4f9980","ip":3,"op":136,"st":3,"bm":0},{"ddd":0,"ind":8,"ty":0,"nm":"文案","refId":"comp_12","sr":1,"ks":{"o":{"a":0,"k":100,"ix":11},"r":{"a":0,"k":-90,"ix":10},"p":{"a":0,"k":[664,1112,0],"ix":2},"a":{"a":0,"k":[1500,960,0],"ix":1},"s":{"a":0,"k":[160,160,100],"ix":6}},"ao":0,"w":3000,"h":1920,"ip":3,"op":136,"st":3,"bm":0}]},{"id":"comp_6","layers":[{"ddd":0,"ind":1,"ty":2,"nm":"re_img_2","refId":"image_3","sr":1,"ks":{"o":{"a":0,"k":100,"ix":11},"r":{"a":0,"k":0,"ix":10},"p":{"a":0,"k":[471,468.5,0],"ix":2},"a":{"a":0,"k":[540,675,0],"ix":1},"s":{"a":0,"k":[86.667,86.667,100],"ix":6}},"ao":0,"ip":0,"op":133,"st":0,"bm":0}]},{"id":"comp_7","layers":[{"ddd":0,"ind":1,"ty":2,"nm":"re_img_6","refId":"image_4","sr":1,"ks":{"o":{"a":0,"k":100,"ix":11},"r":{"a":0,"k":0,"ix":10},"p":{"a":0,"k":[500,315,0],"ix":2},"a":{"a":0,"k":[500,315,0],"ix":1},"s":{"a":0,"k":[100,100,100],"ix":6}},"ao":0,"ip":0,"op":133,"st":0,"bm":0}]},{"id":"comp_8","layers":[{"ddd":0,"ind":1,"ty":2,"nm":"re_img_5","refId":"image_5","sr":1,"ks":{"o":{"a":0,"k":100,"ix":11},"r":{"a":0,"k":0,"ix":10},"p":{"a":0,"k":[0,0,0],"ix":2},"a":{"a":0,"k":[0,0,0],"ix":1},"s":{"a":0,"k":[88,88,100],"ix":6}},"ao":0,"ip":0,"op":136,"st":0,"bm":0}]},{"id":"comp_9","layers":[{"ddd":0,"ind":1,"ty":2,"nm":"re_img_1","refId":"image_6","sr":1,"ks":{"o":{"a":0,"k":100,"ix":11},"r":{"a":0,"k":0,"ix":10},"p":{"a":0,"k":[470,810,0],"ix":2},"a":{"a":0,"k":[470,810,0],"ix":1},"s":{"a":0,"k":[100,100,100],"ix":6}},"ao":0,"ip":0,"op":137,"st":0,"bm":0}]},{"id":"comp_10","layers":[{"ddd":0,"ind":1,"ty":2,"nm":"re_img_7","refId":"image_7","sr":1,"ks":{"o":{"a":0,"k":100,"ix":11},"r":{"a":0,"k":0,"ix":10},"p":{"a":0,"k":[485,565,0],"ix":2},"a":{"a":0,"k":[485,565,0],"ix":1},"s":{"a":0,"k":[100,100,100],"ix":6}},"ao":0,"ip":0,"op":137,"st":0,"bm":0}]},{"id":"comp_11","layers":[{"ddd":0,"ind":1,"ty":2,"nm":"re_img_8","refId":"image_8","sr":1,"ks":{"o":{"a":0,"k":100,"ix":11},"r":{"a":0,"k":0,"ix":10},"p":{"a":0,"k":[485,700,0],"ix":2},"a":{"a":0,"k":[485,700,0],"ix":1},"s":{"a":0,"k":[100,100,100],"ix":6}},"ao":0,"ip":0,"op":137,"st":0,"bm":0}]},{"id":"comp_12","layers":[{"ddd":0,"ind":1,"ty":2,"nm":"诚邀您的到来","refId":"image_0","sr":1,"ks":{"o":{"a":0,"k":100,"ix":11},"r":{"a":0,"k":90,"ix":10},"p":{"a":0,"k":[1171,955,0],"ix":2},"a":{"a":0,"k":[150,18.5,0],"ix":1},"s":{"a":0,"k":[100,100,100],"ix":6}},"ao":0,"ip":5,"op":131,"st":5,"bm":0},{"ddd":0,"ind":2,"ty":2,"nm":"weeding绿色.png","cl":"png","refId":"image_1","sr":1,"ks":{"o":{"a":0,"k":100,"ix":11},"r":{"a":0,"k":90,"ix":10},"p":{"a":0,"k":[1231,944,0],"ix":2},"a":{"a":0,"k":[149,31,0],"ix":1},"s":{"a":0,"k":[77,77,100],"ix":6}},"ao":0,"ip":5,"op":126,"st":0,"bm":0},{"ddd":0,"ind":3,"ty":1,"nm":"中等灰色-青绿色 纯色 5","sr":1,"ks":{"o":{"a":0,"k":100,"ix":11},"r":{"a":0,"k":90,"ix":10},"p":{"a":0,"k":[539,959,0],"ix":2},"a":{"a":0,"k":[540,960,0],"ix":1},"s":{"a":0,"k":[100,100,100],"ix":6}},"ao":0,"hasMask":true,"masksProperties":[{"inv":false,"mode":"a","pt":{"a":0,"k":{"i":[[0,0],[0,0],[0,0],[0,0]],"o":[[0,0],[0,0],[0,0],[0,0]],"v":[[689,371],[392,371],[392,383.5],[689,383.5]],"c":true},"ix":1},"o":{"a":0,"k":100,"ix":3},"x":{"a":0,"k":0,"ix":4},"nm":"蒙版 1"}],"sw":1080,"sh":1920,"sc":"#4f9980","ip":0,"op":126,"st":0,"bm":0},{"ddd":0,"ind":4,"ty":1,"nm":"中等灰色-青绿色 纯色 4","sr":1,"ks":{"o":{"a":0,"k":100,"ix":11},"r":{"a":0,"k":90,"ix":10},"p":{"a":0,"k":[539,959,0],"ix":2},"a":{"a":0,"k":[540,960,0],"ix":1},"s":{"a":0,"k":[100,100,100],"ix":6}},"ao":0,"hasMask":true,"masksProperties":[{"inv":false,"mode":"a","pt":{"a":0,"k":{"i":[[0,0],[0,0],[0,0],[0,0]],"o":[[0,0],[0,0],[0,0],[0,0]],"v":[[689,206],[391.5,206],[391.5,216.75],[689,216.75]],"c":true},"ix":1},"o":{"a":0,"k":100,"ix":3},"x":{"a":0,"k":0,"ix":4},"nm":"蒙版 1"}],"sw":1080,"sh":1920,"sc":"#4f9980","ip":2,"op":128,"st":2,"bm":0}]},{"id":"comp_13","layers":[{"ddd":0,"ind":1,"ty":0,"nm":"文案1","refId":"comp_14","sr":1,"ks":{"o":{"a":0,"k":100,"ix":11},"r":{"a":0,"k":0,"ix":10},"p":{"a":0,"k":[540,1752,0],"ix":2},"a":{"a":0,"k":[540,960,0],"ix":1},"s":{"a":0,"k":[120,120,100],"ix":6}},"ao":0,"w":1080,"h":1920,"ip":0,"op":35,"st":0,"bm":0}]},{"id":"comp_14","layers":[{"ddd":0,"ind":1,"ty":2,"nm":"诚邀您的到来","refId":"image_0","sr":1,"ks":{"o":{"a":0,"k":100,"ix":11},"r":{"a":0,"k":0,"ix":10},"p":{"a":1,"k":[{"i":{"x":0.667,"y":1},"o":{"x":0.333,"y":0},"t":14,"s":[-185,332,0],"to":[60.417,0,0],"ti":[-151.042,0,0]},{"i":{"x":0.667,"y":1},"o":{"x":0.333,"y":0},"t":19,"s":[177.501,332,0],"to":[151.041,0,0],"ti":[-60.417,0,0]},{"t":24,"s":[540,332,0]}],"ix":2},"a":{"a":0,"k":[150,18.5,0],"ix":1},"s":{"a":0,"k":[100,100,100],"ix":6}},"ao":0,"ip":5,"op":131,"st":5,"bm":0},{"ddd":0,"ind":2,"ty":2,"nm":"weeding绿色.png","cl":"png","refId":"image_1","sr":1,"ks":{"o":{"a":0,"k":100,"ix":11},"r":{"a":0,"k":0,"ix":10},"p":{"a":1,"k":[{"i":{"x":0.667,"y":1},"o":{"x":0.333,"y":0},"t":19,"s":[1235,265,0],"to":[-57.917,0,0],"ti":[144.792,0,0]},{"i":{"x":0.667,"y":1},"o":{"x":0.333,"y":0},"t":24,"s":[887.499,265,0],"to":[-144.791,0,0],"ti":[57.917,0,0]},{"t":29,"s":[540,265,0]}],"ix":2},"a":{"a":0,"k":[149,31,0],"ix":1},"s":{"a":0,"k":[77,77,100],"ix":6}},"ao":0,"ip":5,"op":126,"st":0,"bm":0},{"ddd":0,"ind":3,"ty":1,"nm":"中等灰色-青绿色 纯色 5","sr":1,"ks":{"o":{"a":0,"k":100,"ix":11},"r":{"a":0,"k":0,"ix":10},"p":{"a":0,"k":[540,960,0],"ix":2},"a":{"a":0,"k":[540,960,0],"ix":1},"s":{"a":0,"k":[100,100,100],"ix":6}},"ao":0,"hasMask":true,"masksProperties":[{"inv":false,"mode":"a","pt":{"a":1,"k":[{"i":{"x":0.833,"y":0.833},"o":{"x":0.167,"y":0.167},"t":1,"s":[{"i":[[0,0],[0,0],[0,0],[0,0]],"o":[[0,0],[0,0],[0,0],[0,0]],"v":[[690,1719],[393,1719],[393,1731.5],[690,1731.5]],"c":true}]},{"t":16,"s":[{"i":[[0,0],[0,0],[0,0],[0,0]],"o":[[0,0],[0,0],[0,0],[0,0]],"v":[[689,371],[392,371],[392,383.5],[689,383.5]],"c":true}]}],"ix":1},"o":{"a":0,"k":100,"ix":3},"x":{"a":0,"k":0,"ix":4},"nm":"蒙版 1"}],"sw":1080,"sh":1920,"sc":"#4f9980","ip":0,"op":126,"st":0,"bm":0},{"ddd":0,"ind":4,"ty":1,"nm":"中等灰色-青绿色 纯色 4","sr":1,"ks":{"o":{"a":0,"k":100,"ix":11},"r":{"a":0,"k":0,"ix":10},"p":{"a":0,"k":[540,960,0],"ix":2},"a":{"a":0,"k":[540,960,0],"ix":1},"s":{"a":0,"k":[100,100,100],"ix":6}},"ao":0,"hasMask":true,"masksProperties":[{"inv":false,"mode":"a","pt":{"a":1,"k":[{"i":{"x":0.833,"y":0.833},"o":{"x":0.167,"y":0.167},"t":1,"s":[{"i":[[0,0],[0,0],[0,0],[0,0]],"o":[[0,0],[0,0],[0,0],[0,0]],"v":[[687.5,-611],[390,-611],[390,-600.25],[687.5,-600.25]],"c":true}]},{"t":15,"s":[{"i":[[0,0],[0,0],[0,0],[0,0]],"o":[[0,0],[0,0],[0,0],[0,0]],"v":[[689,206],[391.5,206],[391.5,216.75],[689,216.75]],"c":true}]}],"ix":1},"o":{"a":0,"k":100,"ix":3},"x":{"a":0,"k":0,"ix":4},"nm":"蒙版 1"}],"sw":1080,"sh":1920,"sc":"#4f9980","ip":1,"op":127,"st":1,"bm":0}]},{"id":"comp_15","layers":[{"ddd":0,"ind":1,"ty":0,"nm":"组 1 拷贝 3","refId":"comp_16","sr":1,"ks":{"o":{"a":0,"k":100,"ix":11},"r":{"a":0,"k":0,"ix":10},"p":{"a":1,"k":[{"i":{"x":0.833,"y":0.833},"o":{"x":0.167,"y":0.167},"t":18,"s":[1177,-204,0],"to":[0,68,0],"ti":[0,-68,0]},{"t":34,"s":[1177,204,0]}],"ix":2},"a":{"a":0,"k":[1500,960,0],"ix":1},"s":{"a":0,"k":[100,100,100],"ix":6}},"ao":0,"w":3000,"h":1920,"ip":12,"op":47,"st":12,"bm":0},{"ddd":0,"ind":2,"ty":0,"nm":"re_img_4","refId":"comp_17","sr":1,"ks":{"o":{"a":0,"k":100,"ix":11},"r":{"a":0,"k":0,"ix":10},"p":{"a":0,"k":[540,960,0],"ix":2},"a":{"a":0,"k":[540,960,0],"ix":1},"s":{"a":0,"k":[100,100,100],"ix":6}},"ao":0,"w":1080,"h":1920,"ip":0,"op":55,"st":0,"bm":0}]},{"id":"comp_16","layers":[{"ddd":0,"ind":1,"ty":2,"nm":"诚邀您的到来","refId":"image_0","sr":1,"ks":{"o":{"a":0,"k":100,"ix":11},"r":{"a":0,"k":90,"ix":10},"p":{"a":0,"k":[1171,955,0],"ix":2},"a":{"a":0,"k":[150,18.5,0],"ix":1},"s":{"a":0,"k":[100,100,100],"ix":6}},"ao":0,"ip":5,"op":131,"st":5,"bm":0},{"ddd":0,"ind":2,"ty":2,"nm":"weeding绿色.png","cl":"png","refId":"image_1","sr":1,"ks":{"o":{"a":0,"k":100,"ix":11},"r":{"a":0,"k":90,"ix":10},"p":{"a":0,"k":[1231,944,0],"ix":2},"a":{"a":0,"k":[149,31,0],"ix":1},"s":{"a":0,"k":[77,77,100],"ix":6}},"ao":0,"ip":5,"op":126,"st":0,"bm":0},{"ddd":0,"ind":3,"ty":1,"nm":"中等灰色-青绿色 纯色 5","sr":1,"ks":{"o":{"a":0,"k":100,"ix":11},"r":{"a":0,"k":90,"ix":10},"p":{"a":0,"k":[1121.75,959.5,0],"ix":2},"a":{"a":0,"k":[540.5,377.25,0],"ix":1},"s":{"a":0,"k":[100,100,100],"ix":6}},"ao":0,"hasMask":true,"masksProperties":[{"inv":false,"mode":"a","pt":{"a":0,"k":{"i":[[0,0],[0,0],[0,0],[0,0]],"o":[[0,0],[0,0],[0,0],[0,0]],"v":[[689,371],[392,371],[392,383.5],[689,383.5]],"c":true},"ix":1},"o":{"a":0,"k":100,"ix":3},"x":{"a":0,"k":0,"ix":4},"nm":"蒙版 1"}],"sw":1080,"sh":1920,"sc":"#4f9980","ip":0,"op":126,"st":0,"bm":0},{"ddd":0,"ind":4,"ty":1,"nm":"中等灰色-青绿色 纯色 4","sr":1,"ks":{"o":{"a":0,"k":100,"ix":11},"r":{"a":0,"k":90,"ix":10},"p":{"a":0,"k":[1287.625,959.25,0],"ix":2},"a":{"a":0,"k":[540.25,211.375,0],"ix":1},"s":{"a":0,"k":[100,100,100],"ix":6}},"ao":0,"hasMask":true,"masksProperties":[{"inv":false,"mode":"a","pt":{"a":0,"k":{"i":[[0,0],[0,0],[0,0],[0,0]],"o":[[0,0],[0,0],[0,0],[0,0]],"v":[[689,206],[391.5,206],[391.5,216.75],[689,216.75]],"c":true},"ix":1},"o":{"a":0,"k":100,"ix":3},"x":{"a":0,"k":0,"ix":4},"nm":"蒙版 1"}],"sw":1080,"sh":1920,"sc":"#4f9980","ip":2,"op":128,"st":2,"bm":0},{"ddd":0,"ind":5,"ty":1,"nm":"白色 纯色 2","sr":1,"ks":{"o":{"a":0,"k":100,"ix":11},"r":{"a":0,"k":90,"ix":10},"p":{"a":0,"k":[1205,958.5,0],"ix":2},"a":{"a":0,"k":[539.5,294,0],"ix":1},"s":{"a":0,"k":[100,100,100],"ix":6}},"ao":0,"hasMask":true,"masksProperties":[{"inv":false,"mode":"a","pt":{"a":0,"k":{"i":[[0,0],[0,0],[0,0],[0,0]],"o":[[0,0],[0,0],[0,0],[0,0]],"v":[[747,161],[332,161],[332,427],[747,427]],"c":true},"ix":1},"o":{"a":0,"k":100,"ix":3},"x":{"a":0,"k":0,"ix":4},"nm":"蒙版 1"}],"sw":1080,"sh":1920,"sc":"#ffffff","ip":0,"op":1251,"st":0,"bm":0}]},{"id":"comp_17","layers":[{"ddd":0,"ind":1,"ty":0,"nm":"P07","refId":"comp_18","sr":1,"ks":{"o":{"a":0,"k":100,"ix":11},"r":{"a":0,"k":0,"ix":10},"p":{"a":0,"k":[540,960,0],"ix":2},"a":{"a":0,"k":[540,960,0],"ix":1},"s":{"a":0,"k":[100,100,100],"ix":6}},"ao":0,"hasMask":true,"masksProperties":[{"inv":false,"mode":"a","pt":{"a":1,"k":[{"i":{"x":0.833,"y":0.833},"o":{"x":0.167,"y":0.167},"t":15,"s":[{"i":[[0,0],[0,0],[0,0],[0,0]],"o":[[0,0],[0,0],[0,0],[0,0]],"v":[[1112,936],[-28,936],[-28,980],[1112,980]],"c":true}]},{"t":31,"s":[{"i":[[0,0],[0,0],[0,0],[0,0]],"o":[[0,0],[0,0],[0,0],[0,0]],"v":[[1112,-36],[-28,-36],[-28,1952],[1112,1952]],"c":true}]}],"ix":1},"o":{"a":0,"k":100,"ix":3},"x":{"a":0,"k":0,"ix":4},"nm":"蒙版 1"}],"w":1080,"h":1920,"ip":14,"op":59,"st":14,"bm":0},{"ddd":0,"ind":2,"ty":0,"nm":"P07","refId":"comp_18","sr":1,"ks":{"o":{"a":0,"k":90,"ix":11},"r":{"a":0,"k":0,"ix":10},"p":{"a":0,"k":[540,960,0],"ix":2},"a":{"a":0,"k":[540,960,0],"ix":1},"s":{"a":0,"k":[100,100,100],"ix":6}},"ao":0,"hasMask":true,"masksProperties":[{"inv":false,"mode":"a","pt":{"a":1,"k":[{"i":{"x":0.833,"y":0.833},"o":{"x":0.167,"y":0.167},"t":13,"s":[{"i":[[0,0],[0,0],[0,0],[0,0]],"o":[[0,0],[0,0],[0,0],[0,0]],"v":[[1112,936],[-28,936],[-28,980],[1112,980]],"c":true}]},{"t":29,"s":[{"i":[[0,0],[0,0],[0,0],[0,0]],"o":[[0,0],[0,0],[0,0],[0,0]],"v":[[1112,-36],[-28,-36],[-28,1952],[1112,1952]],"c":true}]}],"ix":1},"o":{"a":0,"k":100,"ix":3},"x":{"a":0,"k":0,"ix":4},"nm":"蒙版 1"}],"w":1080,"h":1920,"ip":12,"op":59,"st":12,"bm":0},{"ddd":0,"ind":3,"ty":0,"nm":"P07","refId":"comp_18","sr":1,"ks":{"o":{"a":0,"k":80,"ix":11},"r":{"a":0,"k":0,"ix":10},"p":{"a":0,"k":[540,960,0],"ix":2},"a":{"a":0,"k":[540,960,0],"ix":1},"s":{"a":0,"k":[100,100,100],"ix":6}},"ao":0,"hasMask":true,"masksProperties":[{"inv":false,"mode":"a","pt":{"a":1,"k":[{"i":{"x":0.833,"y":0.833},"o":{"x":0.167,"y":0.167},"t":11,"s":[{"i":[[0,0],[0,0],[0,0],[0,0]],"o":[[0,0],[0,0],[0,0],[0,0]],"v":[[1112,936],[-28,936],[-28,980],[1112,980]],"c":true}]},{"t":27,"s":[{"i":[[0,0],[0,0],[0,0],[0,0]],"o":[[0,0],[0,0],[0,0],[0,0]],"v":[[1112,-36],[-28,-36],[-28,1952],[1112,1952]],"c":true}]}],"ix":1},"o":{"a":0,"k":100,"ix":3},"x":{"a":0,"k":0,"ix":4},"nm":"蒙版 1"}],"w":1080,"h":1920,"ip":10,"op":59,"st":10,"bm":0},{"ddd":0,"ind":4,"ty":0,"nm":"P07","refId":"comp_18","sr":1,"ks":{"o":{"a":0,"k":70,"ix":11},"r":{"a":0,"k":0,"ix":10},"p":{"a":0,"k":[540,960,0],"ix":2},"a":{"a":0,"k":[540,960,0],"ix":1},"s":{"a":0,"k":[100,100,100],"ix":6}},"ao":0,"hasMask":true,"masksProperties":[{"inv":false,"mode":"a","pt":{"a":1,"k":[{"i":{"x":0.833,"y":0.833},"o":{"x":0.167,"y":0.167},"t":9,"s":[{"i":[[0,0],[0,0],[0,0],[0,0]],"o":[[0,0],[0,0],[0,0],[0,0]],"v":[[1112,936],[-28,936],[-28,980],[1112,980]],"c":true}]},{"t":25,"s":[{"i":[[0,0],[0,0],[0,0],[0,0]],"o":[[0,0],[0,0],[0,0],[0,0]],"v":[[1112,-36],[-28,-36],[-28,1952],[1112,1952]],"c":true}]}],"ix":1},"o":{"a":0,"k":100,"ix":3},"x":{"a":0,"k":0,"ix":4},"nm":"蒙版 1"}],"w":1080,"h":1920,"ip":8,"op":58,"st":8,"bm":0},{"ddd":0,"ind":5,"ty":0,"nm":"P07","refId":"comp_18","sr":1,"ks":{"o":{"a":0,"k":60,"ix":11},"r":{"a":0,"k":0,"ix":10},"p":{"a":0,"k":[540,960,0],"ix":2},"a":{"a":0,"k":[540,960,0],"ix":1},"s":{"a":0,"k":[100,100,100],"ix":6}},"ao":0,"hasMask":true,"masksProperties":[{"inv":false,"mode":"a","pt":{"a":1,"k":[{"i":{"x":0.833,"y":0.833},"o":{"x":0.167,"y":0.167},"t":7,"s":[{"i":[[0,0],[0,0],[0,0],[0,0]],"o":[[0,0],[0,0],[0,0],[0,0]],"v":[[1112,936],[-28,936],[-28,980],[1112,980]],"c":true}]},{"t":23,"s":[{"i":[[0,0],[0,0],[0,0],[0,0]],"o":[[0,0],[0,0],[0,0],[0,0]],"v":[[1112,-36],[-28,-36],[-28,1952],[1112,1952]],"c":true}]}],"ix":1},"o":{"a":0,"k":100,"ix":3},"x":{"a":0,"k":0,"ix":4},"nm":"蒙版 1"}],"w":1080,"h":1920,"ip":6,"op":56,"st":6,"bm":0},{"ddd":0,"ind":6,"ty":0,"nm":"P07","refId":"comp_18","sr":1,"ks":{"o":{"a":0,"k":50,"ix":11},"r":{"a":0,"k":0,"ix":10},"p":{"a":0,"k":[540,960,0],"ix":2},"a":{"a":0,"k":[540,960,0],"ix":1},"s":{"a":0,"k":[100,100,100],"ix":6}},"ao":0,"hasMask":true,"masksProperties":[{"inv":false,"mode":"a","pt":{"a":1,"k":[{"i":{"x":0.833,"y":0.833},"o":{"x":0.167,"y":0.167},"t":5,"s":[{"i":[[0,0],[0,0],[0,0],[0,0]],"o":[[0,0],[0,0],[0,0],[0,0]],"v":[[1112,936],[-28,936],[-28,980],[1112,980]],"c":true}]},{"t":21,"s":[{"i":[[0,0],[0,0],[0,0],[0,0]],"o":[[0,0],[0,0],[0,0],[0,0]],"v":[[1112,-36],[-28,-36],[-28,1952],[1112,1952]],"c":true}]}],"ix":1},"o":{"a":0,"k":100,"ix":3},"x":{"a":0,"k":0,"ix":4},"nm":"蒙版 1"}],"w":1080,"h":1920,"ip":4,"op":54,"st":4,"bm":0},{"ddd":0,"ind":7,"ty":0,"nm":"P07","refId":"comp_18","sr":1,"ks":{"o":{"a":0,"k":40,"ix":11},"r":{"a":0,"k":0,"ix":10},"p":{"a":0,"k":[540,960,0],"ix":2},"a":{"a":0,"k":[540,960,0],"ix":1},"s":{"a":0,"k":[100,100,100],"ix":6}},"ao":0,"hasMask":true,"masksProperties":[{"inv":false,"mode":"a","pt":{"a":1,"k":[{"i":{"x":0.833,"y":0.833},"o":{"x":0.167,"y":0.167},"t":3,"s":[{"i":[[0,0],[0,0],[0,0],[0,0]],"o":[[0,0],[0,0],[0,0],[0,0]],"v":[[1112,936],[-28,936],[-28,980],[1112,980]],"c":true}]},{"t":19,"s":[{"i":[[0,0],[0,0],[0,0],[0,0]],"o":[[0,0],[0,0],[0,0],[0,0]],"v":[[1112,-36],[-28,-36],[-28,1952],[1112,1952]],"c":true}]}],"ix":1},"o":{"a":0,"k":100,"ix":3},"x":{"a":0,"k":0,"ix":4},"nm":"蒙版 1"}],"w":1080,"h":1920,"ip":2,"op":52,"st":2,"bm":0},{"ddd":0,"ind":8,"ty":0,"nm":"P07","refId":"comp_18","sr":1,"ks":{"o":{"a":0,"k":20,"ix":11},"r":{"a":0,"k":0,"ix":10},"p":{"a":0,"k":[540,960,0],"ix":2},"a":{"a":0,"k":[540,960,0],"ix":1},"s":{"a":0,"k":[100,100,100],"ix":6}},"ao":0,"hasMask":true,"masksProperties":[{"inv":false,"mode":"a","pt":{"a":1,"k":[{"i":{"x":0.833,"y":0.833},"o":{"x":0.167,"y":0.167},"t":1,"s":[{"i":[[0,0],[0,0],[0,0],[0,0]],"o":[[0,0],[0,0],[0,0],[0,0]],"v":[[1112,936],[-28,936],[-28,980],[1112,980]],"c":true}]},{"t":17,"s":[{"i":[[0,0],[0,0],[0,0],[0,0]],"o":[[0,0],[0,0],[0,0],[0,0]],"v":[[1112,-36],[-28,-36],[-28,1952],[1112,1952]],"c":true}]}],"ix":1},"o":{"a":0,"k":100,"ix":3},"x":{"a":0,"k":0,"ix":4},"nm":"蒙版 1"}],"w":1080,"h":1920,"ip":0,"op":50,"st":0,"bm":0}]},{"id":"comp_18","layers":[{"ddd":0,"ind":1,"ty":2,"nm":"re_img_5","refId":"image_5","sr":1,"ks":{"o":{"a":0,"k":100,"ix":11},"r":{"a":0,"k":0,"ix":10},"p":{"a":0,"k":[540,960,0],"ix":2},"a":{"a":0,"k":[540,960,0],"ix":1},"s":{"a":0,"k":[100,100,100],"ix":6}},"ao":0,"ip":0,"op":50,"st":0,"bm":0}]},{"id":"comp_19","layers":[{"ddd":0,"ind":1,"ty":0,"nm":"预合成 1","refId":"comp_20","sr":1,"ks":{"o":{"a":0,"k":100,"ix":11},"r":{"a":0,"k":0,"ix":10},"p":{"a":1,"k":[{"i":{"x":0.667,"y":1},"o":{"x":0.333,"y":0},"t":0,"s":[217,960,0],"to":[26.917,0,0],"ti":[-67.292,0,0]},{"i":{"x":0.667,"y":1},"o":{"x":0.333,"y":0},"t":5,"s":[378.5,960,0],"to":[67.292,0,0],"ti":[-26.917,0,0]},{"t":10,"s":[540,960,0]}],"ix":2},"a":{"a":0,"k":[540,960,0],"ix":1},"s":{"a":0,"k":[100,100,100],"ix":6}},"ao":0,"w":1080,"h":1920,"ip":0,"op":25,"st":0,"bm":0},{"ddd":0,"ind":2,"ty":0,"nm":"P05","refId":"comp_21","sr":1,"ks":{"o":{"a":0,"k":100,"ix":11},"r":{"a":0,"k":0,"ix":10},"p":{"a":1,"k":[{"t":-10,"s":[1521,960,0],"h":1},{"t":-5,"s":[1089.499,960,0],"h":1},{"i":{"x":0.667,"y":1},"o":{"x":0.333,"y":0},"t":0,"s":[1523.499,960,0],"to":[0,0,0],"ti":[0,0,0]},{"t":10,"s":[654.499,960,0]}],"ix":2},"a":{"a":0,"k":[430,960,0],"ix":1},"s":{"a":0,"k":[100,100,100],"ix":6}},"ao":0,"w":860,"h":1920,"ip":0,"op":25,"st":-10,"bm":0},{"ddd":0,"ind":3,"ty":1,"nm":"白色 纯色 3","sr":1,"ks":{"o":{"a":0,"k":100,"ix":11},"r":{"a":0,"k":0,"ix":10},"p":{"a":0,"k":[540,960,0],"ix":2},"a":{"a":0,"k":[540,960,0],"ix":1},"s":{"a":0,"k":[100,100,100],"ix":6}},"ao":0,"sw":1080,"sh":1920,"sc":"#ffffff","ip":0,"op":25,"st":0,"bm":0}]},{"id":"comp_20","layers":[{"ddd":0,"ind":1,"ty":2,"nm":"诚邀您的到来","refId":"image_0","sr":1,"ks":{"o":{"a":0,"k":100,"ix":11},"r":{"a":0,"k":90,"ix":10},"p":{"a":0,"k":[208,955,0],"ix":2},"a":{"a":0,"k":[150,18.5,0],"ix":1},"s":{"a":0,"k":[100,100,100],"ix":6}},"ao":0,"ip":5,"op":131,"st":5,"bm":0},{"ddd":0,"ind":2,"ty":2,"nm":"weeding绿色.png","cl":"png","refId":"image_1","sr":1,"ks":{"o":{"a":0,"k":100,"ix":11},"r":{"a":0,"k":90,"ix":10},"p":{"a":0,"k":[268,944,0],"ix":2},"a":{"a":0,"k":[149,31,0],"ix":1},"s":{"a":0,"k":[77,77,100],"ix":6}},"ao":0,"ip":5,"op":126,"st":0,"bm":0},{"ddd":0,"ind":3,"ty":1,"nm":"中等灰色-青绿色 纯色 5","sr":1,"ks":{"o":{"a":0,"k":100,"ix":11},"r":{"a":0,"k":90,"ix":10},"p":{"a":0,"k":[158.75,959.5,0],"ix":2},"a":{"a":0,"k":[540.5,377.25,0],"ix":1},"s":{"a":0,"k":[100,100,100],"ix":6}},"ao":0,"hasMask":true,"masksProperties":[{"inv":false,"mode":"a","pt":{"a":0,"k":{"i":[[0,0],[0,0],[0,0],[0,0]],"o":[[0,0],[0,0],[0,0],[0,0]],"v":[[689,371],[392,371],[392,383.5],[689,383.5]],"c":true},"ix":1},"o":{"a":0,"k":100,"ix":3},"x":{"a":0,"k":0,"ix":4},"nm":"蒙版 1"}],"sw":1080,"sh":1920,"sc":"#4f9980","ip":0,"op":126,"st":0,"bm":0},{"ddd":0,"ind":4,"ty":1,"nm":"中等灰色-青绿色 纯色 4","sr":1,"ks":{"o":{"a":0,"k":100,"ix":11},"r":{"a":0,"k":90,"ix":10},"p":{"a":0,"k":[324.625,959.25,0],"ix":2},"a":{"a":0,"k":[540.25,211.375,0],"ix":1},"s":{"a":0,"k":[100,100,100],"ix":6}},"ao":0,"hasMask":true,"masksProperties":[{"inv":false,"mode":"a","pt":{"a":0,"k":{"i":[[0,0],[0,0],[0,0],[0,0]],"o":[[0,0],[0,0],[0,0],[0,0]],"v":[[689,206],[391.5,206],[391.5,216.75],[689,216.75]],"c":true},"ix":1},"o":{"a":0,"k":100,"ix":3},"x":{"a":0,"k":0,"ix":4},"nm":"蒙版 1"}],"sw":1080,"sh":1920,"sc":"#4f9980","ip":2,"op":128,"st":2,"bm":0},{"ddd":0,"ind":5,"ty":1,"nm":"白色 纯色 2","sr":1,"ks":{"o":{"a":0,"k":100,"ix":11},"r":{"a":0,"k":90,"ix":10},"p":{"a":0,"k":[242,958.5,0],"ix":2},"a":{"a":0,"k":[539.5,294,0],"ix":1},"s":{"a":0,"k":[100,100,100],"ix":6}},"ao":0,"hasMask":true,"masksProperties":[{"inv":false,"mode":"a","pt":{"a":0,"k":{"i":[[0,0],[0,0],[0,0],[0,0]],"o":[[0,0],[0,0],[0,0],[0,0]],"v":[[747,161],[332,161],[332,427],[747,427]],"c":true},"ix":1},"o":{"a":0,"k":100,"ix":3},"x":{"a":0,"k":0,"ix":4},"nm":"蒙版 1"}],"sw":1080,"sh":1920,"sc":"#ffffff","ip":0,"op":1251,"st":0,"bm":0}]},{"id":"comp_21","layers":[{"ddd":0,"ind":1,"ty":2,"nm":"re_img_4","refId":"image_9","sr":1,"ks":{"o":{"a":0,"k":100,"ix":11},"r":{"a":0,"k":0,"ix":10},"p":{"a":0,"k":[430,960,0],"ix":2},"a":{"a":0,"k":[430,960,0],"ix":1},"s":{"a":0,"k":[100,100,100],"ix":6}},"ao":0,"ip":0,"op":35,"st":0,"bm":0}]},{"id":"comp_22","layers":[{"ddd":0,"ind":1,"ty":0,"nm":"组 1 拷贝","refId":"comp_23","sr":1,"ks":{"o":{"a":0,"k":100,"ix":11},"r":{"a":0,"k":0,"ix":10},"p":{"a":0,"k":[540,960,0],"ix":2},"a":{"a":0,"k":[540,960,0],"ix":1},"s":{"a":0,"k":[100,100,100],"ix":6}},"ao":0,"w":1080,"h":1920,"ip":5,"op":50,"st":5,"bm":0},{"ddd":0,"ind":2,"ty":0,"nm":"re_img_3","refId":"comp_24","sr":1,"ks":{"o":{"a":0,"k":100,"ix":11},"r":{"a":0,"k":0,"ix":10},"p":{"a":0,"k":[540,960,0],"ix":2},"a":{"a":0,"k":[540,960,0],"ix":1},"s":{"a":0,"k":[100,100,100],"ix":6}},"ao":0,"w":1080,"h":1920,"ip":0,"op":50,"st":0,"bm":0}]},{"id":"comp_23","layers":[{"ddd":0,"ind":1,"ty":0,"nm":"组 2","refId":"comp_2","sr":1,"ks":{"o":{"a":0,"k":100,"ix":11},"r":{"a":0,"k":0,"ix":10},"p":{"a":0,"k":[540,960,0],"ix":2},"a":{"a":0,"k":[540,960,0],"ix":1},"s":{"a":0,"k":[100,100,100],"ix":6}},"ao":0,"ef":[{"ty":21,"nm":"填充","np":9,"mn":"ADBE Fill","ix":1,"en":1,"ef":[{"ty":10,"nm":"填充蒙版","mn":"ADBE Fill-0001","ix":1,"v":{"a":0,"k":0,"ix":1}},{"ty":7,"nm":"所有蒙版","mn":"ADBE Fill-0007","ix":2,"v":{"a":0,"k":0,"ix":2}},{"ty":2,"nm":"颜色","mn":"ADBE Fill-0002","ix":3,"v":{"a":0,"k":[0.309803932905,0.600000023842,0.501960813999,1],"ix":3}},{"ty":7,"nm":"反转","mn":"ADBE Fill-0006","ix":4,"v":{"a":0,"k":0,"ix":4}},{"ty":0,"nm":"水平羽化","mn":"ADBE Fill-0003","ix":5,"v":{"a":0,"k":0,"ix":5}},{"ty":0,"nm":"垂直羽化","mn":"ADBE Fill-0004","ix":6,"v":{"a":0,"k":0,"ix":6}},{"ty":0,"nm":"不透明度","mn":"ADBE Fill-0005","ix":7,"v":{"a":0,"k":1,"ix":7}}]}],"w":1080,"h":1920,"ip":0,"op":126,"st":0,"bm":0},{"ddd":0,"ind":2,"ty":1,"nm":"白色 纯色 2","sr":1,"ks":{"o":{"a":0,"k":100,"ix":11},"r":{"a":0,"k":0,"ix":10},"p":{"a":0,"k":[540,960,0],"ix":2},"a":{"a":0,"k":[540,960,0],"ix":1},"s":{"a":0,"k":[100,100,100],"ix":6}},"ao":0,"hasMask":true,"masksProperties":[{"inv":false,"mode":"a","pt":{"a":0,"k":{"i":[[0,0],[0,0],[0,0],[0,0]],"o":[[0,0],[0,0],[0,0],[0,0]],"v":[[747,161],[332,161],[332,427],[747,427]],"c":true},"ix":1},"o":{"a":0,"k":100,"ix":3},"x":{"a":0,"k":0,"ix":4},"nm":"蒙版 1"}],"sw":1080,"sh":1920,"sc":"#ffffff","ip":0,"op":1251,"st":0,"bm":0}]},{"id":"comp_24","layers":[{"ddd":0,"ind":1,"ty":0,"nm":"P04","refId":"comp_25","sr":1,"ks":{"o":{"a":0,"k":100,"ix":11},"r":{"a":0,"k":0,"ix":10},"p":{"a":0,"k":[540,1259,0],"ix":2},"a":{"a":0,"k":[540,675,0],"ix":1},"s":{"a":0,"k":[100,100,100],"ix":6}},"ao":0,"hasMask":true,"masksProperties":[{"inv":false,"mode":"a","pt":{"a":1,"k":[{"i":{"x":0.833,"y":0.833},"o":{"x":0.167,"y":0.167},"t":13,"s":[{"i":[[0,0],[0,0],[0,0],[0,0]],"o":[[0,0],[0,0],[0,0],[0,0]],"v":[[576,-8],[512,-8],[512,1360],[576,1360]],"c":true}]},{"t":29,"s":[{"i":[[0,0],[0,0],[0,0],[0,0]],"o":[[0,0],[0,0],[0,0],[0,0]],"v":[[1104,-8],[-16,-8],[-16,1360],[1104,1360]],"c":true}]}],"ix":1},"o":{"a":0,"k":100,"ix":3},"x":{"a":0,"k":0,"ix":4},"nm":"蒙版 1"}],"w":1080,"h":1350,"ip":12,"op":50,"st":12,"bm":0},{"ddd":0,"ind":2,"ty":0,"nm":"P04","refId":"comp_25","sr":1,"ks":{"o":{"a":0,"k":90,"ix":11},"r":{"a":0,"k":0,"ix":10},"p":{"a":0,"k":[540,1259,0],"ix":2},"a":{"a":0,"k":[540,675,0],"ix":1},"s":{"a":0,"k":[100,100,100],"ix":6}},"ao":0,"hasMask":true,"masksProperties":[{"inv":false,"mode":"a","pt":{"a":1,"k":[{"i":{"x":0.833,"y":0.833},"o":{"x":0.167,"y":0.167},"t":11,"s":[{"i":[[0,0],[0,0],[0,0],[0,0]],"o":[[0,0],[0,0],[0,0],[0,0]],"v":[[576,-8],[512,-8],[512,1360],[576,1360]],"c":true}]},{"t":27,"s":[{"i":[[0,0],[0,0],[0,0],[0,0]],"o":[[0,0],[0,0],[0,0],[0,0]],"v":[[1104,-8],[-16,-8],[-16,1360],[1104,1360]],"c":true}]}],"ix":1},"o":{"a":0,"k":100,"ix":3},"x":{"a":0,"k":0,"ix":4},"nm":"蒙版 1"}],"w":1080,"h":1350,"ip":10,"op":50,"st":10,"bm":0},{"ddd":0,"ind":3,"ty":0,"nm":"P04","refId":"comp_25","sr":1,"ks":{"o":{"a":0,"k":80,"ix":11},"r":{"a":0,"k":0,"ix":10},"p":{"a":0,"k":[540,1259,0],"ix":2},"a":{"a":0,"k":[540,675,0],"ix":1},"s":{"a":0,"k":[100,100,100],"ix":6}},"ao":0,"hasMask":true,"masksProperties":[{"inv":false,"mode":"a","pt":{"a":1,"k":[{"i":{"x":0.833,"y":0.833},"o":{"x":0.167,"y":0.167},"t":9,"s":[{"i":[[0,0],[0,0],[0,0],[0,0]],"o":[[0,0],[0,0],[0,0],[0,0]],"v":[[576,-8],[512,-8],[512,1360],[576,1360]],"c":true}]},{"t":25,"s":[{"i":[[0,0],[0,0],[0,0],[0,0]],"o":[[0,0],[0,0],[0,0],[0,0]],"v":[[1104,-8],[-16,-8],[-16,1360],[1104,1360]],"c":true}]}],"ix":1},"o":{"a":0,"k":100,"ix":3},"x":{"a":0,"k":0,"ix":4},"nm":"蒙版 1"}],"w":1080,"h":1350,"ip":8,"op":48,"st":8,"bm":0},{"ddd":0,"ind":4,"ty":0,"nm":"P04","refId":"comp_25","sr":1,"ks":{"o":{"a":0,"k":70,"ix":11},"r":{"a":0,"k":0,"ix":10},"p":{"a":0,"k":[540,1259,0],"ix":2},"a":{"a":0,"k":[540,675,0],"ix":1},"s":{"a":0,"k":[100,100,100],"ix":6}},"ao":0,"hasMask":true,"masksProperties":[{"inv":false,"mode":"a","pt":{"a":1,"k":[{"i":{"x":0.833,"y":0.833},"o":{"x":0.167,"y":0.167},"t":7,"s":[{"i":[[0,0],[0,0],[0,0],[0,0]],"o":[[0,0],[0,0],[0,0],[0,0]],"v":[[576,-8],[512,-8],[512,1360],[576,1360]],"c":true}]},{"t":23,"s":[{"i":[[0,0],[0,0],[0,0],[0,0]],"o":[[0,0],[0,0],[0,0],[0,0]],"v":[[1104,-8],[-16,-8],[-16,1360],[1104,1360]],"c":true}]}],"ix":1},"o":{"a":0,"k":100,"ix":3},"x":{"a":0,"k":0,"ix":4},"nm":"蒙版 1"}],"w":1080,"h":1350,"ip":6,"op":46,"st":6,"bm":0},{"ddd":0,"ind":5,"ty":0,"nm":"P04","refId":"comp_25","sr":1,"ks":{"o":{"a":0,"k":60,"ix":11},"r":{"a":0,"k":0,"ix":10},"p":{"a":0,"k":[540,1259,0],"ix":2},"a":{"a":0,"k":[540,675,0],"ix":1},"s":{"a":0,"k":[100,100,100],"ix":6}},"ao":0,"hasMask":true,"masksProperties":[{"inv":false,"mode":"a","pt":{"a":1,"k":[{"i":{"x":0.833,"y":0.833},"o":{"x":0.167,"y":0.167},"t":5,"s":[{"i":[[0,0],[0,0],[0,0],[0,0]],"o":[[0,0],[0,0],[0,0],[0,0]],"v":[[576,-8],[512,-8],[512,1360],[576,1360]],"c":true}]},{"t":21,"s":[{"i":[[0,0],[0,0],[0,0],[0,0]],"o":[[0,0],[0,0],[0,0],[0,0]],"v":[[1104,-8],[-16,-8],[-16,1360],[1104,1360]],"c":true}]}],"ix":1},"o":{"a":0,"k":100,"ix":3},"x":{"a":0,"k":0,"ix":4},"nm":"蒙版 1"}],"w":1080,"h":1350,"ip":4,"op":44,"st":4,"bm":0},{"ddd":0,"ind":6,"ty":0,"nm":"P04","refId":"comp_25","sr":1,"ks":{"o":{"a":0,"k":40,"ix":11},"r":{"a":0,"k":0,"ix":10},"p":{"a":0,"k":[540,1259,0],"ix":2},"a":{"a":0,"k":[540,675,0],"ix":1},"s":{"a":0,"k":[100,100,100],"ix":6}},"ao":0,"hasMask":true,"masksProperties":[{"inv":false,"mode":"a","pt":{"a":1,"k":[{"i":{"x":0.833,"y":0.833},"o":{"x":0.167,"y":0.167},"t":3,"s":[{"i":[[0,0],[0,0],[0,0],[0,0]],"o":[[0,0],[0,0],[0,0],[0,0]],"v":[[576,-8],[512,-8],[512,1360],[576,1360]],"c":true}]},{"t":19,"s":[{"i":[[0,0],[0,0],[0,0],[0,0]],"o":[[0,0],[0,0],[0,0],[0,0]],"v":[[1104,-8],[-16,-8],[-16,1360],[1104,1360]],"c":true}]}],"ix":1},"o":{"a":0,"k":100,"ix":3},"x":{"a":0,"k":0,"ix":4},"nm":"蒙版 1"}],"w":1080,"h":1350,"ip":2,"op":42,"st":2,"bm":0},{"ddd":0,"ind":7,"ty":0,"nm":"P04","refId":"comp_25","sr":1,"ks":{"o":{"a":0,"k":20,"ix":11},"r":{"a":0,"k":0,"ix":10},"p":{"a":0,"k":[540,1259,0],"ix":2},"a":{"a":0,"k":[540,675,0],"ix":1},"s":{"a":0,"k":[100,100,100],"ix":6}},"ao":0,"hasMask":true,"masksProperties":[{"inv":false,"mode":"a","pt":{"a":1,"k":[{"i":{"x":0.833,"y":0.833},"o":{"x":0.167,"y":0.167},"t":1,"s":[{"i":[[0,0],[0,0],[0,0],[0,0]],"o":[[0,0],[0,0],[0,0],[0,0]],"v":[[576,-8],[512,-8],[512,1360],[576,1360]],"c":true}]},{"t":17,"s":[{"i":[[0,0],[0,0],[0,0],[0,0]],"o":[[0,0],[0,0],[0,0],[0,0]],"v":[[1104,-8],[-16,-8],[-16,1360],[1104,1360]],"c":true}]}],"ix":1},"o":{"a":0,"k":100,"ix":3},"x":{"a":0,"k":0,"ix":4},"nm":"蒙版 1"}],"w":1080,"h":1350,"ip":0,"op":40,"st":0,"bm":0}]},{"id":"comp_25","layers":[{"ddd":0,"ind":1,"ty":2,"nm":"re_img_3","refId":"image_10","sr":1,"ks":{"o":{"a":0,"k":100,"ix":11},"r":{"a":0,"k":0,"ix":10},"p":{"a":0,"k":[540,675,0],"ix":2},"a":{"a":0,"k":[540,675,0],"ix":1},"s":{"a":0,"k":[100,100,100],"ix":6}},"ao":0,"ip":0,"op":40,"st":0,"bm":0}]},{"id":"comp_26","layers":[{"ddd":0,"ind":1,"ty":0,"nm":"组 1 拷贝 2","refId":"comp_27","sr":1,"ks":{"o":{"a":0,"k":100,"ix":11},"r":{"a":0,"k":0,"ix":10},"p":{"a":0,"k":[540,960,0],"ix":2},"a":{"a":0,"k":[1500,960,0],"ix":1},"s":{"a":0,"k":[100,100,100],"ix":6}},"ao":0,"w":3000,"h":1920,"ip":5,"op":105,"st":5,"bm":0},{"ddd":0,"ind":2,"ty":0,"nm":"re_img_2","refId":"comp_28","sr":1,"ks":{"o":{"a":0,"k":100,"ix":11},"r":{"a":0,"k":0,"ix":10},"p":{"a":0,"k":[540,960,0],"ix":2},"a":{"a":0,"k":[540,960,0],"ix":1},"s":{"a":0,"k":[100,100,100],"ix":6}},"ao":0,"w":1080,"h":1920,"ip":50,"op":105,"st":50,"bm":0},{"ddd":0,"ind":3,"ty":0,"nm":"re_img_1","refId":"comp_30","sr":1,"ks":{"o":{"a":0,"k":100,"ix":11},"r":{"a":0,"k":0,"ix":10},"p":{"a":0,"k":[540,960,0],"ix":2},"a":{"a":0,"k":[540,960,0],"ix":1},"s":{"a":0,"k":[100,100,100],"ix":6}},"ao":0,"w":1080,"h":1920,"ip":14,"op":105,"st":14,"bm":0},{"ddd":0,"ind":4,"ty":1,"nm":"中等灰色-青绿色 纯色 3","sr":1,"ks":{"o":{"a":0,"k":100,"ix":11},"r":{"a":0,"k":0,"ix":10},"p":{"a":0,"k":[540,960,0],"ix":2},"a":{"a":0,"k":[540,960,0],"ix":1},"s":{"a":0,"k":[100,100,100],"ix":6}},"ao":0,"sw":1080,"sh":1920,"sc":"#7bb6a2","ip":0,"op":105,"st":0,"bm":0}]},{"id":"comp_27","layers":[{"ddd":0,"ind":1,"ty":2,"nm":"weeding.png","cl":"png","refId":"image_11","sr":1,"ks":{"o":{"a":0,"k":100,"ix":11},"r":{"a":0,"k":0,"ix":10},"p":{"a":0,"k":[1500,264,0],"ix":2},"a":{"a":0,"k":[149,31,0],"ix":1},"s":{"a":0,"k":[100,100,100],"ix":6}},"ao":0,"ip":0,"op":126,"st":0,"bm":0},{"ddd":0,"ind":2,"ty":1,"nm":"白色 纯色 1","sr":1,"ks":{"o":{"a":0,"k":100,"ix":11},"r":{"a":0,"k":0,"ix":10},"p":{"a":0,"k":[1500,960,0],"ix":2},"a":{"a":0,"k":[1500,960,0],"ix":1},"s":{"a":0,"k":[100,100,100],"ix":6}},"ao":0,"hasMask":true,"masksProperties":[{"inv":false,"mode":"i","pt":{"a":0,"k":{"i":[[0,0],[0,0],[0,0],[0,0]],"o":[[0,0],[0,0],[0,0],[0,0]],"v":[[1306.755,402.286],[1694.143,402.286],[1694.143,415],[1306.755,415]],"c":true},"ix":1},"o":{"a":0,"k":100,"ix":3},"x":{"a":0,"k":0,"ix":4},"nm":"Mask 1"}],"sw":3000,"sh":1920,"sc":"#ffffff","ip":3,"op":129,"st":3,"bm":0},{"ddd":0,"ind":3,"ty":1,"nm":"白色 纯色 1","sr":1,"ks":{"o":{"a":0,"k":100,"ix":11},"r":{"a":0,"k":0,"ix":10},"p":{"a":0,"k":[1500,960,0],"ix":2},"a":{"a":0,"k":[1500,960,0],"ix":1},"s":{"a":0,"k":[100,100,100],"ix":6}},"ao":0,"hasMask":true,"masksProperties":[{"inv":false,"mode":"i","pt":{"a":0,"k":{"i":[[0,0],[0,0],[0,0],[0,0]],"o":[[0,0],[0,0],[0,0],[0,0]],"v":[[1306.755,186],[1694.143,186],[1694.143,198.713],[1306.755,198.713]],"c":true},"ix":1},"o":{"a":0,"k":100,"ix":3},"x":{"a":0,"k":0,"ix":4},"nm":"Mask 1"}],"sw":3000,"sh":1920,"sc":"#ffffff","ip":3,"op":129,"st":3,"bm":0},{"ddd":0,"ind":4,"ty":2,"nm":"诚邀您的到来","refId":"image_12","sr":1,"ks":{"o":{"a":0,"k":100,"ix":11},"r":{"a":0,"k":0,"ix":10},"p":{"a":0,"k":[1500,351,0],"ix":2},"a":{"a":0,"k":[195.5,24,0],"ix":1},"s":{"a":0,"k":[100,100,100],"ix":6}},"ao":0,"ip":6,"op":132,"st":6,"bm":0}]},{"id":"comp_28","layers":[{"ddd":0,"ind":1,"ty":0,"nm":"p03","refId":"comp_29","sr":1,"ks":{"o":{"a":0,"k":100,"ix":11},"r":{"a":0,"k":0,"ix":10},"p":{"a":0,"k":[540,1259,0],"ix":2},"a":{"a":0,"k":[540,675,0],"ix":1},"s":{"a":0,"k":[100,100,100],"ix":6}},"ao":0,"hasMask":true,"masksProperties":[{"inv":false,"mode":"a","pt":{"a":1,"k":[{"i":{"x":0.833,"y":0.833},"o":{"x":0.167,"y":0.167},"t":13,"s":[{"i":[[0,0],[0,0],[0,0],[0,0]],"o":[[0,0],[0,0],[0,0],[0,0]],"v":[[1228,2.75],[-144,2.75],[-144,108],[1228,108]],"c":true}]},{"t":29,"s":[{"i":[[0,0],[0,0],[0,0],[0,0]],"o":[[0,0],[0,0],[0,0],[0,0]],"v":[[1228,2.75],[-144,2.75],[-144,1360],[1228,1360]],"c":true}]}],"ix":1},"o":{"a":0,"k":100,"ix":3},"x":{"a":0,"k":0,"ix":4},"nm":"蒙版 1"}],"w":1080,"h":1350,"ip":13,"op":76,"st":13,"bm":0},{"ddd":0,"ind":2,"ty":0,"nm":"p03","refId":"comp_29","sr":1,"ks":{"o":{"a":0,"k":80,"ix":11},"r":{"a":0,"k":0,"ix":10},"p":{"a":0,"k":[540,1259,0],"ix":2},"a":{"a":0,"k":[540,675,0],"ix":1},"s":{"a":0,"k":[100,100,100],"ix":6}},"ao":0,"hasMask":true,"masksProperties":[{"inv":false,"mode":"a","pt":{"a":1,"k":[{"i":{"x":0.833,"y":0.833},"o":{"x":0.167,"y":0.167},"t":9,"s":[{"i":[[0,0],[0,0],[0,0],[0,0]],"o":[[0,0],[0,0],[0,0],[0,0]],"v":[[1228,2.75],[-144,2.75],[-144,108],[1228,108]],"c":true}]},{"t":25,"s":[{"i":[[0,0],[0,0],[0,0],[0,0]],"o":[[0,0],[0,0],[0,0],[0,0]],"v":[[1228,2.75],[-144,2.75],[-144,1360],[1228,1360]],"c":true}]}],"ix":1},"o":{"a":0,"k":100,"ix":3},"x":{"a":0,"k":0,"ix":4},"nm":"蒙版 1"}],"w":1080,"h":1350,"ip":9,"op":76,"st":9,"bm":0},{"ddd":0,"ind":3,"ty":0,"nm":"p03","refId":"comp_29","sr":1,"ks":{"o":{"a":0,"k":60,"ix":11},"r":{"a":0,"k":0,"ix":10},"p":{"a":0,"k":[540,1259,0],"ix":2},"a":{"a":0,"k":[540,675,0],"ix":1},"s":{"a":0,"k":[100,100,100],"ix":6}},"ao":0,"hasMask":true,"masksProperties":[{"inv":false,"mode":"a","pt":{"a":1,"k":[{"i":{"x":0.833,"y":0.833},"o":{"x":0.167,"y":0.167},"t":6,"s":[{"i":[[0,0],[0,0],[0,0],[0,0]],"o":[[0,0],[0,0],[0,0],[0,0]],"v":[[1228,2.75],[-144,2.75],[-144,108],[1228,108]],"c":true}]},{"t":22,"s":[{"i":[[0,0],[0,0],[0,0],[0,0]],"o":[[0,0],[0,0],[0,0],[0,0]],"v":[[1228,2.75],[-144,2.75],[-144,1360],[1228,1360]],"c":true}]}],"ix":1},"o":{"a":0,"k":100,"ix":3},"x":{"a":0,"k":0,"ix":4},"nm":"蒙版 1"}],"w":1080,"h":1350,"ip":6,"op":76,"st":6,"bm":0},{"ddd":0,"ind":4,"ty":0,"nm":"p03","refId":"comp_29","sr":1,"ks":{"o":{"a":0,"k":40,"ix":11},"r":{"a":0,"k":0,"ix":10},"p":{"a":0,"k":[540,1259,0],"ix":2},"a":{"a":0,"k":[540,675,0],"ix":1},"s":{"a":0,"k":[100,100,100],"ix":6}},"ao":0,"hasMask":true,"masksProperties":[{"inv":false,"mode":"a","pt":{"a":1,"k":[{"i":{"x":0.833,"y":0.833},"o":{"x":0.167,"y":0.167},"t":3,"s":[{"i":[[0,0],[0,0],[0,0],[0,0]],"o":[[0,0],[0,0],[0,0],[0,0]],"v":[[1228,2.75],[-144,2.75],[-144,108],[1228,108]],"c":true}]},{"t":19,"s":[{"i":[[0,0],[0,0],[0,0],[0,0]],"o":[[0,0],[0,0],[0,0],[0,0]],"v":[[1228,2.75],[-144,2.75],[-144,1360],[1228,1360]],"c":true}]}],"ix":1},"o":{"a":0,"k":100,"ix":3},"x":{"a":0,"k":0,"ix":4},"nm":"蒙版 1"}],"w":1080,"h":1350,"ip":3,"op":76,"st":3,"bm":0},{"ddd":0,"ind":5,"ty":0,"nm":"p03","refId":"comp_29","sr":1,"ks":{"o":{"a":0,"k":20,"ix":11},"r":{"a":0,"k":0,"ix":10},"p":{"a":0,"k":[540,1259,0],"ix":2},"a":{"a":0,"k":[540,675,0],"ix":1},"s":{"a":0,"k":[100,100,100],"ix":6}},"ao":0,"hasMask":true,"masksProperties":[{"inv":false,"mode":"a","pt":{"a":1,"k":[{"i":{"x":0.833,"y":0.833},"o":{"x":0.167,"y":0.167},"t":0,"s":[{"i":[[0,0],[0,0],[0,0],[0,0]],"o":[[0,0],[0,0],[0,0],[0,0]],"v":[[1228,2.75],[-144,2.75],[-144,108],[1228,108]],"c":true}]},{"t":16,"s":[{"i":[[0,0],[0,0],[0,0],[0,0]],"o":[[0,0],[0,0],[0,0],[0,0]],"v":[[1228,2.75],[-144,2.75],[-144,1360],[1228,1360]],"c":true}]}],"ix":1},"o":{"a":0,"k":100,"ix":3},"x":{"a":0,"k":0,"ix":4},"nm":"蒙版 1"}],"w":1080,"h":1350,"ip":0,"op":75,"st":0,"bm":0}]},{"id":"comp_29","layers":[{"ddd":0,"ind":1,"ty":2,"nm":"re_img_2","refId":"image_3","sr":1,"ks":{"o":{"a":0,"k":100,"ix":11},"r":{"a":0,"k":0,"ix":10},"p":{"a":0,"k":[540,675,0],"ix":2},"a":{"a":0,"k":[540,675,0],"ix":1},"s":{"a":0,"k":[100,100,100],"ix":6}},"ao":0,"ip":0,"op":75,"st":0,"bm":0}]},{"id":"comp_30","layers":[{"ddd":0,"ind":1,"ty":0,"nm":"P02","refId":"comp_31","sr":1,"ks":{"o":{"a":0,"k":100,"ix":11},"r":{"a":0,"k":0,"ix":10},"p":{"a":0,"k":[540,1259,0],"ix":2},"a":{"a":0,"k":[540,675,0],"ix":1},"s":{"a":0,"k":[100,100,100],"ix":6}},"ao":0,"hasMask":true,"masksProperties":[{"inv":false,"mode":"a","pt":{"a":1,"k":[{"i":{"x":0.833,"y":0.833},"o":{"x":0.167,"y":0.167},"t":18,"s":[{"i":[[0,0],[0,0],[0,0],[0,0]],"o":[[0,0],[0,0],[0,0],[0,0]],"v":[[592,622.75],[496,621.5],[496,718.75],[592,720]],"c":true}]},{"t":32,"s":[{"i":[[0,0],[0,0],[0,0],[0,0]],"o":[[0,0],[0,0],[0,0],[0,0]],"v":[[1088,2.75],[-4,2.75],[-4,1348],[1088,1348]],"c":true}]}],"ix":1},"o":{"a":0,"k":100,"ix":3},"x":{"a":0,"k":0,"ix":4},"nm":"蒙版 1"}],"w":1080,"h":1350,"ip":17,"op":105,"st":17,"bm":0},{"ddd":0,"ind":2,"ty":0,"nm":"P02","refId":"comp_31","sr":1,"ks":{"o":{"a":0,"k":90,"ix":11},"r":{"a":0,"k":0,"ix":10},"p":{"a":0,"k":[540,1259,0],"ix":2},"a":{"a":0,"k":[540,675,0],"ix":1},"s":{"a":0,"k":[100,100,100],"ix":6}},"ao":0,"hasMask":true,"masksProperties":[{"inv":false,"mode":"a","pt":{"a":1,"k":[{"i":{"x":0.833,"y":0.833},"o":{"x":0.167,"y":0.167},"t":14,"s":[{"i":[[0,0],[0,0],[0,0],[0,0]],"o":[[0,0],[0,0],[0,0],[0,0]],"v":[[592,622.75],[496,621.5],[496,718.75],[592,720]],"c":true}]},{"t":28,"s":[{"i":[[0,0],[0,0],[0,0],[0,0]],"o":[[0,0],[0,0],[0,0],[0,0]],"v":[[1088,2.75],[-4,2.75],[-4,1348],[1088,1348]],"c":true}]}],"ix":1},"o":{"a":0,"k":100,"ix":3},"x":{"a":0,"k":0,"ix":4},"nm":"蒙版 1"}],"w":1080,"h":1350,"ip":13,"op":101,"st":13,"bm":0},{"ddd":0,"ind":3,"ty":0,"nm":"P02","refId":"comp_31","sr":1,"ks":{"o":{"a":0,"k":80,"ix":11},"r":{"a":0,"k":0,"ix":10},"p":{"a":0,"k":[540,1259,0],"ix":2},"a":{"a":0,"k":[540,675,0],"ix":1},"s":{"a":0,"k":[100,100,100],"ix":6}},"ao":0,"hasMask":true,"masksProperties":[{"inv":false,"mode":"a","pt":{"a":1,"k":[{"i":{"x":0.833,"y":0.833},"o":{"x":0.167,"y":0.167},"t":10,"s":[{"i":[[0,0],[0,0],[0,0],[0,0]],"o":[[0,0],[0,0],[0,0],[0,0]],"v":[[592,622.75],[496,621.5],[496,718.75],[592,720]],"c":true}]},{"t":24,"s":[{"i":[[0,0],[0,0],[0,0],[0,0]],"o":[[0,0],[0,0],[0,0],[0,0]],"v":[[1088,2.75],[-4,2.75],[-4,1348],[1088,1348]],"c":true}]}],"ix":1},"o":{"a":0,"k":100,"ix":3},"x":{"a":0,"k":0,"ix":4},"nm":"蒙版 1"}],"w":1080,"h":1350,"ip":9,"op":97,"st":9,"bm":0},{"ddd":0,"ind":4,"ty":0,"nm":"P02","refId":"comp_31","sr":1,"ks":{"o":{"a":0,"k":60,"ix":11},"r":{"a":0,"k":0,"ix":10},"p":{"a":0,"k":[540,1259,0],"ix":2},"a":{"a":0,"k":[540,675,0],"ix":1},"s":{"a":0,"k":[100,100,100],"ix":6}},"ao":0,"hasMask":true,"masksProperties":[{"inv":false,"mode":"a","pt":{"a":1,"k":[{"i":{"x":0.833,"y":0.833},"o":{"x":0.167,"y":0.167},"t":7,"s":[{"i":[[0,0],[0,0],[0,0],[0,0]],"o":[[0,0],[0,0],[0,0],[0,0]],"v":[[592,622.75],[496,621.5],[496,718.75],[592,720]],"c":true}]},{"t":21,"s":[{"i":[[0,0],[0,0],[0,0],[0,0]],"o":[[0,0],[0,0],[0,0],[0,0]],"v":[[1088,2.75],[-4,2.75],[-4,1348],[1088,1348]],"c":true}]}],"ix":1},"o":{"a":0,"k":100,"ix":3},"x":{"a":0,"k":0,"ix":4},"nm":"蒙版 1"}],"w":1080,"h":1350,"ip":6,"op":94,"st":6,"bm":0},{"ddd":0,"ind":5,"ty":0,"nm":"P02","refId":"comp_31","sr":1,"ks":{"o":{"a":0,"k":40,"ix":11},"r":{"a":0,"k":0,"ix":10},"p":{"a":0,"k":[540,1259,0],"ix":2},"a":{"a":0,"k":[540,675,0],"ix":1},"s":{"a":0,"k":[100,100,100],"ix":6}},"ao":0,"hasMask":true,"masksProperties":[{"inv":false,"mode":"a","pt":{"a":1,"k":[{"i":{"x":0.833,"y":0.833},"o":{"x":0.167,"y":0.167},"t":4,"s":[{"i":[[0,0],[0,0],[0,0],[0,0]],"o":[[0,0],[0,0],[0,0],[0,0]],"v":[[592,622.75],[496,621.5],[496,718.75],[592,720]],"c":true}]},{"t":18,"s":[{"i":[[0,0],[0,0],[0,0],[0,0]],"o":[[0,0],[0,0],[0,0],[0,0]],"v":[[1088,2.75],[-4,2.75],[-4,1348],[1088,1348]],"c":true}]}],"ix":1},"o":{"a":0,"k":100,"ix":3},"x":{"a":0,"k":0,"ix":4},"nm":"蒙版 1"}],"w":1080,"h":1350,"ip":3,"op":91,"st":3,"bm":0},{"ddd":0,"ind":6,"ty":0,"nm":"P02","refId":"comp_31","sr":1,"ks":{"o":{"a":0,"k":20,"ix":11},"r":{"a":0,"k":0,"ix":10},"p":{"a":0,"k":[540,1259,0],"ix":2},"a":{"a":0,"k":[540,675,0],"ix":1},"s":{"a":0,"k":[100,100,100],"ix":6}},"ao":0,"hasMask":true,"masksProperties":[{"inv":false,"mode":"a","pt":{"a":1,"k":[{"i":{"x":0.833,"y":0.833},"o":{"x":0.167,"y":0.167},"t":1,"s":[{"i":[[0,0],[0,0],[0,0],[0,0]],"o":[[0,0],[0,0],[0,0],[0,0]],"v":[[592,622.75],[496,621.5],[496,718.75],[592,720]],"c":true}]},{"t":15,"s":[{"i":[[0,0],[0,0],[0,0],[0,0]],"o":[[0,0],[0,0],[0,0],[0,0]],"v":[[1088,2.75],[-4,2.75],[-4,1348],[1088,1348]],"c":true}]}],"ix":1},"o":{"a":0,"k":100,"ix":3},"x":{"a":0,"k":0,"ix":4},"nm":"蒙版 1"}],"w":1080,"h":1350,"ip":0,"op":88,"st":0,"bm":0}]},{"id":"comp_31","layers":[{"ddd":0,"ind":1,"ty":2,"nm":"re_img_1","refId":"image_13","sr":1,"ks":{"o":{"a":0,"k":100,"ix":11},"r":{"a":0,"k":0,"ix":10},"p":{"a":0,"k":[540,675,0],"ix":2},"a":{"a":0,"k":[540,675,0],"ix":1},"s":{"a":0,"k":[100,100,100],"ix":6}},"ao":0,"ip":0,"op":88,"st":0,"bm":0}]},{"id":"comp_32","layers":[{"ddd":0,"ind":1,"ty":0,"nm":"文案1","refId":"comp_33","sr":1,"ks":{"o":{"a":0,"k":100,"ix":11},"r":{"a":0,"k":0,"ix":10},"p":{"a":0,"k":[540,960,0],"ix":2},"a":{"a":0,"k":[540,960,0],"ix":1},"s":{"a":0,"k":[100,100,100],"ix":6}},"ao":0,"w":1080,"h":1920,"ip":2,"op":100,"st":2,"bm":0},{"ddd":0,"ind":2,"ty":0,"nm":"二维码","refId":"comp_34","sr":1,"ks":{"o":{"a":0,"k":100,"ix":11},"r":{"a":0,"k":0,"ix":10},"p":{"a":1,"k":[{"i":{"x":0.667,"y":1},"o":{"x":0.333,"y":0},"t":8,"s":[792,960,0],"to":[-15.317,0,0],"ti":[36.611,0,0]},{"i":{"x":0.667,"y":1},"o":{"x":0.333,"y":0},"t":13,"s":[707.996,960,0],"to":[-27.163,0,0],"ti":[27.164,0,0]},{"i":{"x":0.667,"y":1},"o":{"x":0.333,"y":0},"t":18,"s":[624.009,960,0],"to":[-36.613,0,0],"ti":[15.318,0,0]},{"t":23,"s":[540,960,0]}],"ix":2},"a":{"a":0,"k":[540,960,0],"ix":1},"s":{"a":0,"k":[100,100,100],"ix":6}},"ao":0,"w":1080,"h":1920,"ip":0,"op":100,"st":0,"bm":0},{"ddd":0,"ind":3,"ty":2,"nm":"vol.520.png","cl":"520 png","refId":"image_16","sr":1,"ks":{"o":{"a":0,"k":100,"ix":11},"r":{"a":0,"k":0,"ix":10},"p":{"a":1,"k":[{"i":{"x":0.667,"y":1},"o":{"x":0.333,"y":0},"t":8,"s":[348,1029,0],"to":[11.67,0,0],"ti":[-27.894,0,0]},{"i":{"x":0.667,"y":1},"o":{"x":0.333,"y":0},"t":13,"s":[412.003,1029,0],"to":[20.696,0,0],"ti":[-20.696,0,0]},{"i":{"x":0.667,"y":1},"o":{"x":0.333,"y":0},"t":18,"s":[475.993,1029,0],"to":[27.895,0,0],"ti":[-11.671,0,0]},{"t":23,"s":[540,1029,0]}],"ix":2},"a":{"a":0,"k":[501,919.5,0],"ix":1},"s":{"a":0,"k":[100,100,100],"ix":6}},"ao":0,"ip":0,"op":100,"st":0,"bm":0},{"ddd":0,"ind":4,"ty":5,"nm":"re_txt_wedding","sr":1,"ks":{"o":{"a":0,"k":100,"ix":11},"r":{"a":0,"k":0,"ix":10},"p":{"a":0,"k":[540,450,0],"ix":2},"a":{"a":0,"k":[0,0,0],"ix":1},"s":{"a":0,"k":[100,100,100],"ix":6}},"ao":0,"hasMask":true,"masksProperties":[{"inv":false,"mode":"a","pt":{"a":1,"k":[{"i":{"x":0.667,"y":1},"o":{"x":0.333,"y":0},"t":15.667,"s":[{"i":[[0,0],[0,0],[0,0],[0,0]],"o":[[0,0],[0,0],[0,0],[0,0]],"v":[[398,-127],[-406,-127],[-406,-116],[398,-116]],"c":true}]},{"i":{"x":0.667,"y":1},"o":{"x":0.333,"y":0},"t":20,"s":[{"i":[[0,0],[0,0],[0,0],[0,0]],"o":[[0,0],[0,0],[0,0],[0,0]],"v":[[398,-127],[-406,-127],[-406,-65.455],[398,-65.455]],"c":true}]},{"i":{"x":0.667,"y":1},"o":{"x":0.333,"y":0},"t":24.334,"s":[{"i":[[0,0],[0,0],[0,0],[0,0]],"o":[[0,0],[0,0],[0,0],[0,0]],"v":[[398,-127],[-406,-127],[-406,-27.545],[398,-27.545]],"c":true}]},{"i":{"x":0.833,"y":1},"o":{"x":0.333,"y":0},"t":28.667,"s":[{"i":[[0,0],[0,0],[0,0],[0,0]],"o":[[0,0],[0,0],[0,0],[0,0]],"v":[[398,-127],[-406,-127],[-406,23],[398,23]],"c":true}]},{"t":42,"s":[{"i":[[0,0],[0,0],[0,0],[0,0]],"o":[[0,0],[0,0],[0,0],[0,0]],"v":[[398,-107],[-406,-107],[-406,43],[398,43]],"c":true}]}],"ix":1},"o":{"a":0,"k":100,"ix":3},"x":{"a":0,"k":0,"ix":4},"nm":"Mask 1"}],"t":{"d":{"k":[{"s":{"s":120,"f":"SourceHanSansCN-Light","nm":"re_txt_wedding 2","t":"wedding","j":2,"tr":300,"lh":144,"ls":0,"fc":[0.125,0.169,0.176]},"t":0}]},"p":{},"m":{"g":1,"a":{"a":0,"k":[0,0],"ix":2}},"a":[{"nm":"Animator 1","s":{"t":0,"xe":{"a":0,"k":0,"ix":7},"ne":{"a":0,"k":0,"ix":8},"a":{"a":0,"k":100,"ix":4},"b":1,"rn":0,"sh":1,"r":1},"a":{"o":{"a":0,"k":100,"ix":9}}}]},"ip":14,"op":100,"st":14,"bm":0},{"ddd":0,"ind":5,"ty":0,"nm":"re_img_0","refId":"comp_35","sr":1,"ks":{"o":{"a":0,"k":100,"ix":11},"r":{"a":0,"k":0,"ix":10},"p":{"a":0,"k":[540,960,0],"ix":2},"a":{"a":0,"k":[540,960,0],"ix":1},"s":{"a":0,"k":[100,100,100],"ix":6}},"ao":0,"w":1080,"h":1920,"ip":0,"op":100,"st":0,"bm":0},{"ddd":0,"ind":6,"ty":5,"nm":"re_txt_invitation","sr":1,"ks":{"o":{"a":0,"k":100,"ix":11},"r":{"a":0,"k":0,"ix":10},"p":{"a":0,"k":[536.583,520.375,0],"ix":2},"a":{"a":0,"k":[0.083,-11.875,0],"ix":1},"s":{"a":0,"k":[100,100,100],"ix":6}},"ao":0,"hasMask":true,"masksProperties":[{"inv":false,"mode":"a","pt":{"a":1,"k":[{"i":{"x":0.667,"y":1},"o":{"x":0.333,"y":0},"t":41,"s":[{"i":[[0,0],[0,0],[0,0],[0,0]],"o":[[0,0],[0,0],[0,0],[0,0]],"v":[[137.5,16.5],[-138.5,16.5],[-138.5,21.5],[137.5,21.5]],"c":true}]},{"i":{"x":0.667,"y":1},"o":{"x":0.333,"y":0},"t":45,"s":[{"i":[[0,0],[0,0],[0,0],[0,0]],"o":[[0,0],[0,0],[0,0],[0,0]],"v":[[137.5,-1.682],[-138.5,-1.682],[-138.5,21.5],[137.5,21.5]],"c":true}]},{"i":{"x":0.667,"y":1},"o":{"x":0.333,"y":0},"t":50,"s":[{"i":[[0,0],[0,0],[0,0],[0,0]],"o":[[0,0],[0,0],[0,0],[0,0]],"v":[[137.5,-16.318],[-138.5,-16.318],[-138.5,20.5],[137.5,20.5]],"c":true}]},{"t":54,"s":[{"i":[[0,0],[0,0],[0,0],[0,0]],"o":[[0,0],[0,0],[0,0],[0,0]],"v":[[137.5,-33.5],[-138.5,-33.5],[-138.5,21.5],[137.5,21.5]],"c":true}]}],"ix":1},"o":{"a":0,"k":100,"ix":3},"x":{"a":0,"k":0,"ix":4},"nm":"Mask 1"}],"t":{"d":{"k":[{"s":{"s":32,"f":"SourceHanSansCN-Medium","nm":"re_txt_invitation 2","t":"INVITATION","j":2,"tr":160,"lh":38.4,"ls":0,"fc":[0.129,0.173,0.18]},"t":0}]},"p":{},"m":{"g":1,"a":{"a":0,"k":[0,0],"ix":2}},"a":[]},"ip":21,"op":100,"st":21,"bm":0},{"ddd":0,"ind":7,"ty":0,"nm":"细的","refId":"comp_37","sr":1,"ks":{"o":{"a":0,"k":100,"ix":11},"r":{"a":0,"k":0,"ix":10},"p":{"a":0,"k":[540,960,0],"ix":2},"a":{"a":0,"k":[540,960,0],"ix":1},"s":{"a":0,"k":[100,100,100],"ix":6}},"ao":0,"hasMask":true,"masksProperties":[{"inv":false,"mode":"a","pt":{"a":1,"k":[{"i":{"x":0.667,"y":1},"o":{"x":0.333,"y":0},"t":0,"s":[{"i":[[0,0],[0,0],[0,0],[0,0]],"o":[[0,0],[0,0],[0,0],[0,0]],"v":[[-212.828,675.405],[116.017,427.201],[-79.172,168.595],[-408.017,416.799]],"c":true}]},{"i":{"x":0.667,"y":1},"o":{"x":0.333,"y":0},"t":4,"s":[{"i":[[0,0],[0,0],[0,0],[0,0]],"o":[[0,0],[0,0],[0,0],[0,0]],"v":[[155.172,1124.635],[484.017,876.432],[-79.172,168.595],[-408.017,416.799]],"c":true}]},{"i":{"x":0.667,"y":1},"o":{"x":0.333,"y":0},"t":8,"s":[{"i":[[0,0],[0,0],[0,0],[0,0]],"o":[[0,0],[0,0],[0,0],[0,0]],"v":[[523.172,1573.866],[852.017,1325.663],[-79.172,168.595],[-408.017,416.799]],"c":true}]},{"t":12,"s":[{"i":[[0,0],[0,0],[0,0],[0,0]],"o":[[0,0],[0,0],[0,0],[0,0]],"v":[[983.172,2135.404],[1312.017,1887.201],[-79.172,168.595],[-408.017,416.799]],"c":true}]}],"ix":1},"o":{"a":0,"k":100,"ix":3},"x":{"a":0,"k":0,"ix":4},"nm":"Mask 1"}],"w":1080,"h":1920,"ip":0,"op":100,"st":0,"bm":0},{"ddd":0,"ind":8,"ty":0,"nm":"粗的","refId":"comp_38","sr":1,"ks":{"o":{"a":0,"k":100,"ix":11},"r":{"a":0,"k":0,"ix":10},"p":{"a":0,"k":[540,960,0],"ix":2},"a":{"a":0,"k":[540,960,0],"ix":1},"s":{"a":0,"k":[100,100,100],"ix":6}},"ao":0,"hasMask":true,"masksProperties":[{"inv":false,"mode":"a","pt":{"a":1,"k":[{"i":{"x":0.667,"y":1},"o":{"x":0.333,"y":0},"t":0,"s":[{"i":[[0,0],[0,0],[0,0],[0,0]],"o":[[0,0],[0,0],[0,0],[0,0]],"v":[[1797.056,405.21],[1201.8,-135.24],[854.944,246.79],[1450.2,787.24]],"c":true}]},{"i":{"x":0.667,"y":1},"o":{"x":0.333,"y":0},"t":4,"s":[{"i":[[0,0],[0,0],[0,0],[0,0]],"o":[[0,0],[0,0],[0,0],[0,0]],"v":[[1797.056,405.21],[1201.8,-135.24],[409.405,718.175],[1004.662,1258.625]],"c":true}]},{"i":{"x":0.667,"y":1},"o":{"x":0.333,"y":0},"t":8,"s":[{"i":[[0,0],[0,0],[0,0],[0,0]],"o":[[0,0],[0,0],[0,0],[0,0]],"v":[[1797.056,405.21],[1201.8,-135.24],[-36.133,1189.56],[559.123,1730.01]],"c":true}]},{"t":12,"s":[{"i":[[0,0],[0,0],[0,0],[0,0]],"o":[[0,0],[0,0],[0,0],[0,0]],"v":[[1797.056,405.21],[1201.8,-135.24],[-593.056,1778.791],[2.2,2319.241]],"c":true}]}],"ix":1},"o":{"a":0,"k":100,"ix":3},"x":{"a":0,"k":0,"ix":4},"nm":"Mask 1"}],"w":1080,"h":1920,"ip":0,"op":100,"st":0,"bm":0},{"ddd":0,"ind":9,"ty":1,"nm":"浅色 青绿色 纯色 1","sr":1,"ks":{"o":{"a":0,"k":100,"ix":11},"r":{"a":0,"k":0,"ix":10},"p":{"a":0,"k":[540,960,0],"ix":2},"a":{"a":0,"k":[540,960,0],"ix":1},"s":{"a":0,"k":[100,100,100],"ix":6}},"ao":0,"sw":1080,"sh":1920,"sc":"#eefff9","ip":0,"op":100,"st":0,"bm":0}]},{"id":"comp_33","layers":[{"ddd":0,"ind":1,"ty":2,"nm":"X.png","cl":"png","refId":"image_14","sr":1,"ks":{"o":{"a":0,"k":100,"ix":11},"r":{"a":0,"k":0,"ix":10},"p":{"a":0,"k":[537.5,266.5,0],"ix":2},"a":{"a":0,"k":[27,28,0],"ix":1},"s":{"a":0,"k":[100,100,100],"ix":6}},"ao":0,"ip":10,"op":1261,"st":10,"bm":0},{"ddd":0,"ind":2,"ty":5,"nm":"re_txt_MR.ZHANG","cl":"ZHANG","sr":1,"ks":{"o":{"a":0,"k":100,"ix":11},"r":{"a":0,"k":0,"ix":10},"p":{"a":0,"k":[467,281,0],"ix":2},"a":{"a":0,"k":[0,0,0],"ix":1},"s":{"a":0,"k":[100,100,100],"ix":6}},"ao":0,"t":{"d":{"k":[{"s":{"s":30,"f":"SourceHanSansCN-Regular","nm":"re_txt_MR.ZHANG 2","t":"MR.ZHANG","j":1,"tr":200,"lh":36,"ls":0,"fc":[0.125,0.169,0.176]},"t":0}]},"p":{},"m":{"g":1,"a":{"a":0,"k":[0,0],"ix":2}},"a":[{"nm":"Animator 1","s":{"t":0,"xe":{"a":0,"k":0,"ix":7},"ne":{"a":0,"k":0,"ix":8},"a":{"a":0,"k":100,"ix":4},"b":1,"rn":0,"sh":1,"s":{"a":0,"k":100,"ix":1},"r":1},"a":{"o":{"a":0,"k":0,"ix":9}}}]},"ip":0,"op":1251,"st":0,"bm":0},{"ddd":0,"ind":3,"ty":5,"nm":"re_txt_MS.WANG","cl":"WANG","sr":1,"ks":{"o":{"a":0,"k":100,"ix":11},"r":{"a":0,"k":0,"ix":10},"p":{"a":0,"k":[613,281,0],"ix":2},"a":{"a":0,"k":[0,0,0],"ix":1},"s":{"a":0,"k":[100,100,100],"ix":6}},"ao":0,"t":{"d":{"k":[{"s":{"s":30,"f":"SourceHanSansCN-Regular","nm":"re_txt_MS.WANG 2","t":"MS.WANG","j":0,"tr":200,"lh":36,"ls":0,"fc":[0.125,0.169,0.176]},"t":0}]},"p":{},"m":{"g":1,"a":{"a":0,"k":[0,0],"ix":2}},"a":[{"nm":"Animator 1","s":{"t":0,"xe":{"a":0,"k":0,"ix":7},"ne":{"a":0,"k":0,"ix":8},"a":{"a":0,"k":100,"ix":4},"b":1,"rn":0,"sh":1,"s":{"a":0,"k":100,"ix":1},"r":1},"a":{"o":{"a":0,"k":0,"ix":9}}}]},"ip":20,"op":1271,"st":20,"bm":0}]},{"id":"comp_34","layers":[{"ddd":0,"ind":1,"ty":5,"nm":"0 520 0 521 0 1314 0 521","sr":1,"ks":{"o":{"a":0,"k":100,"ix":11},"r":{"a":0,"k":0,"ix":10},"p":{"a":0,"k":[856,145.75,0],"ix":2},"a":{"a":0,"k":[0,0,0],"ix":1},"s":{"a":0,"k":[100,100,100],"ix":6}},"ao":0,"t":{"d":{"k":[{"s":{"s":15,"f":"SourceHanSansCN-Medium","nm":"0 520 0 521 0 1314 0 522","t":"0 520 0 521 0 1314 0 521","j":0,"tr":0,"lh":18,"ls":0,"fc":[0,0,0]},"t":0}]},"p":{},"m":{"g":1,"a":{"a":0,"k":[0,0],"ix":2}},"a":[]},"ip":0,"op":1251,"st":0,"bm":0},{"ddd":0,"ind":2,"ty":2,"nm":"条形码.png","cl":"png","refId":"image_15","sr":1,"ks":{"o":{"a":0,"k":100,"ix":11},"r":{"a":0,"k":0,"ix":10},"p":{"a":0,"k":[933,97,0],"ix":2},"a":{"a":0,"k":[90.5,46,0],"ix":1},"s":{"a":0,"k":[100,100,100],"ix":6}},"ao":0,"hasMask":true,"masksProperties":[{"inv":false,"mode":"s","pt":{"a":0,"k":{"i":[[0.362,0],[0,0],[-0.045,-0.323],[0,0],[-0.045,0.012],[0,0],[0,0],[0,0],[0,0],[0,0],[0,0],[0,0]],"o":[[-0.362,0],[0,0],[0.045,0.323],[0,0],[0.045,-0.012],[0,0],[0,0],[0,0],[0,0],[0,0],[0,0],[0,0]],"v":[[19.792,86.704],[8.923,86.299],[7.453,76.948],[-0.385,77.29],[-0.656,94.12],[175.751,92.958],[175.175,80.361],[102.04,79.145],[101.914,85.145],[93.763,85.195],[91.91,78.861],[21.865,79.299]],"c":true},"ix":1},"o":{"a":0,"k":100,"ix":3},"x":{"a":0,"k":0,"ix":4},"nm":"Mask 1"}],"ip":0,"op":1251,"st":0,"bm":0}]},{"id":"comp_35","layers":[{"ddd":0,"ind":1,"ty":0,"nm":"P01","refId":"comp_36","sr":1,"ks":{"o":{"a":0,"k":100,"ix":11},"r":{"a":0,"k":0,"ix":10},"p":{"a":0,"k":[540,1258,0],"ix":2},"a":{"a":0,"k":[500,625,0],"ix":1},"s":{"a":0,"k":[100,100,100],"ix":6}},"ao":0,"hasMask":true,"masksProperties":[{"inv":false,"mode":"a","pt":{"a":1,"k":[{"i":{"x":0.833,"y":0.833},"o":{"x":0.167,"y":0.167},"t":27,"s":[{"i":[[0,0],[0,0],[0,0],[0,0]],"o":[[0,0],[0,0],[0,0],[0,0]],"v":[[500,-361],[373,-558],[1653,714],[1752,559]],"c":true}]},{"t":40,"s":[{"i":[[0,0],[0,0],[0,0],[0,0]],"o":[[0,0],[0,0],[0,0],[0,0]],"v":[[500,-361],[-768,583],[512,1855],[1752,559]],"c":true}]}],"ix":1},"o":{"a":0,"k":100,"ix":3},"x":{"a":0,"k":0,"ix":4},"nm":"蒙版 1"}],"w":1000,"h":1250,"ip":26,"op":126,"st":26,"bm":0},{"ddd":0,"ind":2,"ty":0,"nm":"P01","refId":"comp_36","sr":1,"ks":{"o":{"a":0,"k":100,"ix":11},"r":{"a":0,"k":0,"ix":10},"p":{"a":0,"k":[540,1258,0],"ix":2},"a":{"a":0,"k":[500,625,0],"ix":1},"s":{"a":0,"k":[100,100,100],"ix":6}},"ao":0,"hasMask":true,"masksProperties":[{"inv":false,"mode":"a","pt":{"a":1,"k":[{"i":{"x":0.833,"y":0.833},"o":{"x":0.167,"y":0.167},"t":24,"s":[{"i":[[0,0],[0,0],[0,0],[0,0]],"o":[[0,0],[0,0],[0,0],[0,0]],"v":[[500,-361],[373,-558],[1653,714],[1752,559]],"c":true}]},{"t":37,"s":[{"i":[[0,0],[0,0],[0,0],[0,0]],"o":[[0,0],[0,0],[0,0],[0,0]],"v":[[500,-361],[-768,583],[512,1855],[1752,559]],"c":true}]}],"ix":1},"o":{"a":0,"k":90,"ix":3},"x":{"a":0,"k":0,"ix":4},"nm":"蒙版 1"}],"w":1000,"h":1250,"ip":23,"op":126,"st":23,"bm":0},{"ddd":0,"ind":3,"ty":0,"nm":"P01","refId":"comp_36","sr":1,"ks":{"o":{"a":0,"k":100,"ix":11},"r":{"a":0,"k":0,"ix":10},"p":{"a":0,"k":[540,1258,0],"ix":2},"a":{"a":0,"k":[500,625,0],"ix":1},"s":{"a":0,"k":[100,100,100],"ix":6}},"ao":0,"hasMask":true,"masksProperties":[{"inv":false,"mode":"a","pt":{"a":1,"k":[{"i":{"x":0.833,"y":0.833},"o":{"x":0.167,"y":0.167},"t":22,"s":[{"i":[[0,0],[0,0],[0,0],[0,0]],"o":[[0,0],[0,0],[0,0],[0,0]],"v":[[500,-361],[373,-558],[1653,714],[1752,559]],"c":true}]},{"t":35,"s":[{"i":[[0,0],[0,0],[0,0],[0,0]],"o":[[0,0],[0,0],[0,0],[0,0]],"v":[[500,-361],[-768,583],[512,1855],[1752,559]],"c":true}]}],"ix":1},"o":{"a":0,"k":70,"ix":3},"x":{"a":0,"k":0,"ix":4},"nm":"蒙版 1"}],"w":1000,"h":1250,"ip":21,"op":126,"st":21,"bm":0},{"ddd":0,"ind":4,"ty":0,"nm":"P01","refId":"comp_36","sr":1,"ks":{"o":{"a":0,"k":100,"ix":11},"r":{"a":0,"k":0,"ix":10},"p":{"a":0,"k":[540,1258,0],"ix":2},"a":{"a":0,"k":[500,625,0],"ix":1},"s":{"a":0,"k":[100,100,100],"ix":6}},"ao":0,"hasMask":true,"masksProperties":[{"inv":false,"mode":"a","pt":{"a":1,"k":[{"i":{"x":0.833,"y":0.833},"o":{"x":0.167,"y":0.167},"t":20,"s":[{"i":[[0,0],[0,0],[0,0],[0,0]],"o":[[0,0],[0,0],[0,0],[0,0]],"v":[[500,-361],[373,-558],[1653,714],[1752,559]],"c":true}]},{"t":33,"s":[{"i":[[0,0],[0,0],[0,0],[0,0]],"o":[[0,0],[0,0],[0,0],[0,0]],"v":[[500,-361],[-768,583],[512,1855],[1752,559]],"c":true}]}],"ix":1},"o":{"a":0,"k":50,"ix":3},"x":{"a":0,"k":0,"ix":4},"nm":"蒙版 1"}],"w":1000,"h":1250,"ip":19,"op":126,"st":19,"bm":0},{"ddd":0,"ind":5,"ty":0,"nm":"P01","refId":"comp_36","sr":1,"ks":{"o":{"a":0,"k":100,"ix":11},"r":{"a":0,"k":0,"ix":10},"p":{"a":0,"k":[540,1258,0],"ix":2},"a":{"a":0,"k":[500,625,0],"ix":1},"s":{"a":0,"k":[100,100,100],"ix":6}},"ao":0,"hasMask":true,"masksProperties":[{"inv":false,"mode":"a","pt":{"a":1,"k":[{"i":{"x":0.833,"y":0.833},"o":{"x":0.167,"y":0.167},"t":18,"s":[{"i":[[0,0],[0,0],[0,0],[0,0]],"o":[[0,0],[0,0],[0,0],[0,0]],"v":[[500,-361],[373,-558],[1653,714],[1752,559]],"c":true}]},{"t":31,"s":[{"i":[[0,0],[0,0],[0,0],[0,0]],"o":[[0,0],[0,0],[0,0],[0,0]],"v":[[500,-361],[-768,583],[512,1855],[1752,559]],"c":true}]}],"ix":1},"o":{"a":0,"k":30,"ix":3},"x":{"a":0,"k":0,"ix":4},"nm":"蒙版 1"}],"w":1000,"h":1250,"ip":17,"op":126,"st":17,"bm":0}]},{"id":"comp_36","layers":[{"ddd":0,"ind":1,"ty":2,"nm":"re-img_0","refId":"image_17","sr":1,"ks":{"o":{"a":0,"k":100,"ix":11},"r":{"a":0,"k":0,"ix":10},"p":{"a":0,"k":[500,625,0],"ix":2},"a":{"a":0,"k":[500,625,0],"ix":1},"s":{"a":0,"k":[100,100,100],"ix":6}},"ao":0,"ip":0,"op":126,"st":0,"bm":0}]},{"id":"comp_37","layers":[{"ddd":0,"ind":1,"ty":1,"nm":"中等灰色-青绿色 纯色 2","sr":1,"ks":{"o":{"a":0,"k":100,"ix":11},"r":{"a":0,"k":0,"ix":10},"p":{"a":0,"k":[540,960,0],"ix":2},"a":{"a":0,"k":[540,960,0],"ix":1},"s":{"a":0,"k":[100,100,100],"ix":6}},"ao":0,"hasMask":true,"masksProperties":[{"inv":false,"mode":"a","pt":{"a":0,"k":{"i":[[0,0],[0,0],[0,0],[0,0]],"o":[[0,0],[0,0],[0,0],[0,0]],"v":[[-52,516],[-82.5,542],[1080,1984],[1124,1952]],"c":true},"ix":1},"o":{"a":0,"k":100,"ix":3},"x":{"a":0,"k":0,"ix":4},"nm":"蒙版 1"}],"sw":1080,"sh":1920,"sc":"#4f9980","ip":0,"op":1251,"st":0,"bm":0}]},{"id":"comp_38","layers":[{"ddd":0,"ind":1,"ty":1,"nm":"中等灰色-青绿色 纯色 1","sr":1,"ks":{"o":{"a":0,"k":100,"ix":11},"r":{"a":0,"k":0,"ix":10},"p":{"a":0,"k":[540,960,0],"ix":2},"a":{"a":0,"k":[540,960,0],"ix":1},"s":{"a":0,"k":[100,100,100],"ix":6}},"ao":0,"hasMask":true,"masksProperties":[{"inv":false,"mode":"a","pt":{"a":0,"k":{"i":[[0,0],[0,0],[0,0],[0,0]],"o":[[0,0],[0,0],[0,0],[0,0]],"v":[[1132,512],[-76,1904],[36,2028],[1240,664]],"c":true},"ix":1},"o":{"a":0,"k":100,"ix":3},"x":{"a":0,"k":0,"ix":4},"nm":"蒙版 1"}],"sw":1080,"sh":1920,"sc":"#4f9980","ip":0,"op":1251,"st":0,"bm":0}]}],"fonts":{"list":[{"origin":0,"fPath":"C:\\Windows\\Fonts\\SOURCEHANSANSCN-MEDIUM.OTF","fClass":"","fFamily":"Source Han Sans CN","fWeight":"","fStyle":"Medium","fName":"SourceHanSansCN-Medium","ascent":79.69970703125,"u":"fonts/"},{"origin":0,"fPath":"C:\\Windows\\Fonts\\SOURCEHANSANSCN-REGULAR.OTF","fClass":"","fFamily":"Source Han Sans CN","fWeight":"","fStyle":"Regular","fName":"SourceHanSansCN-Regular","ascent":79.5989990234375,"u":"fonts/"},{"origin":0,"fPath":"C:\\Windows\\Fonts\\SOURCEHANSANSCN-LIGHT.OTF","fClass":"","fFamily":"Source Han Sans CN","fWeight":"","fStyle":"Light","fName":"SourceHanSansCN-Light","ascent":79.4998168945313,"u":"fonts/"},{"origin":0,"fPath":"C:\\Windows\\Fonts\\SOURCEHANSANSCN-BOLD.OTF","fClass":"","fFamily":"Source Han Sans CN","fWeight":"","fStyle":"Bold","fName":"SourceHanSansCN-Bold","ascent":79.7988891601563,"u":"fonts/"}]},"layers":[{"ddd":0,"ind":2,"ty":0,"nm":"文案2","refId":"comp_0","sr":1.21929824561404,"ks":{"o":{"a":0,"k":100,"ix":11},"r":{"a":0,"k":0,"ix":10},"p":{"a":0,"k":[540,960,0],"ix":2},"a":{"a":0,"k":[540,960,0],"ix":1},"s":{"a":0,"k":[100,100,100],"ix":6}},"ao":0,"w":1080,"h":1920,"ip":430,"op":521,"st":430,"bm":0},{"ddd":0,"ind":3,"ty":0,"nm":"6","refId":"comp_4","sr":1,"ks":{"o":{"a":0,"k":100,"ix":11},"r":{"a":0,"k":0,"ix":10},"p":{"a":1,"k":[{"i":{"x":0.667,"y":1},"o":{"x":0.333,"y":0},"t":351,"s":[2126,1403,0],"to":[0,0,0],"ti":[0,0,0]},{"i":{"x":0.667,"y":0.463},"o":{"x":0.333,"y":0},"t":381,"s":[1101,1403,0],"to":[0,0,0],"ti":[0,0,0]},{"i":{"x":0.667,"y":0.788},"o":{"x":0.333,"y":0.254},"t":409,"s":[137.939,1395.378,0],"to":[0,0,0],"ti":[0,0,0]},{"i":{"x":0.667,"y":0.63},"o":{"x":0.333,"y":0.396},"t":421,"s":[-703.753,1157.453,0],"to":[0,0,0],"ti":[0,0,0]},{"t":437,"s":[-937.121,578.692,0]}],"ix":2},"a":{"a":0,"k":[2115.5,1302.5,0],"ix":1},"s":{"a":0,"k":[100,100,100],"ix":6}},"ao":0,"w":4231,"h":2605,"ip":322,"op":438,"st":322,"bm":0},{"ddd":0,"ind":4,"ty":0,"nm":"5","refId":"comp_13","sr":1,"ks":{"o":{"a":0,"k":100,"ix":11},"r":{"a":0,"k":0,"ix":10},"p":{"a":0,"k":[540,960,0],"ix":2},"a":{"a":0,"k":[540,960,0],"ix":1},"s":{"a":0,"k":[100,100,100],"ix":6}},"ao":0,"w":1080,"h":1920,"ip":288,"op":323,"st":288,"bm":0},{"ddd":0,"ind":5,"ty":0,"nm":"4","refId":"comp_15","sr":1,"ks":{"o":{"a":0,"k":100,"ix":11},"r":{"a":0,"k":0,"ix":10},"p":{"a":0,"k":[540,960,0],"ix":2},"a":{"a":0,"k":[540,960,0],"ix":1},"s":{"a":0,"k":[100,100,100],"ix":6}},"ao":0,"w":1080,"h":1920,"ip":245,"op":300,"st":245,"bm":0},{"ddd":0,"ind":6,"ty":0,"nm":"3","refId":"comp_19","sr":1,"ks":{"o":{"a":0,"k":100,"ix":11},"r":{"a":0,"k":0,"ix":10},"p":{"a":0,"k":[540,960,0],"ix":2},"a":{"a":0,"k":[540,960,0],"ix":1},"s":{"a":0,"k":[100,100,100],"ix":6}},"ao":0,"w":1080,"h":1920,"ip":220,"op":245,"st":220,"bm":0},{"ddd":0,"ind":7,"ty":0,"nm":"2","refId":"comp_22","sr":1,"ks":{"o":{"a":0,"k":100,"ix":11},"r":{"a":0,"k":0,"ix":10},"p":{"a":0,"k":[540,960,0],"ix":2},"a":{"a":0,"k":[540,960,0],"ix":1},"s":{"a":0,"k":[100,100,100],"ix":6}},"ao":0,"w":1080,"h":1920,"ip":172,"op":222,"st":172,"bm":0},{"ddd":0,"ind":8,"ty":0,"nm":"1","refId":"comp_26","sr":1,"ks":{"o":{"a":0,"k":100,"ix":11},"r":{"a":0,"k":0,"ix":10},"p":{"a":0,"k":[540,960,0],"ix":2},"a":{"a":0,"k":[540,960,0],"ix":1},"s":{"a":0,"k":[100,100,100],"ix":6}},"ao":0,"w":1080,"h":1920,"ip":68,"op":173,"st":68,"bm":0},{"ddd":0,"ind":9,"ty":0,"nm":"首页","refId":"comp_32","sr":1,"ks":{"o":{"a":0,"k":100,"ix":11},"r":{"a":0,"k":0,"ix":10},"p":{"a":0,"k":[540,960,0],"ix":2},"a":{"a":0,"k":[540,960,0],"ix":1},"s":{"a":1,"k":[{"i":{"x":[0.667,0.667,0.667],"y":[1,1,1]},"o":{"x":[0.333,0.333,0.333],"y":[0,0,0]},"t":0,"s":[130,130,100]},{"i":{"x":[0.667,0.667,0.667],"y":[1,1,1]},"o":{"x":[0.333,0.333,0.333],"y":[0,0,0]},"t":15,"s":[100,100,100]},{"t":46,"s":[100,100,100]}],"ix":6}},"ao":0,"w":1080,"h":1920,"ip":0,"op":100,"st":0,"bm":0},{"ddd":0,"ind":10,"ty":1,"nm":"浅色 青绿色 纯色 1","sr":1,"ks":{"o":{"a":0,"k":100,"ix":11},"r":{"a":0,"k":0,"ix":10},"p":{"a":0,"k":[540,960,0],"ix":2},"a":{"a":0,"k":[540,960,0],"ix":1},"s":{"a":0,"k":[100,100,100],"ix":6}},"ao":0,"sw":1080,"sh":1920,"sc":"#eefff9","ip":0,"op":521,"st":0,"bm":0},{"ddd":0,"ind":11,"ty":6,"nm":"cello song.mp3","cl":"mp3","refId":"audio_0","sr":1,"ks":{"o":{"a":0,"k":100,"ix":11},"r":{"a":0,"k":0,"ix":10},"p":{"a":0,"k":[540,960,0],"ix":2},"a":{"a":0,"k":[0.5,0.5,0],"ix":1},"s":{"a":0,"k":[100,100,100],"ix":6}},"ao":0,"ip":0,"op":521,"st":0,"bm":0}],"markers":[]}